-- phpMyAdmin SQL Dump
-- version 3.5.6
-- http://www.phpmyadmin.net
--
-- Host: localhost
-- Generation Time: Mar 04, 2013 at 03:49 PM
-- Server version: 5.1.67
-- PHP Version: 5.3.3

SET SQL_MODE="NO_AUTO_VALUE_ON_ZERO";
SET time_zone = "+00:00";


/*!40101 SET @OLD_CHARACTER_SET_CLIENT=@@CHARACTER_SET_CLIENT */;
/*!40101 SET @OLD_CHARACTER_SET_RESULTS=@@CHARACTER_SET_RESULTS */;
/*!40101 SET @OLD_COLLATION_CONNECTION=@@COLLATION_CONNECTION */;
/*!40101 SET NAMES utf8 */;

--
-- Database: `facebook`
--

-- --------------------------------------------------------

--
-- Table structure for table `users`
--

CREATE TABLE IF NOT EXISTS `users` (
  `id` int(9) unsigned NOT NULL AUTO_INCREMENT,
  `facebook_id` bigint(19) unsigned NOT NULL,
  `username` varchar(100) NOT NULL,
  `first_name` varchar(100) NOT NULL,
  `last_name` varchar(100) NOT NULL,
  `app_installed` tinyint(1) NOT NULL DEFAULT '0' COMMENT 'tell whether the user installed our app or not',
  PRIMARY KEY (`id`),
  UNIQUE KEY `facebook_id` (`facebook_id`)
) ENGINE=InnoDB  DEFAULT CHARSET=utf8 AUTO_INCREMENT=227 ;

--
-- Dumping data for table `users`
--

INSERT INTO `users` (`id`, `facebook_id`, `username`, `first_name`, `last_name`, `app_installed`) VALUES
(1, 609226042, 'AsemaneNili', 'Shirin', 'Nili', 1),
(2, 821319372, 'bahar.ymn', 'Ba', 'Har', 0),
(3, 100003709597588, 'farnoush.nili', 'Farnoush', 'Nili', 0),
(4, 100002314772832, 'amir.sharifahmadian', 'Amir', 'Sharifahmadian', 0),
(5, 100000122033095, 'xinia.nilipour', 'Xinia', 'Nilipour', 0),
(6, 201002194, 'shabnam.nilipour', 'Shabnam', 'Nilipour', 0),
(7, 100001113732348, 'shahi.nilipour', 'Shahi', 'Nilipour', 0),
(8, 531321332, 'homayoun.taba', 'Homayoun', 'Taba', 0),
(9, 1507802715, 'deyhimdeldar', 'Deyhim', 'Deldar', 0),
(10, 6017424, 'nnilipour', 'Nasseem', 'Nilipour', 0),
(11, 1034322602, 'amir.m.nilipour', 'Amir', 'Nilipour', 0),
(12, 100002681212593, 'mehrandokht.deldar', 'Mehrandokht', 'Deldar', 0),
(13, 1424515205, 'mitra.razavi.7', 'Mitra', 'Razavi', 0),
(14, 1680400206, 'mohammad.mortazavi.31', 'Mohammad', 'Mortazavi', 0),
(15, 527241967, 'saman.razavi', 'Saman', 'Razavi', 0),
(16, 7952441, 'leila.alicia', 'Leila', 'Nilipour', 0),
(17, 1137787954, 'amirfarhad.nili', 'AF', 'Nili', 0),
(18, 643450615, 'leila.parsi', 'Leila', 'Bano', 0),
(19, 1145465762, 'ghazal.mkh', 'Mkh', 'Ghazal', 0),
(20, 1824335370, 'payam.np', 'Payam', 'Nlpr', 0),
(21, 1009426901, 'farnoushz', 'Farnoush', 'Zohourian', 0),
(22, 100003620946882, 'fahimeh.sjd', 'Fahimeh', 'Sjd', 0),
(23, 1507393041, 'narges.mohamadi.16', 'Narges', 'Mohamadi', 0),
(24, 1265045500, 'soha.sarraf', 'Soha', 'Sarraf', 0),
(25, 100003156158941, 'toktam.ramezanifarkhani', 'Toktam', 'Ramezani Farkhani', 0),
(26, 100002308904382, 'm.gholami.ma', 'Mey', 'Gh', 0),
(27, 611359796, 'azita.frj', 'Azita', 'Frj', 0),
(28, 1426753975, 'Pegah.Fakhari', 'Pegah', 'Fakhari', 0),
(29, 601938618, 'forooz.tabatabaee', 'Forooz', 'Tabatabaee', 0),
(30, 706590899, 'sanni.rzv', 'Sanni', 'Rzv', 0),
(31, 791352747, 'neda.ha', 'Neda', 'Ha', 0),
(32, 100002356366328, 'marziye.raoufi', 'Marziye', 'Raoufi', 0),
(33, 1161253858, 'mahsa.golzar.7', 'Mahsa', 'Golzar', 0),
(34, 1503545352, 'fateme.roohian', 'Fateme', 'Roohian', 0),
(35, 1428069760, 'bita.damghanian', 'Bita', 'Damghanian', 0),
(36, 100002385600857, 'azam.ghafoorzadeh', 'Azam', 'Ghafoorzadeh', 0),
(37, 622490877, 'masome.heydaribehbahani', 'Masom', 'Hb', 0),
(38, 100001650120873, 'parisa.mortazavi.7', 'Parisa', 'Mortazavi', 0),
(39, 100000010683862, 'somayeh.moradi', 'Somayeh', 'Mo', 0),
(40, 1379752920, 'parastoo.amin', 'Parastoo', 'Amin', 0),
(41, 1255406353, 'elnaz.ha.1', 'Elnaz', 'Ha', 0),
(42, 624416932, 'bhzakeri', 'Bita H', 'Zakeri', 0),
(43, 1458699152, 'zahram2009', 'Zahra', 'Moghaddasi', 0),
(44, 747442271, '1ay1a', 'Layla', 'Pournajaf', 0),
(45, 1507290688, 'samira.tasharofi', 'Samira', 'Tasharofi', 0),
(46, 577004847, 'fatemeh.ka', 'Fatemeh', 'Ka', 0),
(47, 597934739, 'mona.hosseinkhani', 'Mona', 'Hosseinkhani', 0),
(48, 1020976036, 'saeedeh.a.m', 'Saeedeh', 'Al', 0),
(49, 1464430708, 'zzeinalkhani', 'Zeinab', 'Zeinalkhani', 0),
(50, 1192443820, 'paritch', 'Parichehr', 'Razmand', 0),
(51, 1674333531, 'tmsmiths', 'Tina', 'Smiths', 0),
(52, 100000197564548, 'sara.khaloee', 'Sara', 'Khaloee', 0),
(53, 610076220, 'asterisk000', 'Azadeh', 'Kadoo', 0),
(54, 1411805016, 'azade.sanjari', 'Azade', 'Sanjari', 0),
(55, 100002647892686, 'shahi.nilipour.9', 'Shahi', 'Nilipour', 0),
(56, 540921953, 'mynaye', 'Mina', 'Askari', 0),
(57, 1539092621, 'jila.javadi', 'Jila', 'Javadi', 0),
(58, 1517010552, 'ava.razavi', 'Ava', 'Razavi', 0),
(59, 1516082643, 'hoda.razavi', 'Hoda', 'Razavi', 0),
(60, 698986638, 'jennifer.terrell.10', 'Jennifer', 'Terrell', 0),
(61, 100001906957231, 'parasiaraz.amindavoodi', 'Parasi Araz', 'Amin Davoodi', 0),
(62, 1422451642, 'azadehnz', 'Azadeh', 'Nematzadeh', 0),
(63, 1260658289, 'malihe.borhani', 'Malihe', 'Borhani', 0),
(64, 652653652, 'giaruffo', 'Giancarlo', 'Ruffo', 0),
(65, 547714082, 'rui.wang.547', 'Rui', 'Wang', 0),
(66, 708478140, 'vee.ji.3', 'Vee', 'Ji', 0),
(67, 504546360, 'mohsen.jafari', 'Mohsen', 'Jafari', 0),
(68, 519005731, 'ali.khalfan', 'علي', 'خلفان', 0),
(69, 603264498, 'aida.huseynova.98', 'Aida', 'Huseynova', 0),
(70, 538121612, 'katayoun.mansouri', 'Katayoun', 'Mansouri', 0),
(71, 601001880, 'soniajahid', 'Sonia', 'Jahid', 0),
(72, 755278676, 'ali.ghazinejad', 'Ali', 'Ghazinejad', 0),
(73, 27301890, 'nwhusted', 'Nathaniel', 'Husted', 0),
(74, 100000226384453, 'darya.orlova.16', 'Darya', 'Orlova', 0),
(75, 605890479, 'abbas.shirinifard', 'Abbas', 'Shirinifard', 0),
(76, 1198131657, 'saeed.moaddeli', 'Saeed', 'Moaddeli', 0),
(77, 1279946562, 'ameneh.bostani', 'Ameneh', 'Bostani', 0),
(78, 100000307956844, 'majid.deldar.3', 'Majid', 'Deldar', 0),
(79, 1047888512, 'neda.kheiri.94', 'Neda', 'Kheiri', 0),
(80, 1057579942, 'meysam.khayatan', 'Meysam', 'Khayatan', 0),
(81, 100002605569772, 'farkhondeh.abedi', 'Farkhondeh', 'Abedi', 0),
(82, 1301730991, 'pegah.khosravian', 'Pegah', 'Khosravian', 0),
(83, 1829634879, 'fahimehn', 'Fahimeh', 'Nili', 0),
(84, 9215574, 'damon.yousefy', 'Damon', 'Yousefy', 0),
(85, 1380708889, 'sarvenaz.salehi', 'Sarvenaz', 'Salehi', 0),
(86, 714664452, 'ali.nematollahi.33', 'Ali', 'Nematollahi', 0),
(87, 626426353, 'jnahid', 'Tara', 'NJ', 0),
(88, 822714869, 'arasht2', 'Arash', 'Tarameshloo', 0),
(89, 1954834, 'houmansadr', 'Amir', 'Houmansadr', 0),
(90, 100000001355636, 'MalMal333', 'Malihe', 'Arefi', 0),
(91, 1031067524, 'battina.borhan', 'Battina', 'Borhan', 0),
(92, 1503805742, 'enjamshidi', 'EM', 'Jey', 0),
(93, 6850350, '', 'Shamim', 'Ali', 0),
(94, 1286208493, 'pantea.pishgahi', 'Pan', 'A', 0),
(95, 827595576, 'venkata.shravan', 'Venkata', 'Ponnam', 0),
(96, 616899138, 'zhou.xiaoyong', 'Xiaoyong', 'Zhou', 0),
(97, 1079316876, 'lzcarl', 'Zhou', 'Li', 0),
(98, 1039641983, 'zhdong', 'Zheng', 'Dong', 0),
(99, 6856916, 'DevinLiu', 'Devin', 'Liu', 0),
(100, 716550731, 'azar.sanjari', 'آذر', 'سنجرے', 0),
(101, 100000953114689, 'golnaz.roghai', 'Gol Naz', 'Roghaee', 0),
(102, 100002184049550, 'shivanili', 'شيوا', 'نيلي زاده', 0),
(103, 100000946128898, 'mahnaz.razavi.3', 'Mahnaz', 'Razavi', 0),
(104, 1467931412, 'shirin.mohaghegh.5', 'Shirin', 'Mohaghegh', 0),
(105, 689887186, 'bahador.bakhshi.52', 'Bahador', 'Bakhshi', 0),
(106, 1754744217, 'zohre.ghafari', 'Zohre', 'Ghafari', 0),
(107, 1047448680, 'shadi.IGLOO', 'Shadi', 'Nili', 0),
(108, 1225073885, 'farshid.nilizadeh', 'Farshid', 'Nilizadeh', 0),
(109, 1327862327, 'p.mavaddat', 'Parisa', 'Mavaddat', 0),
(110, 1135717643, 'mari.rzv', 'Mari', 'Rz', 0),
(111, 100001837188106, 'mina.razavi.520', 'Mina', 'Razavi', 0),
(112, 814079291, 'haleh.esfahani.7', 'Haleh', 'Esfahani', 0),
(113, 1128215015, 'zahra.rahimi.184', 'Zahra', 'Rahimi', 0),
(114, 100000170727585, 'arina.saberi', 'Arina', 'Saberi', 0),
(115, 1359499551, 'laleh.nilipour', 'Laleh', 'Nilipour', 0),
(116, 1199198620, 'bahareh.foorjani', 'Bahareh', 'Foorjani', 0),
(117, 1403415109, 'spirahesh', 'Sajjad', 'Irani', 0),
(118, 607711381, 'stlizard', 'Haa', 'Med', 0),
(119, 764624203, 'ali.zand', 'Ali', 'Zand', 0),
(120, 100001209324600, 'fatemeh.mohammadi.54', 'Fatemeh', 'Mohammadi', 0),
(121, 1179940410, 'mehrnaz.akhavi', 'Mehrnaz', 'Akhavi', 0),
(122, 1444427304, 'laaya.nilipour', 'Laaya', 'Nilipour', 0),
(123, 1348955011, 'sadeghian', 'Saeed', 'Sadeghian', 0),
(124, 100003844451710, 'amirfarzad.nilizadeh', 'Amir Farzad', 'Nilizadeh', 0),
(125, 1532568448, 'parivash.majlesi', 'Parivash', 'Majlesi', 0),
(126, 803305713, 'behshad.ghadimi', 'Behshad', 'Ghadimi', 0),
(127, 1431987561, 'zahra.ahmadi.77920', 'Zahra', 'Ahmadi', 0),
(128, 100000888184529, '', 'امیر', 'نیلی زاده', 0),
(129, 100004089161541, 'mina.karimi1958', 'Mina', 'Karimi', 0),
(130, 1097863789, 'fundacion.s.capaz', 'Fundacion', 'Capaz', 0),
(131, 100000433554641, 'arash.bakhshsoltan', 'Arash', 'Bakhshsoltan', 0),
(132, 100004432812670, 'feri.nilipoor', 'Feri', 'Nilipoor', 0),
(133, 1289354462, 'rezvan.zafari', 'Rezvan', 'Zafari', 0),
(134, 100002603897131, 'nozhat.irani', 'Nozhat', 'Irani', 0),
(135, 1402531119, 'zahra.yavari.3', 'Zahra', 'Yavari', 0),
(136, 1279644220, 'nader.nilizadeh', 'Nader', 'Nilizadeh', 0),
(137, 1134352275, 'snehal.patil.735', 'Snehal', 'Patil', 0),
(138, 1247352595, 'negar.ghochaghi.3', 'Negar', 'Ghochaghi', 0),
(139, 590014226, 'jasleen9', 'Jasleen', 'Kaur', 0),
(140, 1287136349, 'hadis.karimi', 'Hadis', 'Karimi', 0),
(141, 662423415, 'aty.nice', 'Atty', 'Nice', 0),
(142, 1069186688, 'shamim.zn', 'Shamim', 'Zohourian', 0),
(143, 1730340512, 'arash.khodadadi', 'Arash', 'Khodadadi', 0),
(144, 100001875248971, '', 'Hoda', 'Dehghan', 0),
(145, 1075534497, 'gelare.yamini', 'Gelare', 'Yamini', 0),
(146, 46002628, 'kaveh.ekbia', 'Kaveh', 'Ekbia', 0),
(147, 1364844455, 'monir.jahangiri', 'Monir', 'Jahangiri', 0),
(148, 1214821113, 'soheila.yaghoobi', 'Soheila', 'Yaghoobi', 0),
(149, 100003766235165, 'sedigheh.ahmadi.92', 'Sedigheh', 'Ahmadi', 0),
(150, 845095397, 'shanshan.chen220', 'Shanshan', 'Chen', 0),
(151, 861845511, 'saber.hadzad', 'Saber', 'Hadzad', 0),
(152, 100002537239499, 'masih.tabatabaei', 'Masih', 'Tabatabaei', 0),
(153, 1333777366, 'lajello', 'Luca', 'Aiello', 0),
(154, 1084867740, 'farzaneh.ab', 'Farzaneh', 'Ab', 0),
(155, 6831493, 'fil.menczer', 'Fil', 'Menczer', 0),
(156, 1033317677, 'faceb.z', 'Za Ra', 'JB', 0),
(157, 1012233891, 'kate.smuckeroates', 'Kate', 'Smucker-Oates', 0),
(158, 1956069, 'zonouz', 'Saman', 'Zonouz', 0),
(159, 8302397, 'marcie.deff', 'Marcie', 'Deff', 0),
(160, 158801130, 'gregnorc', 'Greg', 'Norcie', 0),
(161, 100000317933362, 'zhipeng.tian', 'Zhipeng', 'Tian', 1),
(162, 100000487880392, 'mahin.daneshvar.77', 'Mahin', 'Daneshvar', 0),
(163, 100001364895094, 'mohammad.jamshidi.520', 'Mohammad', 'Jamshidi', 0),
(164, 182257618489005, 'shekare.lahzeha', '', '', 0),
(165, 407917805959749, 'Tanzaaneh', '', '', 0),
(166, 37616021, 'rzakeri1', 'Rashid', 'Zakeri', 0),
(167, 335600737, 'lilian.wengweng', 'Lilian', 'Weng', 0),
(168, 36617662, 'sheila6845', 'Sheila', 'Emami', 0),
(169, 559433765, 'zrzahid', 'Zahid', 'Rahman', 0),
(170, 100001057832388, 'marmar.emami.1', 'Marmar', 'Emami', 0),
(171, 100004872912189, 'laaya.nilipour.3', 'Laaya', 'Nilipour', 0),
(172, 136485049722164, 'TheRealYoungIsaac', '', '', 0),
(173, 607648950, 'yongyeol', 'Yong-Yeol', 'Ahn', 0),
(174, 100002519333004, 'mohammadreza.nilipour', 'Mohammad Reza', 'Nilipour', 0),
(175, 512612, 'apukapadia', 'Apu', 'Kapadia', 0),
(176, 100004103717803, 'mike.song.106', 'Mike', 'Song', 0),
(177, 100005276949652, 'gavin.field.524', 'Gavin', 'Field', 0),
(178, 100000159938386, 'zhangwan', 'Wanyu', 'Zhang', 0),
(179, 1835981832, 'JasonWang0527', 'Jason', 'Wang', 0),
(180, 100000150867721, 'di.zhang.12327', 'Di', 'Zhang', 0),
(181, 100002013547241, 'tian.wang.1420', 'Tian', 'Wang', 0),
(182, 1401952249, 'yuzhouwu', 'Joey', 'Wu', 0),
(183, 1610737147, 'justin.liu.9026', 'Justin', 'Liu', 0),
(184, 100000158443814, 'constance.zhou.39', 'Mian', 'Zhou', 0),
(185, 100002837701559, 'gabriel.zhou.33', 'Gabriel', 'Zhou', 0),
(186, 100002776868149, 'qun.sun.52', 'Qun', 'Sun', 0),
(187, 1793204489, 'shaowen.ren.9', 'Shaowen', 'Ren', 0),
(188, 100002810173854, '', 'Fei', 'Wang', 0),
(189, 100003273451720, 'jie.he.547', 'Jie', 'He', 0),
(190, 100005034131807, '', 'Hydra', 'Sainthood', 0),
(191, 1821806286, 'troy.jiang.3', 'Troy', 'Jiang', 0),
(192, 100004296391024, 'jenny.lin.75491856', 'Jenny', 'Lin', 0),
(193, 100001543738517, 'albert.chou.986', 'Albert', 'Chou', 0),
(194, 100000223664192, 'yuting.lin.14019', 'Yuting', 'Lin', 0),
(195, 100003732048240, 'zuoan1002', 'An', 'Zuo', 0),
(196, 100001883622559, 'xuecheng.zhang.98', 'Xuecheng', 'Zhang', 0),
(197, 100003307296945, 'qingyue.xu', 'Qingyue', 'Xu', 0),
(198, 100001549733920, 'bin.li.545', 'Bin', 'Li', 0),
(199, 767115628, 'devonsherwood', 'Devon', 'Sherwood', 0),
(200, 1164481373, 'jay.warrick', 'Jay', 'Warrick', 0),
(201, 530969879, 'SainthoodJ', 'Jimm', 'Sainthood', 0),
(202, 1190196657, 'kelvin.fan.35', 'Kelvin', 'Fan', 0),
(203, 100001446906765, 'john.duan.52', 'John', 'Duan', 0),
(204, 100001449745260, 'xchen913', 'Cindy', 'Chen', 0),
(205, 804329270, 'weijian.zhang.3', 'WeiJian', 'Zhang', 0),
(206, 100001635753574, 'iu.dreamcorps', 'IU', 'DreamCorps', 0),
(207, 100002770021498, 'yi.wang.14', 'Yi', 'Wang', 0),
(208, 100002686430377, '', '晓丹', '李', 0),
(209, 100002230347916, 'iub.asu', 'Iub', 'Asu', 0),
(210, 100000329260403, 'wilson.wang.58', 'Wilson', 'Wang', 0),
(211, 100001226168262, 'jiaqi.liu.94', 'JQ', 'Liu', 0),
(212, 1456076547, 'guangchen.ruan', 'Guangchen', 'Ruan', 0),
(213, 1495089241, 'jiatao.liu', 'Jiatao', 'Liu', 0),
(214, 100000272979787, 'guowei.mo', 'Guowei', 'Mo', 0),
(215, 1329345452, 'dadazyx', 'Da', 'Hong', 0),
(216, 655343987, 'rita.x.hu', 'Rita', 'Hu', 0),
(217, 100000432970793, 'leyan.huang', 'Leyan', 'Huang', 0),
(218, 100000000324435, 'hao.wang.54390', 'Hao', 'Wang', 0),
(219, 100000162346763, 'xiangyu.wei.96', 'Xiangyu', 'Wei', 0),
(220, 100005092416281, 'emre.dolanbay.336', 'Emre', 'Inci', 0),
(221, 100000644144854, 'cam.bakan', 'Mazlum', 'Çelik', 0),
(222, 100001877511252, 'umut.ve.s', 'Umut', 'Gültepe', 0),
(223, 502500281, 'wantingmusic', 'Wanting', 'Qu', 0),
(224, 4, 'zuck', 'Mark', 'Zuckerberg', 0),
(225, 703501997, 'sy', 'Shawn', 'Yue', 0),
(226, 100002791251602, 'tiantian.guan', 'Tiantian', 'Guan', 0);

-- --------------------------------------------------------

--
-- Table structure for table `user_bio`
--

CREATE TABLE IF NOT EXISTS `user_bio` (
  `user_id` int(9) unsigned NOT NULL,
  `gender` varchar(6) NOT NULL,
  `birthday` date NOT NULL,
  `email` varchar(100) NOT NULL,
  `location` varchar(100) NOT NULL,
  `hometown` varchar(100) NOT NULL,
  `language` varchar(100) NOT NULL,
  `politics` varchar(100) NOT NULL,
  `religion` varchar(100) NOT NULL,
  `website` varchar(255) NOT NULL,
  PRIMARY KEY (`user_id`)
) ENGINE=InnoDB DEFAULT CHARSET=utf8;

--
-- Dumping data for table `user_bio`
--

INSERT INTO `user_bio` (`user_id`, `gender`, `birthday`, `email`, `location`, `hometown`, `language`, `politics`, `religion`, `website`) VALUES
(1, 'female', '1982-07-22', 'shirin_nili@yahoo.com', '', '', '', '', '', ''),
(161, 'male', '1990-09-05', 'zhiptian@gmail.com', 'Bloomington, Indiana', 'Tianjin, China', 'Mandarin Chinese, English', '', '', '');

-- --------------------------------------------------------

--
-- Table structure for table `user_education_history`
--

CREATE TABLE IF NOT EXISTS `user_education_history` (
  `user_id` int(9) unsigned NOT NULL,
  `school` varchar(255) NOT NULL,
  `year` year(4) NOT NULL,
  `type` varchar(100) NOT NULL,
  KEY `use_id` (`user_id`)
) ENGINE=InnoDB DEFAULT CHARSET=utf8;

--
-- Dumping data for table `user_education_history`
--

INSERT INTO `user_education_history` (`user_id`, `school`, `year`, `type`) VALUES
(1, 'محبوبه دانش', 1997, 'High School'),
(1, 'Indiana University', 2009, 'Graduate School'),
(161, '天津市耀华中学  （yaohua  high school  tianjin china）', 2006, 'High School'),
(161, 'Tianjin NO.43 high school', 2009, 'High School'),
(161, 'Indiana University', 2012, 'College');

-- --------------------------------------------------------

--
-- Table structure for table `user_family`
--

CREATE TABLE IF NOT EXISTS `user_family` (
  `user1_id` int(9) unsigned NOT NULL,
  `user2_id` int(9) unsigned NOT NULL,
  `relationship` varchar(100) NOT NULL,
  KEY `user1_id` (`user1_id`,`user2_id`),
  KEY `user2_id` (`user2_id`)
) ENGINE=InnoDB DEFAULT CHARSET=utf8;

--
-- Dumping data for table `user_family`
--

INSERT INTO `user_family` (`user1_id`, `user2_id`, `relationship`) VALUES
(1, 2, 'cousin'),
(1, 3, 'sister'),
(1, 4, 'cousin'),
(1, 5, 'aunt'),
(1, 6, 'cousin'),
(1, 7, 'aunt'),
(1, 8, 'uncle'),
(1, 9, 'sister-in-law'),
(1, 10, 'cousin'),
(1, 11, 'uncle'),
(1, 12, 'sister-in-law'),
(1, 13, 'cousin'),
(1, 14, 'cousin'),
(1, 15, 'cousin'),
(1, 16, 'cousin'),
(1, 17, 'brother');

-- --------------------------------------------------------

--
-- Table structure for table `user_friendlists`
--

CREATE TABLE IF NOT EXISTS `user_friendlists` (
  `list_id` int(9) unsigned NOT NULL AUTO_INCREMENT,
  `list_fb_id` bigint(19) unsigned NOT NULL,
  `user_id` int(9) unsigned NOT NULL,
  `name` varchar(100) NOT NULL,
  `type` varchar(100) NOT NULL,
  PRIMARY KEY (`list_id`),
  KEY `list_fb_id` (`list_fb_id`),
  KEY `user_id` (`user_id`)
) ENGINE=InnoDB DEFAULT CHARSET=utf8 AUTO_INCREMENT=1 ;

-- --------------------------------------------------------

--
-- Table structure for table `user_friendlist_members`
--

CREATE TABLE IF NOT EXISTS `user_friendlist_members` (
  `list_id` int(9) unsigned NOT NULL,
  `member_id` int(9) unsigned NOT NULL,
  KEY `list_id` (`list_id`,`member_id`),
  KEY `member_id` (`member_id`)
) ENGINE=InnoDB DEFAULT CHARSET=utf8;

-- --------------------------------------------------------

--
-- Table structure for table `user_likes`
--

CREATE TABLE IF NOT EXISTS `user_likes` (
  `like_id` int(9) unsigned NOT NULL AUTO_INCREMENT,
  `category` varchar(100) NOT NULL,
  `name` varchar(100) NOT NULL,
  `user_id` int(9) unsigned NOT NULL,
  `created_time` datetime NOT NULL,
  PRIMARY KEY (`like_id`),
  KEY `user_id` (`user_id`)
) ENGINE=InnoDB  DEFAULT CHARSET=utf8 AUTO_INCREMENT=43 ;

--
-- Dumping data for table `user_likes`
--

INSERT INTO `user_likes` (`like_id`, `category`, `name`, `user_id`, `created_time`) VALUES
(1, 'Musician/band', 'Hooman Khalatbari /هومن خلعتبری (Fans Page)', 1, '2013-02-16 16:13:20'),
(2, 'Tv show', 'Googoosh Music Academy', 1, '2013-02-14 18:01:15'),
(3, 'University', 'Indiana University', 1, '2013-02-03 09:05:25'),
(4, 'Arts/humanities website', 'Humans of New York', 1, '2013-02-02 22:21:41'),
(5, 'School sports team', 'Indiana University Athletics', 1, '2013-02-02 21:56:15'),
(6, 'Kitchen/cooking', 'آشپزی ایرانی', 1, '2013-01-30 12:20:52'),
(7, 'Magazine', 'Bukhara Magazine مجله بخارا', 1, '2013-01-18 16:19:53'),
(8, 'Community', 'Persian Cuisine', 1, '2012-11-14 15:34:49'),
(9, 'Non-profit organization', 'Grace Hopper Celebration of Women in Computing', 1, '2012-07-27 00:44:12'),
(10, 'Website', 'TED', 1, '2012-07-01 20:50:51'),
(11, 'Website', 'Truthy at Indiana', 1, '2012-04-17 17:47:03'),
(12, 'Computers/technology', 'IEEE Computer Society', 1, '2012-04-03 16:14:58'),
(13, 'Non-governmental organization (ngo)', 'انجمن سندرم داون آسمان نیلی', 1, '2012-03-21 10:32:12'),
(14, 'Community', 'English Idioms', 1, '2011-11-23 15:38:56'),
(15, 'Actor/director', 'Leila Hatami', 1, '2011-11-21 20:29:52'),
(16, 'Home decor', 'طراوت یک خانه', 1, '2011-11-15 13:46:39'),
(17, 'University', 'IU School of Informatics and Computing, Bloomington', 1, '2011-11-15 13:12:01'),
(18, 'Local business', 'Autumn Grove Photography', 1, '2011-11-14 00:44:17'),
(19, 'Tv channel', 'Manoto TV', 1, '2011-11-03 00:36:03'),
(20, 'Community', '+ مثبت اندیشان', 1, '2011-10-23 00:12:30'),
(21, 'Teacher', 'بر بال آرامش', 1, '2011-10-23 00:09:17'),
(22, 'Clothing', 'Mahtab & Azin', 1, '2011-10-06 22:49:54'),
(23, 'Community', 'گپ انگلیسی English TALK', 1, '2011-09-06 15:36:55'),
(24, 'Book', 'انگلیسی برای فارسی زبانان', 1, '2011-06-12 10:30:33'),
(25, 'Sports/recreation/activities', 'Indiana University Outdoor Adventures', 1, '2011-05-13 22:05:53'),
(26, 'Education', 'Graduate Studies: IU School of Informatics and Computing', 1, '2011-04-28 01:04:13'),
(27, 'Book', 'جملات کاربردی زبان انگلیسی', 1, '2011-04-23 15:52:02'),
(28, 'Community', 'دانلود تازه ترین فیلم های روز دنیا', 1, '2011-03-16 22:59:18'),
(29, 'Movie', 'فیلم هایی که باید ببینید', 1, '2011-03-16 22:25:04'),
(30, 'Chef', 'غذاهای متنوع', 1, '2011-03-13 19:04:31'),
(31, 'Local business', 'Security Matters', 1, '2011-01-07 18:06:59'),
(32, 'Musician/band', 'Official Mohsen Namjoo', 1, '2011-01-07 15:16:46'),
(33, 'Radio station', 'Radio Pasfarda', 1, '2010-12-01 12:54:28'),
(34, 'Attractions/things to do', 'Isfahan', 1, '2010-09-15 23:08:01'),
(35, 'Sports/recreation/activities', 'Indiana University Campus Recreational Sports', 1, '2010-09-15 11:04:17'),
(36, 'University', 'Amirkabir University of Technology (Tehran polytechnic)', 1, '2010-01-11 11:18:58'),
(37, 'Non-profit organization', 'Lotus World Music & Arts Festival', 1, '2009-09-26 13:56:41'),
(38, 'Games/toys', 'Diablo', 161, '2011-11-17 13:18:47'),
(39, 'Games/toys', 'Cut the Rope', 161, '2011-07-25 12:28:01'),
(40, 'Community', 'WeiPhoneBBS', 161, '2011-05-02 01:16:37'),
(41, 'Entertainer', '陳建州﹏黑人老大', 161, '2010-02-19 01:45:08'),
(42, 'App page', 'Real Racing', 161, '2013-03-02 22:19:40');

-- --------------------------------------------------------

--
-- Table structure for table `user_locations`
--

CREATE TABLE IF NOT EXISTS `user_locations` (
  `user_id` int(9) unsigned NOT NULL,
  `created_time` datetime NOT NULL,
  `location_name` varchar(100) NOT NULL,
  `street` varchar(100) NOT NULL,
  `city` varchar(100) NOT NULL,
  `state` varchar(100) NOT NULL,
  `country` varchar(100) NOT NULL,
  `zip` int(10) unsigned NOT NULL,
  `latitude` double NOT NULL,
  `longitude` double NOT NULL,
  KEY `user_id` (`user_id`)
) ENGINE=InnoDB DEFAULT CHARSET=utf8;

--
-- Dumping data for table `user_locations`
--

INSERT INTO `user_locations` (`user_id`, `created_time`, `location_name`, `street`, `city`, `state`, `country`, `zip`, `latitude`, `longitude`) VALUES
(1, '2013-01-03 03:00:34', 'Austin, Texas', '', '', '', '', 0, 30.2672, -97.7639),
(1, '2013-01-03 03:00:30', 'Austin, Texas', '', '', '', '', 0, 30.2672, -97.7639),
(1, '2013-01-03 03:00:27', 'Austin, Texas', '', '', '', '', 0, 30.2672, -97.7639),
(1, '2013-01-03 03:00:23', 'Austin, Texas', '', '', '', '', 0, 30.2672, -97.7639),
(1, '2013-01-03 03:00:20', 'Austin, Texas', '', '', '', '', 0, 30.2672, -97.7639),
(1, '2013-01-03 02:59:40', 'Austin, Texas', '', '', '', '', 0, 30.2672, -97.7639),
(1, '2013-01-03 02:59:35', 'Austin, Texas', '', '', '', '', 0, 30.2672, -97.7639),
(1, '2013-01-03 02:59:16', 'Austin, Texas', '', '', '', '', 0, 30.2672, -97.7639),
(1, '2013-01-03 02:59:12', 'Austin, Texas', '', '', '', '', 0, 30.2672, -97.7639),
(1, '2013-01-03 02:59:11', 'Austin, Texas', '', '', '', '', 0, 30.2672, -97.7639),
(1, '2013-01-03 02:59:09', 'Austin, Texas', '', '', '', '', 0, 30.2672, -97.7639),
(1, '2012-04-02 14:46:43', 'Lake Monroe', '', 'Bloomington', 'IN', 'United States', 47401, 39.165178, -86.499831),
(1, '2012-04-02 14:46:23', 'Lake Monroe', '', 'Bloomington', 'IN', 'United States', 47401, 39.165178, -86.499831),
(1, '2011-03-29 01:08:47', 'Bloomington, Indiana', '', '', '', '', 0, 39.1653, -86.5264),
(1, '2011-03-17 13:56:14', 'Maastricht, Netherlands', '', '', '', '', 0, 50.85, 5.68333),
(1, '2011-01-01 09:26:11', 'Bloomington, Indiana', '', '', '', '', 0, 39.1653, -86.5264),
(1, '2011-01-01 09:20:20', 'Bloomington, Indiana', '', '', '', '', 0, 39.1653, -86.5264),
(161, '2013-02-19 19:09:41', 'Visit Gatlinburg', '811 East Parkway', 'Gatlinburg', 'TN', 'United States', 37738, 35.724642115713, -83.510095273969),
(161, '2013-02-19 19:09:40', 'Visit Gatlinburg', '811 East Parkway', 'Gatlinburg', 'TN', 'United States', 37738, 35.724642115713, -83.510095273969),
(161, '2013-02-19 19:09:37', 'Visit Gatlinburg', '811 East Parkway', 'Gatlinburg', 'TN', 'United States', 37738, 35.724642115713, -83.510095273969),
(161, '2013-02-19 19:09:36', 'Visit Gatlinburg', '811 East Parkway', 'Gatlinburg', 'TN', 'United States', 37738, 35.724642115713, -83.510095273969),
(161, '2013-02-19 19:09:33', 'Visit Gatlinburg', '811 East Parkway', 'Gatlinburg', 'TN', 'United States', 37738, 35.724642115713, -83.510095273969),
(161, '2013-02-19 19:09:31', 'Visit Gatlinburg', '811 East Parkway', 'Gatlinburg', 'TN', 'United States', 37738, 35.724642115713, -83.510095273969),
(161, '2013-02-19 19:09:29', 'Visit Gatlinburg', '811 East Parkway', 'Gatlinburg', 'TN', 'United States', 37738, 35.724642115713, -83.510095273969),
(161, '2013-02-19 19:09:26', 'Visit Gatlinburg', '811 East Parkway', 'Gatlinburg', 'TN', 'United States', 37738, 35.724642115713, -83.510095273969),
(161, '2013-02-19 19:09:25', 'Visit Gatlinburg', '811 East Parkway', 'Gatlinburg', 'TN', 'United States', 37738, 35.724642115713, -83.510095273969),
(161, '2013-02-19 19:09:23', 'Visit Gatlinburg', '811 East Parkway', 'Gatlinburg', 'TN', 'United States', 37738, 35.724642115713, -83.510095273969),
(161, '2013-02-19 19:09:19', 'Visit Gatlinburg', '811 East Parkway', 'Gatlinburg', 'TN', 'United States', 37738, 35.724642115713, -83.510095273969),
(161, '2013-02-19 19:09:17', 'Visit Gatlinburg', '811 East Parkway', 'Gatlinburg', 'TN', 'United States', 37738, 35.724642115713, -83.510095273969),
(161, '2013-02-19 19:09:15', 'Visit Gatlinburg', '811 East Parkway', 'Gatlinburg', 'TN', 'United States', 37738, 35.724642115713, -83.510095273969),
(161, '2013-02-19 19:09:10', 'Visit Gatlinburg', '811 East Parkway', 'Gatlinburg', 'TN', 'United States', 37738, 35.724642115713, -83.510095273969),
(161, '2013-02-19 19:09:09', 'Visit Gatlinburg', '811 East Parkway', 'Gatlinburg', 'TN', 'United States', 37738, 35.724642115713, -83.510095273969),
(161, '2013-02-19 19:03:47', 'Daytona Beach, Florida', '', '', '', '', 0, 29.2073, -81.0379),
(161, '2013-02-19 19:03:45', 'Daytona Beach, Florida', '', '', '', '', 0, 29.2073, -81.0379),
(161, '2013-02-19 19:03:43', 'Daytona Beach, Florida', '', '', '', '', 0, 29.2073, -81.0379),
(161, '2013-02-19 19:03:38', 'Daytona Beach, Florida', '', '', '', '', 0, 29.2073, -81.0379),
(161, '2013-02-19 19:03:37', 'Daytona Beach, Florida', '', '', '', '', 0, 29.2073, -81.0379),
(161, '2013-02-19 19:03:35', 'Daytona Beach, Florida', '', '', '', '', 0, 29.2073, -81.0379),
(161, '2013-02-19 19:03:32', 'Daytona Beach, Florida', '', '', '', '', 0, 29.2073, -81.0379),
(161, '2013-02-19 19:03:29', 'Daytona Beach, Florida', '', '', '', '', 0, 29.2073, -81.0379),
(161, '2013-02-19 19:03:27', 'Daytona Beach, Florida', '', '', '', '', 0, 29.2073, -81.0379),
(161, '2013-02-19 16:49:04', 'Bloomington, Indiana', '', '', '', '', 0, 39.1653, -86.5264);

-- --------------------------------------------------------

--
-- Table structure for table `user_photos`
--

CREATE TABLE IF NOT EXISTS `user_photos` (
  `photo_id` int(9) unsigned NOT NULL AUTO_INCREMENT,
  `photo_fb_id` bigint(19) unsigned NOT NULL,
  `user_id` int(9) unsigned NOT NULL,
  `created_time` datetime NOT NULL,
  `place` varchar(100) NOT NULL,
  PRIMARY KEY (`photo_id`),
  UNIQUE KEY `photo_fb_id` (`photo_fb_id`),
  KEY `user_id` (`user_id`)
) ENGINE=InnoDB  DEFAULT CHARSET=utf8 AUTO_INCREMENT=223 ;

--
-- Dumping data for table `user_photos`
--

INSERT INTO `user_photos` (`photo_id`, `photo_fb_id`, `user_id`, `created_time`, `place`) VALUES
(1, 10151367857161043, 1, '2013-01-02 21:59:11', 'Austin, Texas'),
(2, 10151367857126043, 1, '2013-01-02 21:59:09', 'Austin, Texas'),
(3, 10151367857181043, 1, '2013-01-02 21:59:12', 'Austin, Texas'),
(4, 10151367857236043, 1, '2013-01-02 21:59:16', 'Austin, Texas'),
(5, 10151367857576043, 1, '2013-01-02 21:59:40', 'Austin, Texas'),
(6, 10151367857516043, 1, '2013-01-02 21:59:35', 'Austin, Texas'),
(7, 10151367857601043, 1, '2013-01-02 21:59:41', ''),
(8, 10151367857671043, 1, '2013-01-02 21:59:44', ''),
(9, 10151367857831043, 1, '2013-01-02 21:59:54', ''),
(10, 10151367857766043, 1, '2013-01-02 21:59:51', ''),
(11, 10151367857941043, 1, '2013-01-02 21:59:57', ''),
(12, 10151367858246043, 1, '2013-01-02 22:00:17', ''),
(13, 10151367858291043, 1, '2013-01-02 22:00:20', 'Austin, Texas'),
(14, 10151367858281043, 1, '2013-01-02 22:00:20', 'Austin, Texas'),
(15, 10151367858376043, 1, '2013-01-02 22:00:23', 'Austin, Texas'),
(16, 10151367858426043, 1, '2013-01-02 22:00:27', 'Austin, Texas'),
(17, 10151367858436043, 1, '2013-01-02 22:00:27', 'Austin, Texas'),
(18, 10151367858561043, 1, '2013-01-02 22:00:30', 'Austin, Texas'),
(19, 10151367858636043, 1, '2013-01-02 22:00:34', 'Austin, Texas'),
(20, 10151355370571043, 1, '2012-12-26 11:27:00', ''),
(21, 10151236126756043, 1, '2012-10-08 13:01:16', ''),
(22, 10151167731861043, 1, '2012-08-24 01:41:55', ''),
(23, 10150816854321043, 1, '2012-04-22 00:14:28', ''),
(24, 10150731523036043, 1, '2012-03-18 22:13:02', ''),
(25, 10150518840671043, 1, '2011-12-14 00:18:00', ''),
(26, 10150463187841043, 1, '2011-11-18 20:58:01', ''),
(27, 10150395021931043, 1, '2011-10-02 00:05:19', ''),
(28, 10150345628026043, 1, '2011-08-20 16:45:37', ''),
(29, 10150327707581043, 1, '2011-07-31 02:24:42', ''),
(30, 10150266841681043, 1, '2011-06-05 01:53:31', ''),
(31, 10150216859891043, 1, '2011-04-16 01:29:00', ''),
(32, 10150145814816043, 1, '2011-03-04 02:06:15', ''),
(33, 10150127548516043, 1, '2011-02-04 21:18:10', ''),
(34, 10150093361491043, 1, '2010-12-04 19:11:36', ''),
(35, 476390921042, 1, '2010-10-09 10:57:49', ''),
(36, 442559951042, 1, '2010-07-14 11:03:34', ''),
(37, 206042956042, 1, '2009-11-22 20:30:14', ''),
(38, 167688301042, 1, '2009-10-04 15:03:40', ''),
(39, 106430616042, 1, '2009-06-08 18:33:57', ''),
(40, 10151104832916043, 1, '2012-07-26 00:32:04', ''),
(41, 10151104833056043, 1, '2012-07-26 00:32:07', ''),
(42, 10151104833171043, 1, '2012-07-26 00:32:10', ''),
(43, 10151104833266043, 1, '2012-07-26 00:32:13', ''),
(44, 10151104833406043, 1, '2012-07-26 00:32:17', ''),
(45, 10151104833536043, 1, '2012-07-26 00:32:22', ''),
(46, 10151104833646043, 1, '2012-07-26 00:32:25', ''),
(47, 10151104833786043, 1, '2012-07-26 00:32:29', ''),
(48, 10151104833976043, 1, '2012-07-26 00:32:32', ''),
(49, 10151104834096043, 1, '2012-07-26 00:32:36', ''),
(50, 10151104834226043, 1, '2012-07-26 00:32:39', ''),
(51, 10151104834316043, 1, '2012-07-26 00:32:43', ''),
(52, 10151104834391043, 1, '2012-07-26 00:32:46', ''),
(53, 10151104834556043, 1, '2012-07-26 00:32:50', ''),
(54, 10151104834641043, 1, '2012-07-26 00:32:54', ''),
(55, 10151104834856043, 1, '2012-07-26 00:33:03', ''),
(56, 10151104834896043, 1, '2012-07-26 00:33:06', ''),
(57, 10151104835061043, 1, '2012-07-26 00:33:12', ''),
(58, 10151104835141043, 1, '2012-07-26 00:33:14', ''),
(59, 10151104835211043, 1, '2012-07-26 00:33:17', ''),
(60, 10151104835436043, 1, '2012-07-26 00:33:23', ''),
(61, 10151104835591043, 1, '2012-07-26 00:33:28', ''),
(62, 10151104835716043, 1, '2012-07-26 00:33:33', ''),
(63, 10151104835996043, 1, '2012-07-26 00:33:42', ''),
(64, 10151105588596043, 1, '2012-07-26 10:48:50', ''),
(65, 10151105588721043, 1, '2012-07-26 10:48:54', ''),
(66, 10151105588911043, 1, '2012-07-26 10:49:00', ''),
(67, 10151105589046043, 1, '2012-07-26 10:49:04', ''),
(68, 10151105589216043, 1, '2012-07-26 10:49:09', ''),
(69, 10151105589376043, 1, '2012-07-26 10:49:14', ''),
(70, 10150798332356043, 1, '2012-04-17 23:51:13', ''),
(71, 10150798296006043, 1, '2012-04-17 23:28:08', ''),
(72, 10150798296441043, 1, '2012-04-17 23:28:24', ''),
(73, 10150798296676043, 1, '2012-04-17 23:28:33', ''),
(74, 10150798332671043, 1, '2012-04-17 23:51:23', ''),
(75, 10150798332561043, 1, '2012-04-17 23:51:18', ''),
(76, 10150798297146043, 1, '2012-04-17 23:28:51', ''),
(77, 10150798297376043, 1, '2012-04-17 23:28:59', ''),
(78, 10150798296876043, 1, '2012-04-17 23:28:40', ''),
(79, 10150745114001043, 1, '2012-03-24 22:30:57', ''),
(80, 10150745097661043, 1, '2012-03-24 22:18:21', ''),
(81, 10150745097751043, 1, '2012-03-24 22:18:27', ''),
(82, 10150745097851043, 1, '2012-03-24 22:18:34', ''),
(83, 10150745097986043, 1, '2012-03-24 22:18:41', ''),
(84, 10150745098101043, 1, '2012-03-24 22:18:46', ''),
(85, 10150745098531043, 1, '2012-03-24 22:18:58', ''),
(86, 10150745098681043, 1, '2012-03-24 22:19:04', ''),
(87, 10150745098891043, 1, '2012-03-24 22:19:10', ''),
(88, 10150745091111043, 1, '2012-03-24 22:14:03', ''),
(89, 10150745092391043, 1, '2012-03-24 22:14:49', ''),
(90, 10150745092756043, 1, '2012-03-24 22:15:06', ''),
(91, 10150745099001043, 1, '2012-03-24 22:19:15', ''),
(92, 10150745099086043, 1, '2012-03-24 22:19:20', ''),
(93, 10150745099851043, 1, '2012-03-24 22:19:47', ''),
(94, 10150745099961043, 1, '2012-03-24 22:19:53', ''),
(95, 10150745100816043, 1, '2012-03-24 22:20:37', ''),
(96, 10150745100891043, 1, '2012-03-24 22:20:42', ''),
(97, 10150745101016043, 1, '2012-03-24 22:20:48', ''),
(98, 10150745101166043, 1, '2012-03-24 22:20:54', ''),
(99, 10150745101801043, 1, '2012-03-24 22:21:16', ''),
(100, 10150745101906043, 1, '2012-03-24 22:21:22', ''),
(101, 10150745102206043, 1, '2012-03-24 22:21:34', ''),
(102, 10150745102316043, 1, '2012-03-24 22:21:40', ''),
(103, 10150745102381043, 1, '2012-03-24 22:21:45', ''),
(104, 10150654924251043, 1, '2012-02-12 13:33:31', ''),
(105, 10150550955656043, 1, '2011-12-30 14:44:57', ''),
(106, 10150550956031043, 1, '2011-12-30 14:45:10', ''),
(107, 10150550951881043, 1, '2011-12-30 14:42:51', ''),
(108, 10150550952366043, 1, '2011-12-30 14:43:08', ''),
(109, 10150550953166043, 1, '2011-12-30 14:43:38', ''),
(110, 10150550953266043, 1, '2011-12-30 14:43:41', ''),
(111, 10150550953921043, 1, '2011-12-30 14:44:04', ''),
(112, 10150550954036043, 1, '2011-12-30 14:44:08', ''),
(113, 10150550954341043, 1, '2011-12-30 14:44:17', ''),
(114, 10150550954936043, 1, '2011-12-30 14:44:37', ''),
(115, 10150536763811043, 1, '2011-12-23 10:45:29', ''),
(116, 10150536746316043, 1, '2011-12-23 10:35:20', ''),
(117, 10150536746771043, 1, '2011-12-23 10:35:34', ''),
(118, 10150536747151043, 1, '2011-12-23 10:35:45', ''),
(119, 10150536747686043, 1, '2011-12-23 10:35:59', ''),
(120, 10150367927556043, 1, '2011-09-11 19:19:34', ''),
(121, 10150367927696043, 1, '2011-09-11 19:19:44', ''),
(122, 10150367928726043, 1, '2011-09-11 19:21:05', ''),
(123, 10150367928916043, 1, '2011-09-11 19:21:14', ''),
(124, 10150367929191043, 1, '2011-09-11 19:21:34', ''),
(125, 10150367929341043, 1, '2011-09-11 19:21:42', ''),
(126, 10150367930076043, 1, '2011-09-11 19:22:21', ''),
(127, 10150367930491043, 1, '2011-09-11 19:22:47', ''),
(128, 10150367930596043, 1, '2011-09-11 19:22:56', ''),
(129, 10150367930671043, 1, '2011-09-11 19:23:08', ''),
(130, 10150367931121043, 1, '2011-09-11 19:23:40', ''),
(131, 10150367931351043, 1, '2011-09-11 19:23:52', ''),
(132, 10150367931801043, 1, '2011-09-11 19:24:10', ''),
(133, 10150367932051043, 1, '2011-09-11 19:24:20', ''),
(134, 10150367932236043, 1, '2011-09-11 19:24:32', ''),
(135, 10150367932521043, 1, '2011-09-11 19:24:45', ''),
(136, 10150367932621043, 1, '2011-09-11 19:24:53', ''),
(137, 10150367932791043, 1, '2011-09-11 19:25:03', ''),
(138, 10150367932981043, 1, '2011-09-11 19:25:14', ''),
(139, 10150367933286043, 1, '2011-09-11 19:25:37', ''),
(140, 10150367933501043, 1, '2011-09-11 19:25:50', ''),
(141, 10150367933626043, 1, '2011-09-11 19:25:57', ''),
(142, 10150367933736043, 1, '2011-09-11 19:26:06', ''),
(143, 10150367933976043, 1, '2011-09-11 19:26:27', ''),
(144, 10150367934256043, 1, '2011-09-11 19:26:50', ''),
(145, 10150160869316043, 1, '2011-03-21 22:12:09', ''),
(146, 10150160869621043, 1, '2011-03-21 22:12:24', ''),
(147, 10150160869701043, 1, '2011-03-21 22:12:30', ''),
(148, 10150105718286043, 1, '2010-12-27 09:41:24', ''),
(149, 10150105718486043, 1, '2010-12-27 09:41:39', ''),
(150, 10150105718671043, 1, '2010-12-27 09:41:56', ''),
(151, 10150105720431043, 1, '2010-12-27 09:46:30', ''),
(152, 10150105722926043, 1, '2010-12-27 09:51:42', ''),
(153, 10150102879006043, 1, '2010-12-22 02:44:37', ''),
(154, 10150102879146043, 1, '2010-12-22 02:44:55', ''),
(155, 10150102879176043, 1, '2010-12-22 02:45:01', ''),
(156, 10150102879216043, 1, '2010-12-22 02:45:07', ''),
(157, 10150102879246043, 1, '2010-12-22 02:45:11', ''),
(158, 10150102879266043, 1, '2010-12-22 02:45:15', ''),
(159, 10150102881061043, 1, '2010-12-22 02:53:11', ''),
(160, 10150102881086043, 1, '2010-12-22 02:53:14', ''),
(161, 10150102881106043, 1, '2010-12-22 02:53:18', ''),
(162, 10150093428471043, 1, '2010-12-04 21:57:35', ''),
(163, 10150093428511043, 1, '2010-12-04 21:57:41', ''),
(164, 10150093428551043, 1, '2010-12-04 21:57:47', ''),
(165, 10150093428596043, 1, '2010-12-04 21:57:54', ''),
(166, 10150093428821043, 1, '2010-12-04 21:58:14', ''),
(167, 490282736042, 1, '2010-11-06 19:02:46', ''),
(168, 490282871042, 1, '2010-11-06 19:02:50', ''),
(169, 490284336042, 1, '2010-11-06 19:06:13', ''),
(170, 490284371042, 1, '2010-11-06 19:06:16', ''),
(171, 490291291042, 1, '2010-11-06 19:21:04', ''),
(172, 490292211042, 1, '2010-11-06 19:23:59', ''),
(173, 486867221042, 1, '2010-10-31 12:58:24', ''),
(174, 486860101042, 1, '2010-10-31 12:47:14', ''),
(175, 476188816042, 1, '2010-10-08 18:20:55', ''),
(176, 476188891042, 1, '2010-10-08 18:21:00', ''),
(177, 476188926042, 1, '2010-10-08 18:21:05', ''),
(178, 476189001042, 1, '2010-10-08 18:21:14', ''),
(179, 476189046042, 1, '2010-10-08 18:21:18', ''),
(180, 476189101042, 1, '2010-10-08 18:21:23', ''),
(181, 476189241042, 1, '2010-10-08 18:21:32', ''),
(182, 476189306042, 1, '2010-10-08 18:21:41', ''),
(183, 476189376042, 1, '2010-10-08 18:21:50', ''),
(184, 476189496042, 1, '2010-10-08 18:22:04', ''),
(185, 476189591042, 1, '2010-10-08 18:22:12', ''),
(186, 476189626042, 1, '2010-10-08 18:22:17', ''),
(187, 476190751042, 1, '2010-10-08 18:26:11', ''),
(188, 476191996042, 1, '2010-10-08 18:30:49', ''),
(189, 476192471042, 1, '2010-10-08 18:32:06', ''),
(190, 476192516042, 1, '2010-10-08 18:32:11', ''),
(191, 418701316042, 1, '2010-05-07 11:13:04', ''),
(192, 418701346042, 1, '2010-05-07 11:13:04', ''),
(193, 418701366042, 1, '2010-05-07 11:13:04', ''),
(194, 418701371042, 1, '2010-05-07 11:13:04', ''),
(195, 418704266042, 1, '2010-05-07 11:23:18', ''),
(196, 418705366042, 1, '2010-05-07 11:27:17', ''),
(197, 403419236042, 1, '2010-03-20 14:39:59', ''),
(198, 403419256042, 1, '2010-03-20 14:39:59', ''),
(199, 403419266042, 1, '2010-03-20 14:39:59', ''),
(200, 392822026042, 1, '2010-03-14 17:47:08', ''),
(201, 353678786042, 1, '2010-02-25 17:29:03', ''),
(202, 353678871042, 1, '2010-02-25 17:29:03', ''),
(203, 353678916042, 1, '2010-02-25 17:29:03', ''),
(204, 353678921042, 1, '2010-02-25 17:29:03', ''),
(205, 353678976042, 1, '2010-02-25 17:29:03', ''),
(206, 392674516042, 1, '2010-03-14 16:38:33', ''),
(207, 392692846042, 1, '2010-03-14 16:47:09', ''),
(208, 535269773160282, 161, '2013-02-26 10:32:13', ''),
(209, 532072366813356, 161, '2013-02-18 16:27:19', ''),
(210, 532560783431181, 161, '2013-02-19 13:11:02', 'Visit Gatlinburg'),
(211, 532577036762889, 161, '2013-02-19 14:09:09', 'Visit Gatlinburg'),
(212, 532575656763027, 161, '2013-02-19 14:03:35', 'Daytona Beach, Florida'),
(213, 532575703429689, 161, '2013-02-19 14:03:43', 'Daytona Beach, Florida'),
(214, 532571523430107, 161, '2013-02-19 13:52:26', 'Atlanta, Georgia'),
(215, 532571840096742, 161, '2013-02-19 13:53:03', 'Atlanta, Georgia'),
(216, 532572176763375, 161, '2013-02-19 13:53:37', 'Atlanta, Georgia'),
(217, 532567223430537, 161, '2013-02-19 13:36:21', 'Indiana University'),
(218, 532567266763866, 161, '2013-02-19 13:36:24', 'Indiana University'),
(219, 532567283430531, 161, '2013-02-19 13:36:25', 'Indiana University'),
(220, 532567396763853, 161, '2013-02-19 13:36:35', 'Indiana University'),
(221, 532567593430500, 161, '2013-02-19 13:36:48', 'Indiana University'),
(222, 377878302232764, 161, '2012-04-02 17:12:25', '');

-- --------------------------------------------------------

--
-- Table structure for table `user_photo_comments`
--

CREATE TABLE IF NOT EXISTS `user_photo_comments` (
  `comment_id` int(9) unsigned NOT NULL AUTO_INCREMENT,
  `comment_fb_id` int(9) unsigned NOT NULL,
  `user_id` int(9) unsigned NOT NULL,
  `photo_id` int(9) unsigned NOT NULL,
  `created_time` datetime NOT NULL,
  `content` text NOT NULL,
  `like_count` int(9) unsigned NOT NULL,
  `user_likes` tinyint(1) NOT NULL DEFAULT '0',
  PRIMARY KEY (`comment_id`),
  KEY `user_id` (`user_id`),
  KEY `original_user_id` (`photo_id`)
) ENGINE=InnoDB  DEFAULT CHARSET=utf8 AUTO_INCREMENT=355 ;

--
-- Dumping data for table `user_photo_comments`
--

INSERT INTO `user_photo_comments` (`comment_id`, `comment_fb_id`, `user_id`, `photo_id`, `created_time`, `content`, `like_count`, `user_likes`) VALUES
(1, 9551523, 23, 1, '2013-01-03 01:55:16', 'hamin ra bekhar..kheili khoshrange', 0, 0),
(2, 9553643, 1, 1, '2013-01-03 10:57:50', 'kheili ba maze boodan in kafsha, dige Texase dige ...', 0, 0),
(3, 9550315, 63, 3, '2013-01-02 22:17:37', 'vayyyy che ba mazeh!', 1, 1),
(4, 9550343, 1, 3, '2013-01-02 22:23:44', 'Are kheili ba maze bood. Hame inja jam mishodan shaba! :D', 1, 0),
(5, 9550506, 63, 3, '2013-01-02 22:46:14', 'midoony chera?', 0, 0),
(6, 9550557, 1, 3, '2013-01-02 22:52:32', 'haha! etefaghan ye aalame ma oonja bahs kardim ke chera ina inja jam mishan, vali be natijeh naresidim!', 1, 0),
(7, 9550565, 63, 3, '2013-01-02 22:53:37', ';)', 0, 0),
(8, 9550367, 18, 10, '2013-01-02 22:26:06', 'love u guys :)', 0, 0),
(9, 9550397, 1, 10, '2013-01-02 22:29:54', 'ma ham hamintor :*', 1, 0),
(10, 9555842, 59, 10, '2013-01-03 16:44:12', 'Lve the photo. Lve u', 1, 1),
(11, 9550373, 18, 14, '2013-01-02 22:26:35', 'Zibaaa', 1, 1),
(12, 9492137, 94, 20, '2012-12-26 11:43:49', 'Kojae Shirin?', 0, 0),
(13, 9492189, 28, 20, '2012-12-26 11:51:55', 'رفته تگزاس حال و حول!', 1, 1),
(14, 9492213, 18, 20, '2012-12-26 11:54:03', 'Che akse ghashani :) Pegah Fakhari to az halo hol harf nazan :D', 1, 0),
(15, 9492229, 18, 20, '2012-12-26 11:55:48', 'Bacheha mano kaveh alan darim sobane mikhorim ba chaye dagh, viewmoon ham barf :D', 2, 0),
(16, 9492442, 130, 20, '2012-12-26 12:19:24', 'Very beautiful. Que bonito!', 1, 1),
(17, 9492660, 40, 20, '2012-12-26 12:44:19', 'lovely couple', 1, 1),
(18, 9493215, 12, 20, '2012-12-26 13:52:32', 'وای خیلی دلم واسه دیدن روی ماهتون تنگ شده.آخه دیگه یاداوری خاطرات هم جواب دلتنگی هام رانمیده', 1, 0),
(19, 9493433, 32, 20, '2012-12-26 14:23:28', 'axetoon kheili ziba va hamintor khodeton (like)', 1, 1),
(20, 9494387, 1, 20, '2012-12-26 16:29:53', 'kheili mamnoon az comment haye zibatoon. Jaye hame khali. :*', 0, 0),
(21, 9497428, 26, 20, '2012-12-27 00:42:39', 'nice picture', 1, 1),
(22, 9498044, 59, 20, '2012-12-27 04:05:15', 'Miss u', 1, 1),
(23, 9498724, 23, 20, '2012-12-27 07:54:40', 'Vay che axe ghashangi...che Shirine ghashangi...miss u', 1, 1),
(24, 9498921, 103, 20, '2012-12-27 08:46:36', 'so nice couple...', 1, 1),
(25, 9505086, 129, 20, '2012-12-28 01:12:57', 'ماشااله چه ناز', 1, 1),
(26, 9507291, 12, 20, '2012-12-28 11:35:59', 'دادا و زن دادا را ماشاا...', 1, 1),
(27, 9507922, 21, 20, '2012-12-28 13:11:59', 'miss you', 1, 1),
(28, 9511927, 101, 20, '2012-12-29 02:17:35', 'khaili ziba', 1, 1),
(29, 9522672, 90, 20, '2012-12-30 16:08:37', 'خوشبختیتون بر دوام و فزاینده دوست گلم .', 1, 1),
(30, 9679776, 110, 20, '2013-01-21 01:53:32', '(y) (y) besiyar zibatar shodi (y)', 0, 0),
(31, 8911888, 18, 21, '2012-10-08 13:02:29', 'So Pretty :*', 1, 1),
(32, 8913063, 32, 21, '2012-10-08 15:44:34', 'shirin jan kheili mahiiiiiiiiiiii (miboosamet)', 2, 1),
(33, 8913138, 1, 21, '2012-10-08 15:55:07', 'mersi doostaye golam :*', 1, 0),
(34, 8917691, 40, 21, '2012-10-09 06:33:14', 'mehrabune & naz', 1, 1),
(35, 8926130, 12, 21, '2012-10-10 11:27:38', 'شیرین جون شیرین ترشدی', 1, 1),
(36, 8956003, 56, 21, '2012-10-14 18:44:52', 'Kheily ghashangeh!! :)', 1, 1),
(37, 8970022, 34, 21, '2012-10-16 16:52:23', 'shirine  azizam,dooste golo mehraboonam,kheili zibast', 1, 1),
(38, 9330166, 132, 21, '2012-12-04 11:52:46', 'خوشحالم می بینمت شاد وسلامت باشی', 0, 0),
(39, 8580175, 21, 22, '2012-08-24 03:15:41', 'this pic is so nice and memorable . God bless him.', 1, 1),
(40, 8580280, 41, 22, '2012-08-24 03:51:08', 'Khoda rahmateshoon koneh shirin jan, man alan fahmidam. "mardeh nekoonam namirad hargez mordeh an ast ke namash be nekooyi nabarand".rooheshoon shad.', 1, 0),
(41, 8580409, 4, 22, '2012-08-24 04:40:58', 'خدایشان بیامرزاد.', 1, 1),
(42, 8580444, 40, 22, '2012-08-24 04:56:14', 'nemidunam chera vali harvaght akse pedarbozorgeto mizari va man mibinam kheili ehsase khasi bem dast mide ehsas mikonam kheili vaghte mishnasemeshun va ehsase nazdiki mikonam.....nemidunam chera vali kasaie ke ghalbe mehrabuni daran tu ghalbe haame ja daran', 1, 1),
(43, 8580554, 30, 22, '2012-08-24 05:38:28', 'fana shodane jesm ejtenab napazire ama hamin sefate khube ke mimoone va olgoo vase digarano baese sarbolandie bazmandeganesh mishe.khoda rahmateshoon kone.rooheshoon shad:(', 2, 1),
(44, 8580822, 103, 22, '2012-08-24 07:06:51', 'salgarde ertehale in marde bozorg ra mojadadan tasliyat migam,,,roheshon shad ,,jashon hamishe khaliee,,,', 1, 1),
(45, 8585306, 33, 22, '2012-08-24 19:32:07', 'raftar va kerdare moaddabaneye to shirin jan nemayangare bozorgvariye pedarbozorget ast, khoda rahmateshun kone.', 2, 1),
(46, 8588110, 110, 22, '2012-08-25 07:53:46', 'god bless him..', 1, 1),
(47, 8589672, 18, 22, '2012-08-25 12:42:08', 'Shirin man in akso taze didam, kheili ghashange, va che pedarbozorgi, rooheshoon shad .', 1, 1),
(48, 8608237, 12, 22, '2012-08-27 16:34:23', 'روحش شادیادش گرامی', 1, 1),
(49, 8694794, 9, 22, '2012-09-08 09:52:59', 'انشالله جنت مكان خلد آشيان باشند عالي عالي است', 1, 1),
(50, 8707883, 129, 22, '2012-09-10 03:21:48', 'اتسانی والا که زندگی رامفهوم بخشید', 2, 1),
(51, 7724681, 40, 23, '2012-04-30 11:04:19', 'kiiiissss', 1, 1),
(52, 7836324, 12, 23, '2012-05-16 01:15:26', 'دوستون دارم i love u', 1, 1),
(53, 7425115, 23, 24, '2012-03-18 23:30:53', 'akhey...azizam...che axe ghashangi', 1, 1),
(54, 7426280, 21, 24, '2012-03-19 04:30:58', 'inja cheghadr majid shade.khoshhalam ke hamatun dore hamid.sale khubi dashte bashid', 1, 1),
(55, 7427742, 32, 24, '2012-03-19 10:44:14', 'cheghadr  naz shodi.(sale khobi dashte bashid)', 1, 1),
(56, 7432797, 1, 24, '2012-03-20 00:30:46', 'mamnoon azizan :*', 0, 0),
(57, 7432798, 1, 24, '2012-03-20 00:31:19', 'Farnoush Zohourian maloome khob baad az 2 salo haft mah! ;)', 1, 0),
(58, 7438378, 17, 24, '2012-03-20 19:23:15', 'kheyli aks ghashangi shode :) kheyli like dare ;)', 1, 1),
(59, 7510395, 138, 24, '2012-03-31 14:55:59', 'bah bah che akse ghashangi :),', 1, 1),
(60, 7768441, 12, 24, '2012-05-06 15:04:02', 'I miss u.all of u kiss kiss', 0, 0),
(61, 6851645, 51, 25, '2011-12-24 06:52:02', 'کابوی شدی :)) ناز خانوم', 1, 1),
(62, 6633883, 1, 26, '2011-11-18 21:04:33', 'Fatemeh Ka biya dobare like kon, majboor shodam aks ghabli ro pak konam dobare bezaram! ;) haha', 3, 0),
(63, 6634223, 46, 26, '2011-11-18 22:55:46', 'chashmmmmmmmm like like like :D', 1, 1),
(64, 6637715, 17, 26, '2011-11-19 15:25:40', 'nice :)', 1, 1),
(65, 6639093, 13, 26, '2011-11-19 20:03:35', 'nice picture shirin jan malomeh delet havashona kardeh', 1, 1),
(66, 6640820, 21, 26, '2011-11-20 05:41:30', 'چه عکس دوست داشتنی و به یاد موندنی. خیلی حسش قشنگه!', 1, 1),
(67, 6646082, 23, 26, '2011-11-20 23:32:49', 'Akhey..che axe ghashangiiii..n ta like', 1, 1),
(68, 6649848, 12, 26, '2011-11-21 15:50:54', 'azizam zod zodtar ax bezar', 0, 0),
(69, 6721356, 25, 26, '2011-12-03 12:55:09', 'akhey!', 0, 0),
(70, 6751184, 34, 26, '2011-12-08 06:28:21', 'akhey,cheghadrin aks garmo mehraboone,nice', 1, 1),
(71, 7724699, 40, 26, '2012-04-30 11:05:53', 'lovely pic', 0, 0),
(72, 6320555, 59, 27, '2011-10-02 19:55:24', 'azizaaaaaaaaaaaaaammmmmm,, miss u', 1, 0),
(73, 6338036, 12, 27, '2011-10-05 16:01:34', 'dosedon midaram', 1, 1),
(74, 6338050, 1, 27, '2011-10-05 16:03:02', 'Mehrandokht Deldar ma ham hamintor!', 0, 0),
(75, 6338178, 103, 27, '2011-10-05 16:24:54', 'very nice pic', 1, 1),
(76, 6343591, 51, 27, '2011-10-06 14:43:13', 'لبخند زیبای شیرین از اون منظره ی پشتش خیلی قشنگ تره :* میس یو', 1, 1),
(77, 6343774, 1, 27, '2011-10-06 15:14:03', 'Zizi jan kheili eshghoolane booda! :* :* :*', 0, 0),
(78, 6355816, 121, 27, '2011-10-08 16:20:48', 'nice pic :)', 0, 0),
(79, 6356955, 1, 27, '2011-10-08 20:20:59', 'mersi Mehrnaz jan! Kheili delam barat tang shode! Tavalodet ham kheili mobarak bashe! :*', 0, 0),
(80, 6358061, 40, 27, '2011-10-09 00:28:21', 'soooo lovely pic', 1, 1),
(81, 6751199, 34, 27, '2011-12-08 06:34:48', 'Shirin cheghadr shirini to dooste golam,hame sooratet por az mehrabooni va shiriy,behtarina ro baratoon arezoo daram,miss u', 1, 1),
(82, 6751990, 1, 27, '2011-12-08 09:49:39', 'mersi Fateme jan! Shoma khodet mehrabooni! :*', 0, 0),
(83, 6056983, 30, 28, '2011-08-20 17:02:21', ':(((khoda rahmateshoon kone,rooheshoon shad bashee vaghean narahat shodam shiirin joon :( bazam tasliat migam:(', 1, 0),
(84, 6062403, 53, 28, '2011-08-21 17:01:09', 'Shiiiriiiiiin???????????...:(((((((((((....', 1, 1),
(85, 6062409, 53, 28, '2011-08-21 17:02:17', 'man facebook nemitoonestam  biam...SOO SORRRYY. Be Strong as you always Are!', 1, 1),
(86, 6062423, 53, 28, '2011-08-21 17:04:35', 'Shirin bemoon bishtar...ba ostadet sohbat kon 100% OK e.', 1, 1),
(87, 6350232, 59, 28, '2011-10-07 16:10:44', 'peace upon his soul', 1, 1),
(88, 8433820, 110, 28, '2012-08-04 18:19:00', 'rooheshoon shad :(', 1, 1),
(89, 5937153, 23, 29, '2011-07-31 04:26:47', 'pirhan soorati dele mano bordi', 1, 1),
(90, 5937183, 1, 29, '2011-07-31 04:41:59', 'haha', 0, 0),
(91, 5937411, 21, 29, '2011-07-31 06:07:35', 'bargashti?khoshbehaletun,Aaftab!!! inja hamash baruniye.', 0, 0),
(92, 5937515, 1, 29, '2011-07-31 06:56:18', 'Na hanooz bar nagashtam! Delet hamishe Aftabi bashe Farnoush jan :*', 0, 0),
(93, 5583624, 8, 30, '2011-06-05 08:14:44', 'Vow! Indeed a memorable pix. \n', 1, 1),
(94, 5600819, 59, 30, '2011-06-07 14:59:57', 'OMGGGGGGG,, Daii Homayoun omadan pishetoon,,, \nbaba khosh be haletoon.\nSay our hello to him', 1, 1),
(95, 5613703, 51, 30, '2011-06-09 15:02:13', 'خوشحالم از ته دل شادی :-*', 1, 1),
(96, 5624017, 142, 30, '2011-06-11 10:41:11', 'che axe ghshangi manam ba tina  moafegham kheili khoshhalam ke shadi ye lahze fekr kardam to oomadi iran ... shad bashi', 1, 1),
(97, 5270030, 28, 31, '2011-04-16 11:22:53', 'عکس جدیده؟ موهات بلند بوده چقدر :)', 1, 1),
(98, 5270080, 17, 31, '2011-04-16 11:35:34', 'nice :)', 1, 1),
(99, 5271463, 1, 31, '2011-04-16 17:01:17', 'male sale pishe axe! mohham bolnd bood!', 0, 0),
(100, 5274453, 18, 31, '2011-04-17 08:51:34', '@ pegah: akhe chetor mitoone ham jadid bashe ham mohash boland bashe? huh?', 1, 0),
(101, 5274454, 18, 31, '2011-04-17 08:51:38', ':D', 1, 0),
(102, 5276312, 28, 31, '2011-04-17 15:05:44', 'خودم که اعتراف کردم که موهات بلند "بوده" چقدر!!', 1, 1),
(103, 5276314, 28, 31, '2011-04-17 15:05:55', 'توجه کن دلبندم!!', 0, 0),
(104, 5276562, 1, 31, '2011-04-17 16:01:08', '@pegah: hala inghadr ham boland naboode ha ;)', 2, 0),
(105, 5288103, 120, 31, '2011-04-19 08:50:04', 'khoshgel khanum :))', 1, 1),
(106, 5010030, 62, 32, '2011-03-04 11:50:18', 'waai bahar : )', 0, 0),
(107, 5011457, 1, 32, '2011-03-04 16:17:43', '@azadeh: dar entezare bahar ; )', 1, 0),
(108, 5013347, 31, 32, '2011-03-05 00:28:50', 'asisaaaaaaaaaaaam :*****************', 1, 1),
(109, 5015401, 116, 32, '2011-03-05 12:14:16', 'شیرین جون ذره بین داری؟\nnice photo', 1, 1),
(110, 6721368, 25, 32, '2011-12-03 12:56:55', 'ziiiiiiiibast ziba!', 1, 1),
(111, 4844569, 59, 33, '2011-02-04 21:36:16', 'naziiiiiiiiiiiiiiiiiiiiiiiii', 0, 0),
(112, 4845965, 17, 33, '2011-02-05 05:48:43', 'HaPPy NeW PiC khahare golam :*\nkheyli ghashange :)', 0, 0),
(113, 4853308, 142, 33, '2011-02-06 13:38:19', 'I miss u shirin joon....', 1, 1),
(114, 4459639, 77, 34, '2010-12-05 10:28:33', 'che barfi!!! barfaye ma koshan pas??', 0, 0),
(115, 4459642, 1, 34, '2010-12-05 10:29:20', 'Shoma ke bayad bishtar barf dashte bashid!!', 0, 0),
(116, 4494290, 53, 34, '2010-12-11 06:07:48', 'boooooosh XX', 0, 0),
(117, 4118508, 63, 35, '2010-10-09 13:27:01', 'شیرین پهلوان نامدار\n;)', 1, 1),
(118, 3615598, 23, 36, '2010-07-14 11:09:49', 'axe jadid mobarak,,,che khanoome nazi, namzaditoone shirin jan?', 0, 0),
(119, 3615720, 1, 36, '2010-07-14 11:39:17', 'Mersi Narges khanoom. Na! eide noruze!!', 0, 0),
(120, 3616110, 122, 36, '2010-07-14 12:54:26', 'very nice shirinjoun.', 0, 0),
(121, 3616261, 115, 36, '2010-07-14 13:21:18', 'shirin joon che aks khoshgeli enshala hamishe khandan bashii diroz ham manzele amoo joon bodim khili khosh gozasht va jatoon khili khali bod', 0, 0),
(122, 3616377, 17, 36, '2010-07-14 13:46:47', 'nice :)', 0, 0),
(123, 3616490, 2, 36, '2010-07-14 14:06:07', 'nice pic shirin jon :)', 0, 0),
(124, 3617255, 1, 36, '2010-07-14 16:26:47', 'Mamnoon Marjan joon, Laaya joon, Bahareh jan va Farhad jan. Cheshmatoon nice mibine!!!\nLaleh khanoom, are maman goftan shoma dore ham jam boodin. vaghean heyf ke man naboodam!!! Vali azizan jaye ma. be maman kheili salam beresunid.', 0, 0),
(125, 3617770, 59, 36, '2010-07-14 18:10:55', 'vaiiiiiiiiiiiiiiiiiiiiiiiiiiiiiiiiiiiiiiiiiii azizam , che axiiii ,,,\nmashala ke cheghadr be ham miain,,\nlve both ofuuu', 0, 0),
(126, 3619095, 113, 36, '2010-07-14 23:08:05', 'akhey shirin jonam so nice . khoshbakht bashin hamisheeeeeeee', 0, 0),
(127, 3619519, 31, 36, '2010-07-15 00:13:48', 'nice pic :*****', 0, 0),
(128, 3621527, 41, 36, '2010-07-15 11:38:01', 'ye zoje doost dashtani, miss u.', 0, 0),
(129, 3622282, 142, 36, '2010-07-15 14:23:18', 'che axe ghashangi shirin joonam. :-*', 0, 0),
(130, 3631297, 1, 36, '2010-07-17 11:13:05', 'Hoda jan, mersiiiiiiiiiiiiii, we both love you ....\nZahra khanoom, mamnoon azizam, shoma ham khoshbakht o saadatmand bashid hamisheeeeee.\nMamnoon Neda jan :* :* \nElnaz janam albate zoje doost dashtani shoma hastid. I miss you too.\nShamim jan, kheili mamnoon, delam bara shoma o khaharat tang shode :*', 0, 0),
(131, 3631319, 59, 36, '2010-07-17 11:21:09', 'booooooooooooooossss', 0, 0),
(132, 3631816, 37, 36, '2010-07-17 13:23:28', 'Hamishe shaaad bashi shirin jun,kheiliii axeton ghashange,adam rohiye migire injori khandan mibinadet :***', 0, 0),
(133, 3632109, 1, 36, '2010-07-17 14:26:40', 'Masoume kheili delam barat tang shode. Mamnoon azizam. :*:*', 0, 0),
(134, 3632218, 45, 36, '2010-07-17 14:53:09', 'Che akse ghashangi shirin joonam. koja ghayemesh karde boodi?\n', 0, 0),
(135, 3634302, 21, 36, '2010-07-17 23:40:01', 'azizakam shirin!yeki az behtarin aksai bud ke azat didam. koli toosh eshgh mishe did. omidvaram 30 saale dige ham ye aks begiri hamin shekl ke toosh hich kodumetun avaz nashode bashid.', 0, 0),
(136, 3634751, 1, 36, '2010-07-18 02:08:03', 'Mamnoon Samira jan, vala ye kam az privaciem kam kardam!!\n\nFarnoush jan, mamnoon. Akhe to ke aksa mano nadidi ke!! vali khodam ham ino doost daram. ama nemitunam ghol bedam avaz nashode bashim. ehtemalan mohaeem sefid shode ta oon moghe!', 0, 0),
(137, 3663244, 53, 36, '2010-07-22 15:42:52', 'cha kha nome ba shakhsiati dan den de :X:X', 0, 0),
(138, 3664177, 1, 36, '2010-07-22 18:12:54', 'inja az dastam dar rafte Azade jan!', 0, 0),
(139, 5037776, 39, 36, '2011-03-09 01:39:44', 'cheghadr khoshgel shodi shirin joon', 1, 1),
(140, 5328926, 51, 36, '2011-04-26 01:29:29', 'wow! عروس خانومو آقا داماد', 1, 1),
(141, 2503891, 53, 37, '2009-11-28 20:55:06', 'janam?...!!!!', 0, 0),
(142, 2504502, 59, 37, '2009-11-29 01:11:03', 'ghashangeeeeeeeeee', 0, 0),
(143, 3894032, 147, 37, '2010-09-01 04:43:39', 'che akse ghashangi.shirin jan inja kojast?', 0, 0),
(144, 2264486, 53, 38, '2009-10-04 17:15:47', 'che khanoome khoshtippo khoshgeli :X:X', 0, 0),
(145, 2264488, 53, 38, '2009-10-04 17:16:35', 'yeki az khiaboonaye esfahan ba ye renoye esfahani dar ax shenasayee shod ;)', 0, 0),
(146, 2264556, 46, 38, '2009-10-04 17:29:27', 'happy new pic! :)\n-- Azadeh toam ke ziadi amniati hasti nemishe addet kard! ;) mano add kon! :)', 0, 0),
(147, 1808460, 147, 39, '2009-06-09 03:37:40', 'salam azizam.khoobi khoshkel khanoom.in akset kheili mahe. booooooooooosssssssssss', 0, 0),
(148, 1815263, 148, 39, '2009-06-11 00:22:04', 'salam shirinam , ras mige monir kheyli khoshgel shode, \nbe omide didar  :))))))))))))))))))))', 0, 0),
(149, 6721376, 25, 39, '2011-12-03 12:59:42', 'kheyliiiiiii mah!', 0, 0),
(150, 9626956, 57, 40, '2013-01-13 17:02:51', 'fadaye hamatoonnn azizanammmmmmmmmmmmmm', 0, 0),
(151, 8370565, 12, 56, '2012-07-27 06:34:21', 'بوس بوس', 0, 0),
(152, 8367931, 1, 58, '2012-07-26 20:13:26', 'Heyf ke Malihe Borhani shoma naboodi vaghean!', 1, 0),
(153, 8364762, 18, 64, '2012-07-26 11:49:42', 'che view gashnagi :)', 1, 1),
(154, 8364901, 18, 65, '2012-07-26 12:14:20', 'Deltang nabashi Majid Deldar :)', 2, 1),
(155, 8364767, 18, 68, '2012-07-26 11:50:22', 'Che moohye ghashnagi ;)', 2, 1),
(156, 8364910, 65, 68, '2012-07-26 12:15:54', 'we are honored. thanks for coming. :)', 1, 1),
(157, 8366815, 1, 68, '2012-07-26 17:13:57', 'We had a great time there! :)', 1, 0),
(158, 8370582, 12, 69, '2012-07-27 06:37:41', 'بسیاردوست داشتنی بودیدوشدید', 1, 1),
(159, 8377915, 21, 69, '2012-07-28 04:27:38', 'nice couple', 1, 1),
(160, 7640484, 18, 74, '2012-04-18 15:42:37', 'Kheili akse ghashangi shode :)', 1, 1),
(161, 7649504, 33, 74, '2012-04-19 20:47:34', 'movafegham :)', 1, 1),
(162, 7768424, 12, 74, '2012-05-06 15:01:24', 'I love u so much my mommy.i miss u', 0, 0),
(163, 7836359, 12, 74, '2012-05-16 01:23:34', '7روز دیگه مامان خوشگل وماهم برمیگرده برای خودم خوشحال وبرای شماناراحت', 1, 1),
(164, 7638906, 21, 75, '2012-04-18 11:20:32', 'shirin jun shanset goft mamane majid inja bud.dast tanha nabudi', 1, 1),
(165, 7642574, 1, 75, '2012-04-18 21:16:51', 'Are jat khali Farnoush jan, kheili khoob bood. :) Be maman ham ke ye aalame zahmat dadim!', 1, 0),
(166, 7638900, 21, 78, '2012-04-18 11:19:05', 'تولدت مبارک آقا مجید. همیشه شاد باشید.', 0, 0),
(167, 7467558, 21, 79, '2012-03-25 07:49:05', 'manam mikham!!!!', 1, 1),
(168, 7466300, 40, 82, '2012-03-25 01:07:08', 'bah bah', 1, 1),
(169, 7466491, 41, 82, '2012-03-25 01:52:10', 'yummmm', 1, 1),
(170, 7483123, 25, 83, '2012-03-27 11:18:20', 'Shirin Nili azizam delam kheyli barat tang shode. miboosamet va arezooye sali khosh barat daram', 0, 0),
(171, 7484526, 69, 83, '2012-03-27 15:04:05', 'We had great Novruz celebration, thanks to Battina Borhan''s and Doctor Borhan''s hospitality!!!', 1, 1),
(172, 7466306, 40, 86, '2012-03-25 01:08:39', 'tavalode kie?', 0, 0),
(173, 7468542, 1, 86, '2012-03-25 11:28:06', 'Yeki az doostamoon! :)', 0, 0),
(174, 7482571, 32, 86, '2012-03-27 09:33:59', 'khodet kojaiiii?', 0, 0),
(175, 7467569, 21, 89, '2012-03-25 07:50:30', 'akse dustdashtani shode.', 1, 1),
(176, 7466573, 23, 90, '2012-03-25 02:17:31', 'azizam..che axe ghashangi..miss u ye alameh', 1, 1),
(177, 7467571, 21, 90, '2012-03-25 07:50:57', 'shad bashi shirin jun.', 1, 1),
(178, 7469570, 1, 90, '2012-03-25 14:16:42', 'mersi Narges Mohamadi va Farnoush Zohourian! manam ye aalame delam baratoon tang shode!', 0, 0),
(179, 7482580, 32, 90, '2012-03-27 09:36:19', 'naziiiiiiiiii', 0, 0),
(180, 7539072, 18, 91, '2012-04-04 15:21:22', 'Bah bah', 0, 0),
(181, 7183870, 88, 104, '2012-02-12 13:38:48', 'Congrats...:)', 1, 1),
(182, 7183875, 142, 104, '2012-02-12 13:39:27', 'tabrik migam shirin joon', 1, 1),
(183, 7183939, 54, 104, '2012-02-12 13:53:52', 'مبارکه :)', 2, 1),
(184, 7183949, 21, 104, '2012-02-12 13:55:51', 'I''m proud of you', 1, 1),
(185, 7183956, 40, 104, '2012-02-12 13:56:34', 'you really deserve it....congratulations', 1, 1),
(186, 7184155, 46, 104, '2012-02-12 14:27:22', 'Afariiiiiiiiin Doctor! mobarakeet bashe :D', 1, 1),
(187, 7184465, 32, 104, '2012-02-12 15:20:07', 'mobarake tabrik  fadat besham khanom doktor', 1, 1),
(188, 7184487, 158, 104, '2012-02-12 15:23:42', 'baba inkaaare! ziaarat ghabul ;p', 1, 1),
(189, 7184945, 42, 104, '2012-02-12 16:35:33', 'See! you just don''t know how brilliant you are!!! :)', 1, 1),
(190, 7185445, 23, 104, '2012-02-12 18:04:12', 'congrats dear..u deserve it', 1, 1),
(191, 7186430, 59, 104, '2012-02-12 21:26:40', 'OMGGGGGGGGGGG,, congrad azizammmmmmmmmm', 1, 1),
(192, 7186517, 56, 104, '2012-02-12 21:41:17', 'Congratulations!!', 1, 1),
(193, 7186559, 25, 104, '2012-02-12 21:45:33', 'bah baaaaaaaaaah, mobarake khanooooooomi ;*', 1, 1),
(194, 7187562, 82, 104, '2012-02-13 01:23:24', 'azizam tabrik migam , hamishe movafagh bashi', 1, 1),
(195, 7188162, 153, 104, '2012-02-13 05:12:26', 'Congratulations, my dear!', 1, 1),
(196, 7189296, 96, 104, '2012-02-13 10:28:26', 'you are awesome', 1, 1),
(197, 7189911, 114, 104, '2012-02-13 12:09:00', 'tabrik  migam :)', 1, 1),
(198, 7190771, 24, 104, '2012-02-13 14:38:52', 'wow, afarin :))', 1, 1),
(199, 7193027, 1, 104, '2012-02-13 20:26:23', 'I cannot say how much energy I got from all of you! Thanks everyone! :)', 0, 0),
(200, 7193248, 28, 104, '2012-02-13 21:08:20', 'congrats! :)', 1, 1),
(201, 7194559, 34, 104, '2012-02-14 01:27:29', 'Shirin joonam tabiiiiiiiiiiiiiiiiiiiik migam dooste golam,khaste nabashi khanoom doctor...', 1, 1),
(202, 7195922, 33, 104, '2012-02-14 08:08:19', 'vaaay tabrik migam shirin junam :))) kheyli khoshhah shodam', 1, 1),
(203, 7197307, 121, 104, '2012-02-14 11:48:53', 'Wowwwwwwwww, congrats dear :)', 1, 1),
(204, 7211100, 40, 104, '2012-02-16 06:36:23', 'dir dir diram dam diramo diram diram dam boooossss', 1, 1),
(205, 6894564, 25, 108, '2011-12-30 22:07:18', 'looooooooooovely', 0, 0),
(206, 6894570, 25, 109, '2011-12-30 22:07:59', 'wow, dreammmmmmy!', 1, 1),
(207, 6893398, 23, 110, '2011-12-30 18:51:37', 'so beautiful and so dangerous', 1, 1),
(208, 6892899, 94, 111, '2011-12-30 17:32:44', 'cheghadr khoshgelan ina eine naghashian', 1, 1),
(209, 6900692, 26, 111, '2011-12-31 22:46:16', 'good', 0, 0),
(210, 6896127, 113, 112, '2011-12-31 05:39:55', 'چه عکسیییی چقدر زیبا :)', 1, 1),
(211, 6846567, 59, 115, '2011-12-23 11:15:21', 'hahahahahah fekr kardam shirin joon inaaa baraie shabe Yaldast avalesh,, hahahahhahahaha', 2, 1),
(212, 6854329, 26, 115, '2011-12-24 15:32:28', 'اینا چیه میشه توصیف کنید؟؟؟؟؟؟؟', 0, 0),
(213, 6855725, 1, 115, '2011-12-24 19:51:43', 'عرضم به حضورتون که انواع گوشت و سبزی خام از جمله ماهی میگو مرغ گوشت گاو  قارچ کاهو ترب و یک سری مواد غذایی چینی (بیشتر دریایی بودن) که همه نازک برش خورده بودند را در سس جوشان می ریختند و وقتی ‍(خیلی زود) پخته می شد همانجا از قابلمه در می آوردند و می خوردند و دوباره مواد جدید رو توی قابلمه می ریختند. سس هم خیلی تند بود چون فلفل قرمز اضافه شده بود!', 0, 0),
(214, 7507038, 138, 115, '2012-03-31 00:06:02', 'man fek kardam mavade avaliyas bara pokhte ghaza lol', 1, 1),
(215, 6852740, 61, 118, '2011-12-24 10:44:10', 'wooooow', 0, 0),
(216, 6190754, 40, 121, '2011-09-12 10:21:18', 'inja kodum shahre turkiast?', 0, 0),
(217, 6190757, 40, 121, '2011-09-12 10:21:38', 'kheili ghashange', 0, 0),
(218, 6899097, 1, 121, '2011-12-31 17:11:07', 'Ankara! Maghbare Ataturk!', 0, 0),
(219, 6196896, 12, 122, '2011-09-13 05:41:12', 'یادش بخیر', 1, 1),
(220, 6354404, 59, 122, '2011-10-08 11:43:09', 'miss uuuuuuuuuuuuuuuuuuuuuuuu', 1, 1),
(221, 6190936, 21, 123, '2011-09-12 10:47:19', 'in aks male keye?koja gereftid?', 0, 0),
(222, 6350227, 59, 123, '2011-10-07 16:10:07', 'azizzzzzzzzammm , khaleie golammmmm , ba arooose goltaresh', 1, 1),
(223, 6350288, 1, 123, '2011-10-07 16:17:38', 'Shoma khodetoon goli Hoda jan!', 0, 0),
(224, 6899103, 1, 123, '2011-12-31 17:12:43', 'Farnoush Zohourian inja Istanbul jelooye ghasre Dolmebaghche ast!', 0, 0),
(225, 6350176, 59, 130, '2011-10-07 16:00:52', 'che khoshkeleeeeeeeeeeeeeeeeeeeeeeeeeeeee', 2, 1),
(226, 6350284, 1, 130, '2011-10-07 16:17:13', 'jatoon khali bood Hoda jan!', 0, 0),
(227, 6354407, 59, 130, '2011-10-08 11:43:31', 'I knowwwwwwwwwwwwwwwwwwwwwwwwwwwwwwwwwwwwwwwwwwwwwwwwwwwwwwwwwwwwwwwwwwwww', 0, 0),
(228, 6196917, 12, 136, '2011-09-13 05:48:53', 'کاخ وموزه دلمه باغچه خیلی خوش گذشت خیلی', 0, 0),
(229, 9493276, 12, 136, '2012-12-26 14:00:11', 'کاخ دلمه باغچه.خوش به حال آتاترک واقعأبهشت بود', 0, 0),
(230, 9626978, 57, 136, '2013-01-13 17:06:21', 'fereshtegan ziba mehran jon sedighjon shirinjon dar in behesht mashaallhh', 2, 1),
(231, 6196920, 12, 137, '2011-09-13 05:49:47', 'عجب عکاسی داشتیا!', 1, 1),
(232, 6196921, 12, 137, '2011-09-13 05:49:53', 'عجب عکاسی داشتیا!', 1, 1),
(233, 9790010, 57, 139, '2013-02-05 21:20:02', '1000 mashaallaahh azizam', 0, 0),
(234, 6190945, 21, 142, '2011-09-12 10:49:00', 'very nice', 0, 0),
(235, 5114862, 17, 147, '2011-03-22 12:29:30', 'sale khubi dashte bashin :) :*', 0, 0),
(236, 4851811, 1, 148, '2011-02-06 08:49:07', 'are Nazanin jan.', 0, 0),
(237, 4598779, 17, 149, '2010-12-28 16:58:23', 'che barfi,sarma nakhuri ;) :)', 0, 0),
(238, 4590213, 54, 151, '2010-12-27 12:55:13', 'چه عکس قشنگی :)', 1, 1),
(239, 4598792, 17, 151, '2010-12-28 16:59:42', 'akhey,kheyli ghashange ;) :)', 0, 0),
(240, 4559813, 24, 153, '2010-12-22 10:24:47', 'akhey, shadiyatoon yaladi bashe', 1, 1),
(241, 4560105, 1, 153, '2010-12-22 11:35:53', 'Marjaaaan, ye chizi migiha!!', 0, 0),
(242, 4571911, 21, 153, '2010-12-24 13:05:39', 'vay shirin jun che aksaye ghashangi.cheghadr avaz shodi.che shabe yaldai gereftid.fekr konam jaye man khali bude.ali ke aksato did goft vaghean dige khanum dr shode.bala delam barat tang shode.', 1, 1),
(243, 4572671, 1, 153, '2010-12-24 16:01:10', 'Mersi Farnoush jan, jedi avaz shodam?!! jaye shoma kheili khali bood. manam kheili delam barat tan shode.', 0, 0),
(244, 4573241, 17, 153, '2010-12-24 18:04:45', ':)', 0, 0),
(245, 5158492, 90, 153, '2011-03-29 03:44:46', 'akhey shirin joon cheghad delam batrat tang shode! yadesh bekheir ...', 1, 1),
(246, 5460664, 53, 153, '2011-05-16 18:50:01', 'boooosh che naziiii :X:X', 0, 0),
(247, 4559163, 53, 154, '2010-12-22 07:14:07', 'Awesome!!', 1, 1),
(248, 4559916, 38, 154, '2010-12-22 10:52:43', 'ajab sofrei dokhtardaee', 1, 1),
(249, 4572676, 1, 154, '2010-12-24 16:02:28', 'Mersi Parinaz jan, are jat kheili khaiye. zood pasho biya dige.', 0, 0),
(250, 5460666, 53, 155, '2011-05-16 18:50:27', ':*', 0, 0),
(251, 4559161, 53, 156, '2010-12-22 07:13:49', 'hmmmm.....this is my favorite dish among those awesome ones!', 0, 0),
(252, 4560097, 1, 156, '2010-12-22 11:33:14', 'Azadeh jan, this one is a gift!!!', 0, 0),
(253, 4560653, 53, 156, '2010-12-22 13:33:16', 'eeeeheee...ghoch be haletoon!...didam too sofre avvali nabooda!!', 0, 0),
(254, 4560344, 142, 157, '2010-12-22 12:25:22', 'vaaaaoo ey val shirin joonam che anaaaaari bah bah :-*', 0, 0),
(255, 4574996, 92, 157, '2010-12-25 01:21:58', 'mani ke anar dos nadaram delam khast che basalighe', 0, 0),
(256, 4558660, 1, 158, '2010-12-22 03:09:36', 'Agha Saeed az axsaye ghashangi ke gereftid kheili mamnoon.', 0, 0),
(257, 4558662, 76, 158, '2010-12-22 03:10:46', 'Khahesh mikonam :)', 0, 0),
(258, 4559166, 53, 158, '2010-12-22 07:14:48', 'Awesome blossom!!', 0, 0),
(259, 4560107, 28, 159, '2010-12-22 11:36:04', 'aali bud aalli!! :*****', 1, 1),
(260, 4562982, 41, 160, '2010-12-22 21:47:43', 'shirin Agha Majid cheghad lagahr shodan!', 0, 0),
(261, 4563447, 1, 160, '2010-12-22 23:24:11', 'Are baba, hesabi varzesh mikone inja.', 0, 0),
(262, 4563464, 41, 160, '2010-12-22 23:28:04', 'ey val! khob pas az khoshiyeh, negaran shodam. have fun!', 0, 0),
(263, 5460486, 28, 161, '2011-05-16 18:16:02', 'ها! من تازه اینو دیدم! \nمن چرا تگ نیستم...هیییییییییییی\nخیلی عکس خوبیه\nمرسی شیرین:*', 0, 0),
(264, 5460531, 1, 161, '2011-05-16 18:20:39', 'e, ja oftadi! khodet tagesh kon khob ;) Dobare bayad injoori jam beshim :)', 1, 0),
(265, 5461027, 28, 161, '2011-05-16 19:50:13', 'مرسی سعید از تگ', 0, 0),
(266, 5461044, 76, 161, '2011-05-16 19:52:19', 'میشه ۵ دلار.', 1, 1),
(267, 5461049, 76, 161, '2011-05-16 19:52:53', 'قابل‌دار نیست البته', 0, 0),
(268, 5461074, 28, 161, '2011-05-16 19:55:09', ':D', 0, 0),
(269, 5461084, 28, 161, '2011-05-16 19:56:38', 'خیلی گرون حساب نکردی؟', 0, 0),
(270, 4457398, 23, 162, '2010-12-04 22:22:29', 'barffff..shirin jan be jaye man ham barf bazi kon...kheili vaghte barf nadidam', 0, 0),
(271, 4459600, 1, 162, '2010-12-05 10:21:46', 'vaght nadaram Narges jan, faghat oomadam biroon 4 ta axs gereftim o paridim sare kara! Ishala tatilate beine term ham barf biyad, oon moghe mirim barf bazi', 1, 0),
(272, 4457404, 23, 163, '2010-12-04 22:22:54', 'axe kheili ghashangiye..hamrah ba shirin gol e khoshkele ma', 1, 1),
(273, 4457763, 63, 163, '2010-12-04 23:56:04', 'bah bah che barfiiiiiiiiiii', 1, 1),
(274, 4458611, 24, 163, '2010-12-05 05:40:38', 'bahhhhhhhh che barfi. yekamesho befresid iran', 0, 0),
(275, 4459620, 1, 163, '2010-12-05 10:23:58', 'Are Soha jan, ma hamash inja ghose mikhorim ke chera inja inghadr baroon o barf miyad, Iran hichi. vali kheili ba maze, fekr konam az bas ma ina ro goftim, emsal barandegi inja kamtar az nesfe sale pish shode!!! ;)', 1, 0),
(276, 4469303, 17, 163, '2010-12-06 18:52:23', 'nice pic :)', 0, 0),
(277, 4458777, 27, 164, '2010-12-05 06:29:11', 'من هم برف می خوام، جای ما رو خالی کن شيرين جان', 0, 0),
(278, 4459590, 1, 164, '2010-12-05 10:19:43', 'ma az sarma faghat 4 ta axs gereftim o davidim too khoone ;) kheeeeili sarde!', 1, 0),
(279, 4457898, 54, 165, '2010-12-05 00:36:45', 'چه عکس قشنگی از ما دوتا :(', 1, 1),
(280, 4458837, 41, 166, '2010-12-05 06:47:28', 'wow, barf, man emsal barf nemibinam!tabestun poshteh tabestun!!delam barf mikhad, aaaaaaaaaaaa', 0, 0),
(281, 4459594, 1, 166, '2010-12-05 10:20:36', 'khosh be halet! haha! vali khodaeesh kheili ghashange. vali man tabestoono tarjih midam!', 1, 0),
(282, 4289163, 59, 167, '2010-11-06 23:49:58', 'azizammmmmm', 0, 0),
(283, 6196938, 12, 167, '2011-09-13 05:54:40', 'واقعأ چراهمه چی زودترازآنچه فکرکنیم خاطره میشه', 0, 0),
(284, 6899133, 1, 167, '2011-12-31 17:17:52', 'delam baratoon tange! :(', 0, 0),
(285, 6899646, 59, 167, '2011-12-31 18:57:38', '2 ta goool az beine ma raftan :-(', 0, 0),
(286, 4327783, 17, 168, '2010-11-13 13:26:16', 'etefaghan chand vaghte pish ke raftam to azmayeshgahe fani uni esf kheyli yade in roz budam', 0, 0),
(287, 4289530, 107, 169, '2010-11-07 01:44:20', 'akhey che axe ghashangii', 0, 0),
(288, 4327804, 17, 170, '2010-11-13 13:29:17', 'kheyli akse dostdashtanei,rohe amo hossein shad', 0, 0),
(289, 4327820, 17, 172, '2010-11-13 13:32:03', 'akhey,jashne fareghol tahsili mamanama bebin :) yade defae foghesham bekheyr,che rozi bud :s', 1, 1),
(290, 4245701, 28, 173, '2010-10-31 15:13:58', 'khosh be haletun, :) ma k hichi az in Halloween nadidimo nafahmidim :(inja koja bude asan shirin jun?', 0, 0),
(291, 4246731, 1, 173, '2010-10-31 17:11:46', 'inja khune ye ostada cs hastesh. daneshkade tartib dade bood.', 0, 0),
(292, 4247232, 28, 173, '2010-10-31 18:14:13', ':)', 0, 0),
(293, 4247818, 67, 173, '2010-10-31 19:37:51', 'pegah age berid hamun samte kirkwood ya walnut&kirkwood ghadam bezanin ye chizayi az halloween mibinin :)', 0, 0),
(294, 4253210, 28, 173, '2010-11-01 11:57:10', 'dishab k hich khabari nabud, unja che tor bud?', 0, 0),
(295, 4248953, 41, 174, '2010-10-31 21:55:12', 'che khoshgel shodi injaaaaaaaaaaa, moochhhhhhhhh', 1, 1),
(296, 4250714, 31, 174, '2010-11-01 02:30:38', ':* :)', 1, 1),
(297, 4255063, 122, 174, '2010-11-01 15:37:32', 'che axe ghashangi shirinjoun cheghadr shabihe mamanet shodi inja,khoshhhgel :*', 1, 1),
(298, 4116834, 17, 175, '2010-10-09 04:42:30', ':)', 0, 0),
(299, 4116842, 17, 177, '2010-10-09 04:45:34', 'che mare bozorgi gerefti ;)', 0, 0),
(300, 4116852, 17, 178, '2010-10-09 04:48:36', 'che khushgele  ;)', 0, 0),
(301, 4118004, 59, 178, '2010-10-09 11:50:02', 'lololol', 0, 0),
(302, 4116859, 17, 179, '2010-10-09 04:50:25', 'kheyli likeeeeeeeeeee :)', 0, 0),
(303, 4831922, 41, 179, '2011-02-02 19:50:03', 'lovely', 0, 0),
(304, 4116874, 17, 181, '2010-10-09 04:53:45', 'inam kheyli like ;)\ndelemon bara har 2taeiton kheyli tang shude ;)', 0, 0),
(305, 4117461, 1, 181, '2010-10-09 09:30:33', 'ma ham hamintor :(', 0, 0),
(306, 4118048, 59, 184, '2010-10-09 12:01:32', 'khojeleeee', 0, 0),
(307, 4118052, 59, 185, '2010-10-09 12:02:05', 'like itttttt', 0, 0),
(308, 3249276, 23, 192, '2010-05-07 12:32:25', 'so beautiful...golha ro nemigam, dooste golamo migam. :)', 0, 0),
(309, 3256674, 41, 192, '2010-05-09 00:52:34', 'khanoom ghol miyooneh ghola!', 0, 0),
(310, 3252216, 34, 194, '2010-05-08 02:28:08', 'very nice..', 0, 0),
(311, 3010815, 1, 197, '2010-03-20 20:13:05', 'Eyde shoma ham Mobarak Marjan joon, Sale por az movafaghiyat o shadi :)', 0, 0),
(312, 3011852, 59, 197, '2010-03-21 01:49:00', 'hamishe kanoone khonatoon Garm v Ranginnn ,,,\nEID mObarakkk', 0, 0),
(313, 3013273, 1, 197, '2010-03-21 11:54:49', 'Mamnoon Hoda joon, kheili dooooset daram. Midunam ke emsal khabaraye kheili khoshi mishnavim :)', 0, 0),
(314, 3014041, 1, 197, '2010-03-21 14:57:25', 'Kolan goftam Marjan jun :X', 0, 0),
(315, 3015473, 59, 197, '2010-03-21 19:47:28', 'hahahahahahah !! Mercii , ishala .. doam koninnnn', 0, 0),
(316, 3184747, 9, 197, '2010-04-24 23:22:55', 'سعادت وسربلندی وسلامتی وسرزنده گی و سرور وسکندری وسازندگی روزی نوروزتان شیرین جان ومجید جان از عمق وجودم دوستتان دارم', 0, 0),
(317, 3187074, 1, 197, '2010-04-25 12:42:47', 'Mamnoon Deyhim khanoom. Kheili kheili doooostetun darim :* :*', 0, 0),
(318, 3191146, 34, 197, '2010-04-26 02:51:56', 'bah bah,afarin dooste khosh saligheye man!!cheghadr haftsinet ghashango garme!ishala zendegitam mesle haftsinet hamishe garmo shad bashe.booooossss', 0, 0),
(319, 3010443, 6, 198, '2010-03-20 18:13:43', 'Eid shomah mobarak Shirin joon :) I wish you a great year! by the way, pretty haftseen <3', 0, 0),
(320, 3010822, 1, 198, '2010-03-20 20:15:25', 'Salam Shabnam joon, mersi azizam, I wish you more than a great year!! ', 0, 0),
(321, 3191155, 34, 198, '2010-04-26 02:54:22', 'sy sajn,shirine mehraboone man....', 0, 0),
(322, 3009808, 23, 199, '2010-03-20 15:36:40', 'Happy new year to you and your husband', 0, 0),
(323, 3010828, 1, 199, '2010-03-20 20:16:43', 'Happy Noruz Narges jan,  I wish see you this year :)', 0, 0),
(324, 3191152, 34, 199, '2010-04-26 02:54:00', 'che akse ghashangi!behtarin ha ro baratoon arezoo daram.', 0, 0),
(325, 2983993, 46, 200, '2010-03-15 04:46:52', 'axet kheili khoshghele :)\nvali alan vaghte axe sofre haftsine ha! axe bahari bezar ;)', 0, 0),
(326, 2985416, 1, 200, '2010-03-15 12:01:49', 'Fateme jan, akhe man chand ahi aghabam az hame chiz. ishala tabestun aksaye eid ro mizaram! :P', 0, 0),
(327, 2900987, 59, 201, '2010-02-25 22:24:39', 'be salamati azizam', 0, 0),
(328, 2902042, 130, 201, '2010-02-26 07:12:27', 'Shirin:  we are so proud of you, seeing u and your success made me having goose bumps, wishiing u the best and remember knowledge is power, and nobody can rob your intelligence. Iranians when given opportunities can flourish and make our world a better place to live and help the human kind. Once again congradualtion for your success in such a short time in USA.', 1, 1),
(329, 2902280, 142, 201, '2010-02-26 08:55:59', 'vaaaay azizam khanom doctore ma ro bebinid. muuuuuuuuch', 0, 0),
(330, 2902475, 17, 201, '2010-02-26 10:05:52', 'tiripet khanom doctori shude ;)\ninja kojast dige?', 0, 0),
(331, 2900005, 46, 202, '2010-02-25 17:58:21', 'گردهمايي فيمينيستيه؟ ;)', 0, 0),
(332, 2903188, 1, 202, '2010-02-26 13:19:05', 'Exactly :D', 0, 0),
(333, 2903515, 53, 202, '2010-02-26 14:46:08', 'vay chesham dar oomad...kodoomi? nafare haftom az chap radife bala?', 0, 0),
(334, 2903518, 53, 202, '2010-02-26 14:47:49', 'oh albate ye ehtemale ghavitar ine ke daghighan dar markaze jamiat bashi ba bolize sefid...hum?', 0, 0),
(335, 2903551, 62, 202, '2010-02-26 14:52:51', 'azadeh chera adress e ghalat midi, man peida kardam : D \nradife dovom az paeen. daghighan vast e radif : )', 0, 0),
(336, 2903708, 53, 202, '2010-02-26 15:28:26', 'khob manam hamoono migam boliz sefide dige..doroste?...vay shirin bia khalasemoon kon !', 0, 0),
(337, 2903791, 46, 202, '2010-02-26 15:49:18', 'hamune ke migin! vali bolizesh sooratiye baba! az axaye ghabli malume dige ;)', 0, 0),
(338, 2903806, 53, 202, '2010-02-26 15:54:26', 'eh man nadide boodam...! goftam ajab cheshme tizi dari khalaban!', 0, 0),
(339, 2903808, 53, 202, '2010-02-26 15:55:01', 'taze kolliam fekr karde boodam ke chejoori motmaen shodi jam feministie ina be in rizi!', 0, 0),
(340, 2903848, 46, 202, '2010-02-26 16:01:43', ':)))))\ndige dovomisho khodayish tu hamin axam mishod fahmid :P  albate dar khalabani budane cheshaye man ke harfi nis :D', 0, 0),
(341, 2905336, 1, 202, '2010-02-26 23:26:59', 'Che khabare inja! Bebib Adood khub deghat nakarde budi ;) Jaye hamatun khali, kheili fun bud, bemun yad midadan che joori hale aghayoon ro begirim ;)', 0, 0),
(342, 2905659, 53, 202, '2010-02-27 01:54:30', 'che jaleb! hala be che monasebat bood? 8 march ke naboode labod tavalode fatemeye zahra?', 0, 0),
(343, 2907811, 1, 202, '2010-02-27 15:18:03', ':D Gerdehamaee salane women in Computing bood. ', 0, 0),
(344, 2900989, 59, 203, '2010-02-25 22:24:53', 'so niceeeeeeeeeeeeeeee', 0, 0),
(345, 2901129, 16, 203, '2010-02-25 23:03:58', 'pretty girl!! :)', 0, 0),
(346, 4942133, 53, 204, '2011-02-21 10:59:37', 'شیر پوستر!!!!....لاکتونم دوست داریم خانم دکتر صورتی\n:*:*', 0, 0),
(347, 4944359, 1, 204, '2011-02-21 17:14:57', 'mersi Azadeh jan. Dirooz etefaghan yadet ro kardam. goftam chand vaghte azat khabar nadaram. hamishe shad bashi ;*', 0, 0),
(348, 2984101, 23, 207, '2010-03-15 05:32:33', 'beautiful', 0, 0),
(349, 1550824, 177, 209, '2013-02-19 11:46:50', '屌', 0, 0),
(350, 1563362, 177, 210, '2013-02-25 15:11:25', 'nice car', 0, 0),
(351, 1552771, 181, 221, '2013-02-20 11:40:45', '鹏叔，您这是毕业了？？考研了不？', 0, 0),
(352, 1552803, 161, 221, '2013-02-20 11:57:13', '是啊。上学期就毕业了。申请了，还在等信。。', 0, 0),
(353, 948329, 182, 222, '2012-04-03 00:44:22', '骚货', 0, 0),
(354, 949237, 161, 222, '2012-04-03 12:57:06', '干你！', 0, 0);

-- --------------------------------------------------------

--
-- Table structure for table `user_photo_likes`
--

CREATE TABLE IF NOT EXISTS `user_photo_likes` (
  `like_id` int(9) unsigned NOT NULL AUTO_INCREMENT,
  `user_id` int(9) unsigned NOT NULL,
  `photo_id` int(9) unsigned NOT NULL,
  PRIMARY KEY (`like_id`),
  KEY `user_id` (`user_id`,`photo_id`),
  KEY `photo_id` (`photo_id`)
) ENGINE=InnoDB  DEFAULT CHARSET=utf8 AUTO_INCREMENT=884 ;

--
-- Dumping data for table `user_photo_likes`
--

INSERT INTO `user_photo_likes` (`like_id`, `user_id`, `photo_id`) VALUES
(218, 2, 25),
(290, 2, 28),
(302, 2, 29),
(1, 3, 1),
(8, 3, 2),
(10, 3, 3),
(15, 3, 4),
(21, 3, 5),
(25, 3, 6),
(27, 3, 7),
(31, 3, 8),
(33, 3, 9),
(37, 3, 10),
(45, 3, 11),
(50, 3, 12),
(53, 3, 13),
(58, 3, 14),
(62, 3, 15),
(67, 3, 16),
(70, 3, 17),
(74, 3, 18),
(81, 3, 19),
(114, 3, 21),
(278, 3, 28),
(292, 3, 29),
(384, 3, 36),
(421, 3, 40),
(464, 3, 64),
(467, 3, 65),
(472, 3, 66),
(474, 3, 67),
(476, 3, 68),
(482, 3, 69),
(484, 3, 70),
(489, 3, 71),
(490, 3, 72),
(492, 3, 73),
(495, 3, 74),
(503, 3, 75),
(510, 3, 76),
(515, 3, 77),
(518, 3, 78),
(661, 3, 116),
(749, 3, 153),
(768, 3, 156),
(809, 3, 174),
(198, 4, 24),
(226, 4, 25),
(320, 5, 30),
(728, 6, 147),
(171, 7, 23),
(215, 7, 25),
(275, 7, 28),
(425, 7, 40),
(93, 8, 20),
(132, 8, 21),
(194, 8, 24),
(628, 8, 104),
(141, 9, 22),
(174, 9, 23),
(727, 10, 147),
(239, 12, 26),
(266, 12, 27),
(420, 12, 40),
(692, 12, 131),
(704, 12, 136),
(715, 12, 139),
(20, 13, 4),
(44, 13, 10),
(57, 13, 13),
(61, 13, 14),
(66, 13, 15),
(80, 13, 18),
(88, 13, 19),
(262, 13, 27),
(213, 14, 25),
(89, 16, 20),
(142, 17, 22),
(201, 17, 24),
(243, 17, 26),
(289, 17, 28),
(305, 17, 29),
(315, 17, 30),
(334, 17, 31),
(349, 17, 32),
(365, 17, 33),
(400, 17, 36),
(485, 17, 70),
(493, 17, 73),
(497, 17, 74),
(504, 17, 75),
(511, 17, 76),
(516, 17, 77),
(519, 17, 78),
(679, 17, 121),
(683, 17, 123),
(686, 17, 125),
(688, 17, 126),
(690, 17, 128),
(694, 17, 132),
(709, 17, 138),
(717, 17, 140),
(719, 17, 141),
(723, 17, 143),
(729, 17, 147),
(733, 17, 148),
(735, 17, 149),
(738, 17, 150),
(739, 17, 151),
(745, 17, 152),
(751, 17, 153),
(757, 17, 154),
(764, 17, 155),
(772, 17, 157),
(787, 17, 162),
(790, 17, 163),
(792, 17, 165),
(796, 17, 167),
(799, 17, 168),
(801, 17, 169),
(802, 17, 170),
(803, 17, 171),
(805, 17, 172),
(811, 17, 174),
(815, 17, 175),
(816, 17, 176),
(819, 17, 177),
(825, 17, 178),
(831, 17, 179),
(834, 17, 180),
(835, 17, 181),
(836, 17, 182),
(837, 17, 183),
(838, 17, 184),
(840, 17, 185),
(843, 17, 186),
(846, 17, 187),
(848, 17, 188),
(849, 17, 189),
(852, 17, 190),
(853, 17, 191),
(855, 17, 193),
(856, 17, 194),
(859, 17, 196),
(867, 17, 200),
(879, 17, 206),
(6, 18, 1),
(13, 18, 3),
(18, 18, 4),
(24, 18, 5),
(30, 18, 7),
(36, 18, 9),
(42, 18, 10),
(49, 18, 11),
(52, 18, 12),
(55, 18, 13),
(60, 18, 14),
(64, 18, 15),
(69, 18, 16),
(72, 18, 17),
(78, 18, 18),
(85, 18, 19),
(147, 18, 22),
(175, 18, 23),
(249, 18, 27),
(329, 18, 31),
(351, 18, 32),
(357, 18, 33),
(393, 18, 36),
(424, 18, 40),
(426, 18, 41),
(466, 18, 64),
(471, 18, 65),
(475, 18, 67),
(481, 18, 68),
(487, 18, 70),
(491, 18, 72),
(494, 18, 73),
(501, 18, 74),
(508, 18, 75),
(514, 18, 76),
(517, 18, 77),
(521, 18, 78),
(543, 18, 89),
(550, 18, 90),
(567, 18, 93),
(588, 18, 100),
(604, 18, 102),
(612, 18, 103),
(645, 18, 105),
(647, 18, 106),
(663, 18, 116),
(665, 18, 117),
(669, 18, 118),
(673, 18, 119),
(674, 18, 120),
(677, 18, 121),
(681, 18, 123),
(687, 18, 126),
(689, 18, 127),
(691, 18, 129),
(693, 18, 132),
(696, 18, 134),
(700, 18, 135),
(706, 18, 137),
(708, 18, 138),
(716, 18, 140),
(722, 18, 143),
(724, 18, 144),
(726, 18, 146),
(730, 18, 147),
(740, 18, 151),
(746, 18, 152),
(758, 18, 154),
(766, 18, 155),
(773, 18, 157),
(781, 18, 160),
(784, 18, 161),
(863, 18, 200),
(2, 21, 1),
(102, 21, 20),
(183, 21, 23),
(210, 21, 24),
(241, 21, 26),
(308, 21, 29),
(428, 21, 44),
(468, 21, 65),
(477, 21, 68),
(486, 21, 70),
(500, 21, 74),
(507, 21, 75),
(513, 21, 76),
(520, 21, 78),
(523, 21, 79),
(528, 21, 82),
(532, 21, 83),
(540, 21, 87),
(548, 21, 89),
(559, 21, 90),
(562, 21, 91),
(565, 21, 92),
(575, 21, 94),
(595, 21, 100),
(603, 21, 101),
(611, 21, 102),
(618, 21, 103),
(684, 21, 123),
(698, 21, 134),
(707, 21, 137),
(710, 21, 138),
(718, 21, 140),
(720, 21, 142),
(340, 22, 32),
(651, 22, 109),
(4, 23, 1),
(12, 23, 3),
(40, 23, 10),
(77, 23, 18),
(83, 23, 19),
(113, 23, 20),
(240, 23, 26),
(271, 23, 27),
(309, 23, 29),
(339, 23, 31),
(355, 23, 32),
(362, 23, 33),
(379, 23, 35),
(403, 23, 36),
(441, 23, 50),
(444, 23, 51),
(450, 23, 55),
(457, 23, 59),
(463, 23, 63),
(465, 23, 64),
(473, 23, 66),
(479, 23, 68),
(549, 23, 89),
(560, 23, 90),
(563, 23, 91),
(576, 23, 94),
(596, 23, 100),
(650, 23, 108),
(664, 23, 116),
(667, 23, 117),
(670, 23, 118),
(699, 23, 134),
(701, 23, 135),
(721, 23, 142),
(732, 23, 147),
(756, 23, 153),
(761, 23, 154),
(789, 23, 162),
(804, 23, 172),
(814, 23, 174),
(821, 23, 177),
(827, 23, 178),
(832, 23, 179),
(854, 23, 192),
(857, 23, 195),
(858, 23, 196),
(860, 23, 197),
(862, 23, 199),
(865, 23, 200),
(872, 23, 201),
(874, 23, 204),
(876, 23, 205),
(878, 23, 206),
(104, 24, 20),
(381, 24, 36),
(629, 24, 104),
(794, 24, 166),
(108, 25, 20),
(122, 25, 21),
(161, 25, 22),
(176, 25, 23),
(224, 25, 25),
(388, 25, 36),
(641, 25, 104),
(806, 26, 173),
(117, 27, 21),
(159, 27, 22),
(166, 27, 23),
(191, 27, 24),
(300, 27, 29),
(327, 27, 31),
(755, 27, 153),
(775, 27, 158),
(812, 27, 174),
(5, 28, 1),
(17, 28, 4),
(23, 28, 5),
(29, 28, 7),
(35, 28, 9),
(41, 28, 10),
(48, 28, 11),
(84, 28, 19),
(172, 28, 23),
(208, 28, 24),
(284, 28, 28),
(304, 28, 29),
(319, 28, 30),
(335, 28, 31),
(353, 28, 32),
(361, 28, 33),
(376, 28, 34),
(423, 28, 40),
(427, 28, 43),
(430, 28, 44),
(436, 28, 48),
(439, 28, 50),
(448, 28, 55),
(453, 28, 58),
(455, 28, 59),
(460, 28, 61),
(470, 28, 65),
(480, 28, 68),
(557, 28, 90),
(569, 28, 93),
(574, 28, 94),
(579, 28, 95),
(580, 28, 96),
(593, 28, 100),
(601, 28, 101),
(609, 28, 102),
(616, 28, 103),
(627, 28, 104),
(778, 28, 159),
(780, 28, 160),
(783, 28, 161),
(137, 30, 21),
(212, 30, 25),
(291, 30, 28),
(380, 30, 36),
(126, 31, 21),
(219, 31, 25),
(288, 31, 28),
(316, 31, 30),
(337, 31, 31),
(350, 31, 32),
(398, 31, 36),
(813, 31, 174),
(184, 32, 23),
(209, 32, 24),
(222, 32, 25),
(236, 32, 26),
(260, 32, 27),
(296, 32, 29),
(537, 32, 86),
(553, 32, 90),
(572, 32, 94),
(591, 32, 100),
(598, 32, 101),
(605, 32, 102),
(19, 33, 4),
(87, 33, 19),
(157, 33, 22),
(264, 33, 27),
(298, 33, 29),
(313, 33, 30),
(390, 33, 36),
(415, 33, 40),
(429, 33, 44),
(435, 33, 48),
(442, 33, 51),
(459, 33, 61),
(462, 33, 62),
(469, 33, 65),
(478, 33, 68),
(483, 33, 69),
(498, 33, 74),
(505, 33, 75),
(547, 33, 89),
(558, 33, 90),
(561, 33, 91),
(581, 33, 96),
(582, 33, 97),
(586, 33, 99),
(594, 33, 100),
(602, 33, 101),
(610, 33, 102),
(617, 33, 103),
(625, 33, 104),
(675, 33, 120),
(678, 33, 121),
(682, 33, 123),
(685, 33, 125),
(697, 33, 134),
(782, 33, 161),
(111, 34, 20),
(127, 34, 21),
(238, 34, 26),
(255, 34, 27),
(626, 34, 104),
(123, 37, 21),
(396, 37, 36),
(110, 38, 20),
(138, 38, 21),
(151, 38, 22),
(196, 38, 24),
(220, 38, 25),
(235, 38, 26),
(259, 38, 27),
(295, 38, 29),
(325, 38, 31),
(342, 38, 32),
(359, 38, 33),
(369, 38, 34),
(386, 38, 36),
(412, 38, 39),
(753, 38, 153),
(131, 39, 21),
(245, 39, 26),
(272, 39, 27),
(307, 39, 29),
(324, 39, 30),
(338, 39, 31),
(409, 39, 38),
(181, 40, 23),
(233, 40, 26),
(524, 40, 79),
(530, 40, 82),
(534, 40, 83),
(676, 40, 120),
(261, 41, 27),
(529, 41, 82),
(533, 41, 83),
(752, 41, 153),
(765, 41, 155),
(841, 41, 186),
(287, 42, 28),
(416, 42, 40),
(512, 42, 76),
(589, 42, 100),
(323, 43, 30),
(120, 44, 21),
(149, 44, 22),
(200, 44, 24),
(285, 44, 28),
(205, 45, 24),
(356, 45, 33),
(395, 45, 36),
(541, 45, 88),
(546, 45, 89),
(555, 45, 90),
(573, 45, 94),
(577, 45, 95),
(585, 45, 99),
(592, 45, 100),
(600, 45, 101),
(607, 45, 102),
(614, 45, 103),
(160, 46, 22),
(185, 46, 23),
(246, 46, 26),
(273, 46, 27),
(754, 46, 153),
(760, 46, 154),
(866, 46, 200),
(871, 46, 201),
(179, 48, 23),
(189, 48, 24),
(223, 48, 25),
(125, 49, 21),
(225, 49, 25),
(247, 49, 26),
(301, 49, 29),
(318, 49, 30),
(95, 50, 20),
(322, 53, 30),
(373, 53, 34),
(741, 53, 151),
(750, 53, 153),
(759, 53, 154),
(763, 53, 155),
(770, 53, 156),
(776, 53, 158),
(818, 53, 177),
(824, 53, 178),
(842, 53, 186),
(845, 53, 187),
(873, 53, 203),
(207, 54, 24),
(248, 54, 26),
(265, 54, 27),
(348, 54, 32),
(377, 54, 34),
(488, 54, 70),
(502, 54, 74),
(509, 54, 75),
(545, 54, 89),
(554, 54, 90),
(599, 54, 101),
(606, 54, 102),
(613, 54, 103),
(737, 54, 149),
(743, 54, 151),
(747, 54, 152),
(779, 54, 160),
(785, 54, 161),
(788, 54, 162),
(795, 54, 166),
(822, 54, 178),
(830, 54, 179),
(839, 54, 185),
(73, 55, 18),
(94, 55, 20),
(383, 55, 36),
(418, 55, 40),
(621, 55, 104),
(129, 56, 21),
(162, 56, 22),
(167, 56, 23),
(211, 56, 25),
(253, 56, 27),
(282, 56, 28),
(389, 56, 36),
(642, 56, 104),
(188, 57, 24),
(417, 57, 40),
(544, 57, 89),
(552, 57, 90),
(568, 57, 93),
(571, 57, 94),
(584, 57, 99),
(590, 57, 100),
(597, 57, 101),
(646, 57, 106),
(702, 57, 136),
(711, 57, 139),
(868, 58, 200),
(39, 59, 10),
(47, 59, 11),
(283, 59, 28),
(399, 59, 36),
(419, 59, 40),
(499, 59, 74),
(506, 59, 75),
(643, 59, 104),
(648, 59, 106),
(657, 59, 114),
(660, 59, 115),
(668, 59, 117),
(672, 59, 118),
(680, 59, 122),
(695, 59, 133),
(703, 59, 136),
(713, 59, 139),
(797, 59, 167),
(877, 59, 206),
(666, 61, 117),
(76, 62, 18),
(107, 62, 20),
(206, 62, 24),
(228, 62, 25),
(244, 62, 26),
(269, 62, 27),
(330, 62, 31),
(354, 62, 32),
(366, 62, 33),
(870, 62, 201),
(7, 63, 1),
(14, 63, 3),
(43, 63, 10),
(56, 63, 13),
(65, 63, 15),
(79, 63, 18),
(86, 63, 19),
(182, 63, 23),
(242, 63, 26),
(336, 63, 31),
(431, 63, 44),
(432, 63, 45),
(433, 63, 46),
(434, 63, 47),
(437, 63, 48),
(438, 63, 49),
(440, 63, 50),
(443, 63, 51),
(445, 63, 52),
(446, 63, 53),
(447, 63, 54),
(449, 63, 55),
(451, 63, 56),
(452, 63, 57),
(454, 63, 58),
(456, 63, 59),
(458, 63, 60),
(461, 63, 61),
(551, 63, 90),
(566, 63, 93),
(570, 63, 94),
(587, 63, 100),
(705, 63, 136),
(714, 63, 139),
(731, 63, 147),
(736, 63, 149),
(742, 63, 151),
(767, 63, 155),
(771, 63, 156),
(774, 63, 157),
(791, 63, 163),
(828, 63, 178),
(833, 63, 179),
(847, 63, 187),
(851, 63, 189),
(864, 63, 200),
(875, 63, 205),
(257, 65, 27),
(556, 67, 90),
(564, 67, 92),
(578, 67, 95),
(583, 67, 98),
(608, 67, 102),
(615, 67, 103),
(193, 69, 24),
(217, 69, 25),
(234, 69, 26),
(250, 69, 27),
(280, 69, 28),
(294, 69, 29),
(310, 69, 30),
(341, 69, 32),
(358, 69, 33),
(368, 69, 34),
(385, 69, 36),
(404, 69, 37),
(407, 69, 38),
(411, 69, 39),
(522, 69, 79),
(525, 69, 80),
(526, 69, 81),
(527, 69, 82),
(531, 69, 83),
(535, 69, 84),
(536, 69, 85),
(538, 69, 86),
(539, 69, 87),
(658, 71, 115),
(146, 72, 22),
(306, 76, 29),
(352, 76, 32),
(542, 76, 88),
(619, 76, 103),
(671, 76, 118),
(734, 76, 148),
(762, 76, 154),
(769, 76, 156),
(777, 76, 158),
(786, 76, 161),
(793, 76, 165),
(829, 76, 178),
(128, 77, 21),
(139, 77, 22),
(173, 77, 23),
(268, 77, 27),
(331, 77, 31),
(375, 77, 34),
(817, 77, 177),
(823, 77, 178),
(221, 78, 25),
(237, 78, 26),
(251, 78, 27),
(281, 78, 28),
(297, 78, 29),
(311, 78, 30),
(326, 78, 31),
(343, 78, 32),
(360, 78, 33),
(370, 78, 34),
(378, 78, 35),
(387, 78, 36),
(405, 78, 37),
(408, 78, 38),
(413, 78, 39),
(496, 78, 74),
(712, 78, 139),
(744, 78, 151),
(748, 78, 152),
(869, 78, 201),
(178, 79, 23),
(195, 79, 24),
(109, 81, 20),
(99, 82, 20),
(124, 82, 21),
(154, 82, 22),
(202, 82, 24),
(231, 82, 26),
(635, 82, 104),
(134, 83, 21),
(270, 84, 27),
(820, 85, 177),
(844, 85, 186),
(203, 86, 24),
(163, 88, 22),
(204, 88, 24),
(256, 88, 27),
(810, 88, 174),
(644, 89, 104),
(96, 90, 20),
(267, 90, 27),
(100, 92, 20),
(826, 92, 178),
(850, 92, 189),
(346, 93, 32),
(394, 93, 36),
(406, 93, 37),
(410, 93, 38),
(630, 93, 104),
(199, 94, 24),
(263, 94, 27),
(321, 94, 30),
(652, 94, 109),
(653, 94, 110),
(655, 94, 111),
(656, 94, 113),
(662, 100, 116),
(725, 100, 146),
(98, 101, 20),
(119, 101, 21),
(145, 101, 22),
(374, 101, 34),
(397, 101, 36),
(808, 101, 173),
(130, 102, 21),
(156, 102, 22),
(227, 102, 25),
(276, 102, 28),
(112, 103, 20),
(136, 103, 21),
(148, 103, 22),
(168, 103, 23),
(186, 103, 24),
(214, 103, 25),
(229, 103, 26),
(274, 103, 28),
(328, 103, 31),
(344, 103, 32),
(371, 103, 34),
(382, 103, 36),
(623, 103, 104),
(133, 104, 21),
(169, 104, 23),
(252, 107, 27),
(312, 107, 30),
(861, 107, 198),
(636, 108, 104),
(333, 109, 31),
(92, 110, 20),
(150, 110, 22),
(170, 110, 23),
(277, 110, 28),
(299, 110, 29),
(391, 110, 36),
(414, 110, 39),
(659, 110, 115),
(135, 111, 21),
(649, 113, 107),
(654, 113, 111),
(303, 114, 29),
(317, 114, 30),
(332, 114, 31),
(364, 114, 33),
(631, 114, 104),
(401, 115, 36),
(632, 116, 104),
(345, 120, 32),
(372, 120, 34),
(807, 120, 173),
(90, 121, 20),
(258, 121, 27),
(624, 121, 104),
(402, 122, 36),
(177, 123, 23),
(190, 123, 24),
(3, 124, 1),
(9, 124, 2),
(11, 124, 3),
(16, 124, 4),
(22, 124, 5),
(26, 124, 6),
(28, 124, 7),
(32, 124, 8),
(34, 124, 9),
(38, 124, 10),
(46, 124, 11),
(51, 124, 12),
(54, 124, 13),
(59, 124, 14),
(63, 124, 15),
(68, 124, 16),
(71, 124, 17),
(75, 124, 18),
(82, 124, 19),
(118, 124, 21),
(144, 124, 22),
(279, 124, 28),
(422, 124, 40),
(620, 124, 104),
(91, 125, 20),
(97, 126, 20),
(180, 126, 23),
(187, 126, 24),
(216, 126, 25),
(230, 126, 26),
(101, 127, 20),
(103, 128, 20),
(153, 128, 22),
(105, 129, 20),
(140, 129, 22),
(106, 130, 20),
(115, 131, 21),
(164, 131, 23),
(293, 131, 29),
(116, 132, 21),
(165, 132, 23),
(121, 133, 21),
(232, 133, 26),
(143, 134, 22),
(152, 135, 22),
(155, 136, 22),
(197, 136, 24),
(622, 136, 104),
(158, 137, 22),
(192, 138, 24),
(254, 139, 27),
(286, 140, 28),
(314, 141, 30),
(347, 143, 32),
(363, 144, 33),
(367, 145, 33),
(392, 146, 36),
(633, 152, 104),
(634, 153, 104),
(637, 154, 104),
(638, 155, 104),
(639, 156, 104),
(640, 157, 104),
(798, 174, 168),
(800, 174, 169),
(881, 177, 209),
(882, 177, 210),
(880, 179, 208),
(883, 181, 221);

-- --------------------------------------------------------

--
-- Table structure for table `user_photo_tags`
--

CREATE TABLE IF NOT EXISTS `user_photo_tags` (
  `tag_id` int(9) unsigned NOT NULL AUTO_INCREMENT,
  `user_id` int(9) unsigned NOT NULL,
  `photo_id` int(9) unsigned NOT NULL,
  PRIMARY KEY (`tag_id`),
  KEY `user_id` (`user_id`,`photo_id`),
  KEY `photo_id` (`photo_id`)
) ENGINE=InnoDB  DEFAULT CHARSET=utf8 AUTO_INCREMENT=574 ;

--
-- Dumping data for table `user_photo_tags`
--

INSERT INTO `user_photo_tags` (`tag_id`, `user_id`, `photo_id`) VALUES
(483, 1, 40),
(511, 1, 116),
(516, 1, 123),
(517, 1, 124),
(518, 1, 125),
(520, 1, 130),
(521, 1, 131),
(522, 1, 132),
(524, 1, 134),
(525, 1, 136),
(526, 1, 137),
(527, 1, 138),
(528, 1, 139),
(529, 1, 140),
(530, 1, 142),
(531, 1, 143),
(540, 1, 156),
(562, 1, 174),
(480, 8, 30),
(515, 12, 122),
(519, 12, 130),
(523, 12, 133),
(497, 18, 72),
(501, 18, 77),
(512, 18, 116),
(538, 18, 154),
(551, 18, 160),
(510, 28, 116),
(546, 28, 159),
(549, 28, 160),
(555, 28, 161),
(513, 33, 116),
(500, 42, 76),
(508, 42, 116),
(537, 42, 154),
(544, 42, 159),
(548, 42, 160),
(554, 42, 161),
(509, 45, 116),
(533, 54, 145),
(535, 54, 146),
(536, 54, 148),
(539, 54, 154),
(541, 54, 156),
(543, 54, 158),
(553, 54, 160),
(558, 54, 161),
(559, 54, 164),
(560, 54, 165),
(485, 57, 40),
(493, 65, 68),
(505, 69, 83),
(563, 73, 174),
(495, 75, 72),
(507, 76, 88),
(534, 76, 146),
(542, 76, 158),
(552, 76, 160),
(557, 76, 161),
(477, 78, 24),
(478, 78, 27),
(479, 78, 29),
(481, 78, 36),
(484, 78, 40),
(488, 78, 42),
(490, 78, 43),
(491, 78, 44),
(494, 78, 70),
(496, 78, 72),
(498, 78, 73),
(503, 78, 78),
(514, 94, 116),
(545, 143, 159),
(550, 143, 160),
(556, 143, 161),
(547, 146, 160),
(482, 149, 40),
(486, 149, 41),
(487, 149, 42),
(489, 149, 43),
(492, 150, 68),
(499, 151, 73),
(502, 151, 77),
(504, 151, 83),
(506, 151, 84),
(532, 159, 145),
(564, 161, 211),
(565, 161, 212),
(566, 161, 213),
(567, 161, 214),
(568, 161, 215),
(569, 161, 216),
(570, 161, 217),
(571, 161, 218),
(572, 161, 219),
(561, 175, 174),
(573, 180, 220);

-- --------------------------------------------------------

--
-- Table structure for table `user_posts`
--

CREATE TABLE IF NOT EXISTS `user_posts` (
  `post_id` int(9) unsigned NOT NULL AUTO_INCREMENT,
  `post_fb_id` bigint(19) unsigned NOT NULL,
  `user_id` int(9) unsigned NOT NULL,
  `type` varchar(100) NOT NULL,
  `created_time` datetime NOT NULL,
  PRIMARY KEY (`post_id`),
  KEY `user_id` (`user_id`)
) ENGINE=InnoDB  DEFAULT CHARSET=utf8 AUTO_INCREMENT=81 ;

--
-- Dumping data for table `user_posts`
--

INSERT INTO `user_posts` (`post_id`, `post_fb_id`, `user_id`, `type`, `created_time`) VALUES
(1, 10151496455946043, 1, 'wall_post', '2013-02-28 15:48:52'),
(2, 10151491822296043, 1, 'wall_post', '2013-02-26 14:28:29'),
(3, 10151491821886043, 1, 'wall_post', '2013-02-26 14:28:11'),
(4, 10151489433036043, 1, 'approved_friend', '2013-02-25 11:26:36'),
(5, 10151486141036043, 1, 'wall_post', '2013-02-24 00:42:25'),
(6, 606325966049305, 1, 'shared_story', '2013-02-18 18:02:01'),
(7, 10151475417396043, 1, 'wall_post', '2013-02-18 16:27:18'),
(8, 10151472940556043, 1, 'wall_post', '2013-02-17 11:54:19'),
(9, 118655864984075, 1, 'shared_story', '2013-02-17 11:40:07'),
(10, 10151470014461043, 1, 'wall_post', '2013-02-16 00:49:23'),
(11, 10151467358326043, 1, 'wall_post', '2013-02-14 18:00:07'),
(12, 10151467357516043, 1, 'wall_post', '2013-02-14 17:59:28'),
(13, 10151462812716043, 1, 'wall_post', '2013-02-12 14:54:14'),
(14, 10151453134091043, 1, 'wall_post', '2013-02-07 20:42:23'),
(15, 10151451389866043, 1, 'wall_post', '2013-02-06 21:45:03'),
(16, 10151444781431043, 1, 'wall_post', '2013-02-03 16:02:59'),
(17, 161643870651307, 1, 'shared_story', '2013-02-03 11:53:54'),
(18, 406267649457620, 1, 'shared_story', '2013-01-26 14:11:13'),
(19, 10151406805651043, 1, 'wall_post', '2013-01-26 10:19:22'),
(20, 10151406797391043, 1, 'wall_post', '2013-01-26 10:10:19'),
(21, 319046444862513, 1, 'shared_story', '2013-01-22 17:11:15'),
(22, 10151398902511043, 1, 'wall_post', '2013-01-21 15:14:58'),
(23, 150895351729125, 1, 'shared_story', '2013-01-20 16:16:52'),
(24, 10151391382916043, 1, 'wall_post', '2013-01-17 11:36:01'),
(25, 10151381700106043, 1, 'wall_post', '2013-01-11 19:17:26'),
(26, 10151381697726043, 1, 'wall_post', '2013-01-11 19:15:12'),
(27, 10151379849561043, 1, 'wall_post', '2013-01-10 14:01:47'),
(28, 10151372680526043, 1, 'wall_post', '2013-01-05 20:25:12'),
(29, 10151370649991043, 1, 'wall_post', '2013-01-04 14:01:42'),
(30, 504101156301319, 1, 'shared_story', '2013-01-03 15:14:49'),
(31, 10151367792451043, 1, 'wall_post', '2013-01-02 21:15:04'),
(32, 10151363248646043, 1, 'wall_post', '2012-12-31 09:23:26'),
(33, 10151363248091043, 1, 'wall_post', '2012-12-31 09:22:49'),
(34, 10151363247401043, 1, 'wall_post', '2012-12-31 09:22:08'),
(35, 10151361247301043, 1, 'wall_post', '2012-12-30 01:54:32'),
(36, 10151358999781043, 1, 'approved_friend', '2012-12-28 15:48:32'),
(37, 10151348764411043, 1, 'approved_friend', '2012-12-22 16:31:27'),
(38, 10151344057756043, 1, 'approved_friend', '2012-12-19 14:43:45'),
(39, 10151333799021043, 1, 'wall_post', '2012-12-13 00:42:06'),
(40, 381496958610239, 1, 'shared_story', '2012-12-03 14:09:31'),
(41, 10151318292216043, 1, 'wall_post', '2012-12-02 15:32:24'),
(42, 10151318279586043, 1, 'wall_post', '2012-12-02 15:23:29'),
(43, 256610474466656, 1, 'shared_story', '2012-11-28 22:18:03'),
(44, 10151311160166043, 1, 'wall_post', '2012-11-27 17:53:56'),
(45, 535416196478973, 161, 'approved_friend', '2013-02-26 17:40:42'),
(46, 132388283605624, 161, 'shared_story', '2013-02-26 14:31:38'),
(47, 517632854956223, 161, 'shared_story', '2013-02-26 13:24:01'),
(48, 535317953155464, 161, 'wall_post', '2013-02-26 13:02:46'),
(49, 534666666553926, 161, 'approved_friend', '2013-02-24 23:26:31'),
(50, 533433880010538, 161, 'approved_friend', '2013-02-21 22:00:23'),
(51, 532901903397069, 161, 'approved_friend', '2013-02-20 11:53:55'),
(52, 532508496769743, 161, 'approved_friend', '2013-02-19 11:38:06'),
(53, 526220034065256, 161, 'approved_friend', '2013-02-05 23:39:10'),
(54, 520407371313189, 161, 'approved_friend', '2013-01-31 10:18:02'),
(55, 478730998814160, 161, 'approved_friend', '2012-10-27 18:57:12'),
(56, 477696582250935, 161, 'approved_friend', '2012-10-25 04:08:27'),
(57, 387693457917915, 161, 'approved_friend', '2012-04-16 22:06:47'),
(58, 378382808848980, 161, 'approved_friend', '2012-04-03 12:53:27'),
(59, 362648777089050, 161, 'approved_friend', '2012-03-07 17:05:07'),
(60, 362648770422384, 161, 'approved_friend', '2012-03-07 17:05:06'),
(61, 345094195511175, 161, 'approved_friend', '2012-02-09 00:57:06'),
(62, 296242913729637, 161, 'approved_friend', '2011-11-21 15:02:50'),
(63, 296242277063034, 161, 'approved_friend', '2011-11-21 15:01:37'),
(64, 289370604416868, 161, 'approved_friend', '2011-11-08 17:11:18'),
(65, 179509872133181, 161, 'shared_story', '2011-10-27 14:36:32'),
(66, 279132542107341, 161, 'approved_friend', '2011-10-17 00:40:36'),
(67, 279132495440679, 161, 'approved_friend', '2011-10-17 00:40:25'),
(68, 279132382107357, 161, 'approved_friend', '2011-10-17 00:39:58'),
(69, 276784999008762, 161, 'approved_friend', '2011-10-11 22:06:46'),
(70, 272425812778014, 161, 'approved_friend', '2011-10-02 02:40:18'),
(71, 265151333505462, 161, 'approved_friend', '2011-09-15 16:26:39'),
(72, 264687740218488, 161, 'approved_friend', '2011-09-14 15:04:19'),
(73, 260244227329506, 161, 'approved_friend', '2011-09-05 01:10:17'),
(74, 250701948283734, 161, 'approved_friend', '2011-08-16 17:28:00'),
(75, 244934665527129, 161, 'approved_friend', '2011-08-04 17:25:23'),
(76, 230659163621346, 161, 'approved_friend', '2011-07-05 15:40:50'),
(77, 214523848568211, 161, 'approved_friend', '2011-06-13 14:19:42'),
(78, 203121263041803, 161, 'approved_friend', '2011-05-19 12:26:02'),
(79, 192981330722463, 161, 'approved_friend', '2011-03-05 22:13:28'),
(80, 537215109632415, 161, 'approved_friend', '2013-03-02 22:12:19');

-- --------------------------------------------------------

--
-- Table structure for table `user_post_comments`
--

CREATE TABLE IF NOT EXISTS `user_post_comments` (
  `comment_id` int(9) unsigned NOT NULL AUTO_INCREMENT,
  `comment_fb_id` int(9) unsigned NOT NULL,
  `user_id` int(9) unsigned NOT NULL,
  `post_id` int(9) unsigned NOT NULL,
  `created_time` datetime NOT NULL,
  `content` text NOT NULL,
  PRIMARY KEY (`comment_id`),
  KEY `comment_fb_id` (`comment_fb_id`,`user_id`,`post_id`),
  KEY `user_id` (`user_id`),
  KEY `post_id` (`post_id`)
) ENGINE=InnoDB  DEFAULT CHARSET=utf8 AUTO_INCREMENT=9 ;

--
-- Dumping data for table `user_post_comments`
--

INSERT INTO `user_post_comments` (`comment_id`, `comment_fb_id`, `user_id`, `post_id`, `created_time`, `content`) VALUES
(1, 7335538, 21, 6, '2013-02-18 18:14:52', ':)'),
(2, 1484893, 28, 21, '2013-01-22 17:28:47', 'بابا معروف!!! :)'),
(3, 1484943, 18, 21, '2013-01-22 17:58:33', 'ِdaghighan mikhastam hamini ke pegah goft begam :D'),
(4, 1484985, 53, 21, '2013-01-22 18:22:37', 'You are a technical woman!...Incidentally in red turtlenecks. :)'),
(5, 1485221, 1, 21, '2013-01-22 20:24:03', 'haha! kheili khande dare'),
(6, 1485380, 40, 21, '2013-01-22 21:36:43', 'wow wow wow'),
(7, 2376888, 54, 40, '2012-12-12 22:31:22', ':('),
(8, 5412513, 177, 47, '2013-02-27 14:17:26', '.');

-- --------------------------------------------------------

--
-- Table structure for table `user_post_likes`
--

CREATE TABLE IF NOT EXISTS `user_post_likes` (
  `like_id` int(9) unsigned NOT NULL AUTO_INCREMENT,
  `user_id` int(9) unsigned NOT NULL,
  `post_id` int(9) unsigned NOT NULL,
  PRIMARY KEY (`like_id`),
  KEY `user_id` (`user_id`,`post_id`),
  KEY `post_id` (`post_id`)
) ENGINE=InnoDB  DEFAULT CHARSET=utf8 AUTO_INCREMENT=26 ;

--
-- Dumping data for table `user_post_likes`
--

INSERT INTO `user_post_likes` (`like_id`, `user_id`, `post_id`) VALUES
(14, 16, 21),
(23, 18, 43),
(4, 21, 6),
(21, 21, 40),
(3, 23, 6),
(8, 26, 18),
(2, 28, 6),
(22, 32, 43),
(1, 40, 6),
(5, 40, 9),
(13, 40, 21),
(20, 40, 40),
(17, 46, 23),
(16, 48, 23),
(19, 49, 40),
(9, 55, 18),
(11, 57, 21),
(7, 74, 9),
(15, 87, 23),
(24, 87, 43),
(12, 92, 21),
(10, 110, 18),
(6, 120, 9),
(18, 132, 23),
(25, 177, 47);

-- --------------------------------------------------------

--
-- Table structure for table `user_post_tags`
--

CREATE TABLE IF NOT EXISTS `user_post_tags` (
  `tag_id` int(9) unsigned NOT NULL AUTO_INCREMENT,
  `user_id` int(9) unsigned NOT NULL,
  `post_id` int(9) unsigned NOT NULL,
  PRIMARY KEY (`tag_id`),
  KEY `user_id` (`user_id`,`post_id`),
  KEY `post_id` (`post_id`)
) ENGINE=InnoDB  DEFAULT CHARSET=utf8 AUTO_INCREMENT=126 ;

--
-- Dumping data for table `user_post_tags`
--

INSERT INTO `user_post_tags` (`tag_id`, `user_id`, `post_id`) VALUES
(4, 1, 4),
(7, 1, 6),
(10, 1, 9),
(18, 1, 17),
(19, 1, 18),
(24, 1, 23),
(32, 1, 30),
(38, 1, 36),
(40, 1, 37),
(42, 1, 38),
(47, 1, 43),
(12, 4, 11),
(16, 16, 15),
(23, 21, 22),
(46, 21, 42),
(41, 22, 37),
(1, 25, 1),
(37, 28, 35),
(36, 33, 34),
(22, 41, 20),
(15, 45, 14),
(27, 46, 25),
(6, 47, 5),
(31, 49, 29),
(45, 49, 41),
(11, 51, 10),
(34, 54, 32),
(13, 60, 12),
(21, 88, 19),
(9, 92, 8),
(29, 98, 27),
(44, 119, 39),
(8, 133, 7),
(28, 151, 26),
(3, 157, 3),
(2, 160, 2),
(5, 161, 4),
(50, 161, 45),
(52, 161, 46),
(54, 161, 47),
(56, 161, 49),
(59, 161, 50),
(61, 161, 51),
(63, 161, 52),
(66, 161, 53),
(68, 161, 54),
(71, 161, 55),
(74, 161, 56),
(76, 161, 57),
(78, 161, 58),
(80, 161, 59),
(82, 161, 60),
(84, 161, 61),
(86, 161, 62),
(88, 161, 63),
(90, 161, 64),
(92, 161, 65),
(93, 161, 66),
(95, 161, 67),
(97, 161, 68),
(99, 161, 69),
(101, 161, 70),
(103, 161, 71),
(105, 161, 72),
(107, 161, 73),
(109, 161, 74),
(111, 161, 75),
(113, 161, 76),
(115, 161, 77),
(118, 161, 78),
(121, 161, 79),
(124, 161, 80),
(14, 162, 13),
(17, 163, 16),
(20, 164, 18),
(25, 165, 23),
(26, 166, 24),
(30, 167, 28),
(33, 168, 31),
(35, 169, 33),
(39, 170, 36),
(43, 171, 38),
(48, 172, 43),
(49, 173, 44),
(53, 177, 46),
(55, 177, 48),
(65, 177, 52),
(51, 183, 45),
(57, 184, 49),
(58, 185, 49),
(60, 186, 50),
(62, 187, 51),
(64, 188, 52),
(67, 189, 53),
(69, 190, 54),
(70, 191, 54),
(72, 192, 55),
(73, 193, 55),
(75, 194, 56),
(77, 195, 57),
(79, 196, 58),
(81, 197, 59),
(83, 198, 60),
(85, 199, 61),
(87, 200, 62),
(89, 201, 63),
(91, 202, 64),
(94, 203, 66),
(96, 204, 67),
(98, 205, 68),
(100, 206, 69),
(102, 207, 70),
(104, 208, 71),
(106, 209, 72),
(108, 210, 73),
(110, 211, 74),
(112, 212, 75),
(114, 213, 76),
(116, 214, 77),
(117, 215, 77),
(119, 216, 78),
(120, 217, 78),
(122, 218, 79),
(123, 219, 79),
(125, 226, 80);

-- --------------------------------------------------------

--
-- Table structure for table `user_statuses`
--

CREATE TABLE IF NOT EXISTS `user_statuses` (
  `status_id` int(9) unsigned NOT NULL AUTO_INCREMENT,
  `status_fb_id` bigint(19) unsigned NOT NULL,
  `user_id` int(9) unsigned NOT NULL,
  `content` text NOT NULL,
  `created_time` datetime NOT NULL,
  `place` varchar(100) NOT NULL,
  PRIMARY KEY (`status_id`),
  UNIQUE KEY `status_fb_id` (`status_fb_id`),
  KEY `user_id` (`user_id`)
) ENGINE=InnoDB  DEFAULT CHARSET=utf8 AUTO_INCREMENT=95 ;

--
-- Dumping data for table `user_statuses`
--

INSERT INTO `user_statuses` (`status_id`, `status_fb_id`, `user_id`, `content`, `created_time`, `place`) VALUES
(1, 10151446187581043, 1, 'چه خبر شده ایران؟! برگه A4 هم پیدا نمی شه؟ برادرم می خواهد تز فوق لیسانسش رو پرینت بگیره هیچ جا برگه پیدا نمی کنه!!!', '2013-02-04 11:54:37', ''),
(2, 10151429802371043, 1, 'Feels like -22'' C!', '2013-02-01 00:21:36', ''),
(3, 10151380114441043, 1, 'این روزها همش دلم برای فامیل و دوستانم تنگ می شه. نمی دونم چم شده! هی...', '2013-01-10 17:18:47', ''),
(4, 10151332148951043, 1, 'به خاطر ملیتم نمی تونم به موقع ویزای یک کشور رو بگیرم و همه تدارکات یک ماه و نیم برای این سفر بر باد می ره. حتی روی دقیقه نود حساب کرده بودم و همه چمدون ها رو  دیشب بستم. امروز تمام کارها رو کنسل کردم و منتظر نشستم. همین امروز جایی که آرزو داشتم کار کنم به من خبر داد که به خاطر ملیتت نمی تونیم باهات کار کنیم و یک عالمه پوزش خواسته. این دفعه دومه که همچین اتفاقی می افته! به هر حال خوشحالم که من سعی خودم را تا دقیقه نود می کنم و کوتاه نمی یام! تجربه بدی بود.', '2012-12-11 21:53:58', ''),
(5, 10151302846376043, 1, 'Dabaiba and Homayoun Taba, you are my role models. I am so happy that you were given this award.  You really deserve it.#heroesporpanama', '2012-11-21 21:33:15', ''),
(6, 10151204311626043, 1, 'I kept checking my email several times in an hour today and finally I got my reward: our paper is accepted. Hooray! :)', '2012-09-15 22:53:10', ''),
(7, 10151180493056043, 1, 'What do you think about Diaspora has become a community project? http://blog.diasporafoundation.org/', '2012-08-29 21:48:21', ''),
(8, 10151146647286043, 1, 'Amazing! Suddenly ideas are coming to my mind! ;) I think I needed a shock or something!', '2012-08-14 11:23:00', ''),
(9, 10151102818581043, 1, 'ديده دريا کنم و صبر به صحرا فکنم\nو اندر اين کار دل خويش به دريا فکنم', '2012-07-25 02:39:33', ''),
(10, 10151067781281043, 1, 'yesterday, the hottest day and now hails! It''s wild!', '2012-07-08 15:26:00', ''),
(11, 10151046157896043, 1, 'I Feel strange swimming in iu''s pool seeing all these Olympians'' names! Should I change my major? ;)', '2012-06-28 22:47:15', ''),
(12, 10151004625586043, 1, 'Never had this much stress! For some mins, I couldn''t think!', '2012-06-09 00:20:54', ''),
(13, 10150973254871043, 1, 'Still working in the lab!', '2012-05-26 22:33:03', ''),
(14, 10150964317456043, 1, 'Missing her kindness in the home and looking everywhere to find her! It''s all depressing. Wish her bests. Anyway, we''ve all started a new phase.', '2012-05-23 01:08:17', ''),
(15, 10150742847021043, 1, 'Tornado warning again! It seems each year we have one! Last year my dear uncle came to visit us exactly on that night! Now again stuck in the Informatics basement! Homayoun Taba are you coming to visit us again? ;)', '2012-03-23 18:30:09', ''),
(16, 10150734492891043, 1, 'سال نو بر همه دوستان عزیزم مبارک باشه! خوش به حال کسانی که در کنار خانواده و ‍پدر و مادرشون هستند! ما هم امسال سعادت همراهی مامان صدیق رو در کنارمون داریم. عیدمون با دو سال پیش خیلی متفاوت شده! به امید سالی پر برکت!', '2012-03-20 00:38:57', ''),
(17, 10150658824126043, 1, 'had a plan to study for my qual today but I''m still coding! :(', '2012-02-13 20:29:58', ''),
(18, 10150598550971043, 1, 'survived another week! exhausted!', '2012-01-20 23:41:19', ''),
(19, 10150575684346043, 1, 'has headache! Why it doesn''t go?', '2012-01-10 22:14:54', ''),
(20, 10150544757851043, 1, 'understood how she likes studying when she came to the library in the snowy holiday morning!', '2011-12-27 12:25:01', ''),
(21, 10150541832191043, 1, 'needs some rest!', '2011-12-25 22:47:10', ''),
(22, 10150531059166043, 1, 'now is enjoying studying at the empty library! ;)', '2011-12-20 12:30:10', ''),
(23, 10150520775496043, 1, 'hopes to feel better tomorrow morning!', '2011-12-14 23:56:45', ''),
(24, 10150512403596043, 1, 'Surprisingly enjoys studying on Sunday in the full library!', '2011-12-11 13:45:29', ''),
(25, 10150474716676043, 1, 'I cooked the most delicious turkey today for the very first time! ;)', '2011-11-24 14:43:41', ''),
(26, 10150455574196043, 1, 'Got an email from Sharif University to review a paper unrelated to my expertise! How they could find me?!', '2011-11-14 18:17:39', ''),
(27, 10150423397421043, 1, 'شادي خود را به هيچ چيز و هيچ كس وابسته نكن تا هميشه از آن برخوردار باشي.', '2011-10-23 10:08:10', ''),
(28, 10150415607406043, 1, 'Done with my first conference presentation! :)', '2011-10-17 12:23:56', ''),
(29, 10150391697471043, 1, 'چهل روز گذشت! روی سینه ام سنگینی می کنه!', '2011-09-29 11:38:50', ''),
(30, 10150371869251043, 1, 'Agian more than 12 hours of work!', '2011-09-14 21:13:19', ''),
(31, 10150361306756043, 1, 'Happy to start work again! I feel like the first day of school!', '2011-09-06 10:18:03', ''),
(32, 10150361306056043, 1, 'Thank you all for your kind words and support during the hard time! Wish you all the bests and happiness!', '2011-09-06 10:17:11', ''),
(33, 10150345613756043, 1, 'Although you never die, I missed you already! I love you, miss you, ...', '2011-08-20 16:22:32', ''),
(34, 10150341170601043, 1, 'has headache! Not enough sleep, not enough time to be with my family, not arranging my trip, not buying all I wanted, not visited all who I aimed, crazy days and goodbye days! ...', '2011-08-15 15:35:21', ''),
(35, 10150282134051043, 1, 'Too much stress! :(', '2011-06-21 23:53:04', ''),
(36, 10150280000271043, 1, 'Library is so peaceful :)', '2011-06-19 18:11:15', ''),
(37, 10150265191511043, 1, 'Why when people donot know your gender, call you "Mr" in their emails?! When something is serious, they assume a man is talking to them!', '2011-06-03 00:54:16', ''),
(38, 10150263707051043, 1, 'درد و رنج تا به کی؟!', '2011-06-01 10:10:06', ''),
(39, 10150260694731043, 1, 'inspired by her uncle''s family! I am so lucky! Thanks Homayoun Taba! :*', '2011-05-29 00:10:05', ''),
(40, 10150257986946043, 1, 'Tornado warnig... clear .... warning .... clear ....warning! They are changing their minds every 5 mins after declaring tornado warning all clear! By the way, I am stuck in the basement of Informatics! I didn''t know about these tornados when I applied here! ;)', '2011-05-25 19:30:39', ''),
(41, 10150257274981043, 1, 'again has backache :(', '2011-05-25 00:17:38', ''),
(42, 10150234582076043, 1, '1 year of work and 94% accuracy!', '2011-05-06 01:07:57', ''),
(43, 10150230456956043, 1, 'در روزگاری که بهانه های بسیار برای گریستن داریم ،\nشرم خندیدن، به مضحکه هم میهنان مان را بر خود نپسندیم.\nکار سختی نیست نشنیدن، نخواندن و نگفتن لطیفه های توهین آمیز...\nبا اراده جمعی این عادت زشت را به ضدارزش تبدیل کنیم.\nرخشان بنی اعتماد', '2011-05-01 15:02:39', ''),
(44, 10150228896396043, 1, 'شراب تلخ می‌خواهم که مردافکن بود زورش \n که تا يک دم بياسايم ز دنيا و شر و شورش', '2011-04-29 16:57:34', ''),
(45, 10150228252386043, 1, 'چند شبه که خوابهام با معنی شده!', '2011-04-28 21:26:35', ''),
(46, 10150222803526043, 1, 'Midnight, rain storm and running all the way from school to home!', '2011-04-23 00:37:43', ''),
(47, 10150221814456043, 1, 'I need some rest!', '2011-04-21 19:56:13', ''),
(48, 10150215909906043, 1, 'What a long week!!', '2011-04-14 19:46:51', ''),
(49, 10150163602806043, 1, 'باورم نمیشه که مردم میرن سینما اخراجی های 3 رو می بینند!!! امیدی نمی بینم!', '2011-03-24 23:45:20', ''),
(50, 10150159901351043, 1, 'سال نو بر همه دوستان مبارک! سالی سر شار از شادی، سرافرازی و سلامتی در انتظارتون باشه. پیش به سوی تحقق آرزوها!', '2011-03-20 19:30:24', ''),
(51, 10150148853821043, 1, 'I''m glad that I am a woman!', '2011-03-08 00:38:12', ''),
(52, 10150146246476043, 1, 'الان این یعنی چه؟ تعداد کشته شدگان لیبی به 6000 نفر رسید !', '2011-03-04 16:59:00', ''),
(53, 10150141158646043, 1, 'از 8 شب می خواستم بخوابم و هنوز بیدارم!', '2011-02-26 02:09:15', ''),
(54, 10150138723276043, 1, 'نيست در بازار عالم خوشدلی ور زان که هست شيوه رندی و خوش باشی عياران خوش است', '2011-02-22 19:45:12', ''),
(55, 10150135674666043, 1, 'One of my bad days! Lots of troubles!', '2011-02-18 21:07:02', ''),
(56, 177132922331334, 1, 'یکی از دوستانم در اصفهان:\nیه مشت گیوه پای لُپ قرمزی که سنشون اکثراً بین 15 تا 18 بود جمع کرده بودن تومیدون انقلاب که مردم رو بزنن اما دم اصفهانیها گرررررررررررررم .. خیی حال کردم \nبسیجیه به زنه میگفت خواهر من راه بیفت زنه بهش گفت تو غلط کردی که من خواهر توام', '2011-02-14 19:56:26', ''),
(57, 138748186189375, 1, 'Why I have headache these days?!', '2011-02-02 18:30:12', ''),
(58, 180169552020469, 1, 'waiting for an icy storm!', '2011-02-01 16:07:41', ''),
(59, 184173958281006, 1, 'weather.com: feels like -23 C!! Can I be alive outside?', '2011-01-21 11:01:06', ''),
(60, 181735505190573, 1, 'My cellphone has been broken. Does anyone in Bloomington has a spare T-mobile to borrow me temporarily?', '2011-01-16 20:01:53', ''),
(61, 156192284430983, 1, 'I hate sum of two things: cold weather and Bloomington transit!', '2011-01-13 11:42:07', ''),
(62, 121701774564570, 1, 'Snow, snow, snow ...', '2011-01-11 13:27:13', ''),
(63, 184848601538908, 1, 'It''s amazing that I reviewed this amount of papers today! I have a headache now.', '2011-01-10 17:16:48', ''),
(64, 175158359189405, 1, 'FACEBOOK ALERT as of today, NEW PRIVACY setting called "Instant Personalization" that shares data with non-Facebook websites and it is automatically set to "Enable." Go to Account>Privacy Settings>Applications and Websites>Instant Personalization>at bottom of page Edit Settings, and un-check "Enable". BTW if your friends don''t do this, they will be sharing information about you. PLEASE COPY & REPOST', '2011-01-07 00:29:52', ''),
(65, 174436869254432, 1, 'I love talking with old friends!', '2010-12-23 14:14:19', ''),
(66, 138320586225355, 1, 'It''s wonderful to hear great news about your friend after a really long time!! It''s amazing that how I am this much happy for her!', '2010-12-20 10:58:48', ''),
(67, 170268349678399, 1, 'قیمت بنزین در ایران = قیمت بنزین در آمریکا!!!!', '2010-12-19 09:45:50', ''),
(68, 181237128568353, 1, 'Hame chi Aroooooome :)', '2010-12-16 19:13:02', ''),
(69, 182440801771527, 1, 'Chrome has fixed its problem with pdf! It''s slow but much better!', '2010-12-10 11:24:48', ''),
(70, 165741310129269, 1, 'Weather.com: Feels Like: -19°c', '2010-12-06 10:53:06', ''),
(71, 128024340592050, 1, 'تب اخبار جنایی فیس بوک رو گرفته!', '2010-12-01 12:11:30', ''),
(72, 133870850001420, 1, 'وقتی شنیدم در مسابقات آسیایی، ورزشکارهای خانم ایرانی چند مدال از جمله طلا گرفته اند، از خوشحالی اشک به چشمام اومد!', '2010-11-17 11:35:01', ''),
(73, 105000312902523, 1, 'روزهای کوتاه و سرد را به امید روزهای بلند و گرم طی می کنم', '2010-11-07 20:09:24', ''),
(74, 127145834007910, 1, 'بعد از چندین سال دوباره شب امتحان و شب زنده داری', '2010-10-26 01:05:07', ''),
(75, 109768555754426, 1, 'is recovered!', '2010-10-11 22:30:04', ''),
(76, 140773302635648, 1, 'is not in her good mood!', '2010-10-10 21:51:59', ''),
(77, 155431851136408, 1, 'دلم آشوبه', '2010-08-31 23:55:41', ''),
(78, 152057508154320, 1, 'I caught a fish today in the third try of the first fishing experience! :)', '2010-08-29 00:06:11', ''),
(79, 117368591646105, 1, 'The first security challenge I have experienced: Someone has deleted all my source codes and files related to a project. I''m pessimistic about it! I hope I can recover them from the back ups.', '2010-08-01 21:39:51', ''),
(80, 115556495160633, 1, 'I''m tired of this amount of pain! Leave me please.', '2010-07-25 12:12:47', ''),
(81, 108049102576360, 1, 'اینجا داره سیل از آسمون می یاد! اوه چه رعد و برقی', '2010-06-12 20:47:42', ''),
(82, 108029575910937, 1, 'دلم برای خوابگاه امیرکبیر و آدماش تنگ شده', '2010-06-12 20:40:33', ''),
(83, 125841244116106, 1, 'خسته و یه عالمه کار', '2010-06-08 18:33:11', ''),
(84, 121443381210404, 1, 'I wanna by a new laptop, any ideas?', '2010-05-15 11:37:03', ''),
(85, 126126667401797, 1, 'Again lots of papers to study! :)', '2010-05-10 18:51:11', ''),
(86, 119673378054596, 1, 'finished one academic year :)', '2010-05-07 10:13:42', ''),
(87, 118405014843970, 1, 'وقتی هوای دیگری دارم دور از ذهن ها', '2010-04-27 01:01:31', ''),
(88, 324407293647, 1, 'من امروز زن عمو شدم', '2010-02-24 17:52:23', ''),
(89, 329658139185, 1, 'Awarded for the top graduate student poster in InWIC :)', '2010-02-07 13:47:10', ''),
(90, 226116770737, 1, 'آیا در این زمان غلبه احساسات بر منطق امکان پذیر است؟ امیدوارم خشمگین هوشیار باشیم', '2009-12-27 13:07:24', ''),
(91, 532511593436100, 161, 'Why is snow always right after rain here?', '2013-02-19 11:49:04', 'Bloomington, Indiana'),
(92, 520410084646251, 161, 'Get back to Facebook for academic purpose. lol', '2013-01-31 10:22:47', ''),
(93, 309073734353, 161, '自作孽不可活..', '2010-02-16 04:54:16', ''),
(94, 273941244269, 161, '很纠结～～～', '2010-01-28 20:04:24', '');

-- --------------------------------------------------------

--
-- Table structure for table `user_status_comments`
--

CREATE TABLE IF NOT EXISTS `user_status_comments` (
  `comment_id` int(9) unsigned NOT NULL AUTO_INCREMENT,
  `comment_fb_id` int(9) unsigned NOT NULL,
  `user_id` int(9) unsigned NOT NULL,
  `status_id` int(9) unsigned NOT NULL,
  `created_time` datetime NOT NULL,
  `content` text NOT NULL,
  `like_count` int(9) unsigned NOT NULL,
  `user_likes` tinyint(1) NOT NULL,
  PRIMARY KEY (`comment_id`),
  KEY `user_id` (`user_id`,`status_id`),
  KEY `status_id` (`status_id`)
) ENGINE=InnoDB  DEFAULT CHARSET=utf8 AUTO_INCREMENT=414 ;

--
-- Dumping data for table `user_status_comments`
--

INSERT INTO `user_status_comments` (`comment_id`, `comment_fb_id`, `user_id`, `status_id`, `created_time`, `content`, `like_count`, `user_likes`) VALUES
(1, 26623452, 19, 1, '2013-02-04 12:04:16', 'dar in had yany? naaaaaaaaaaa ;(', 1, 0),
(2, 26623456, 20, 1, '2013-02-04 12:04:43', 'ghahti......', 0, 0),
(3, 26623580, 18, 1, '2013-02-04 12:18:55', 'Wow', 0, 0),
(4, 26623593, 20, 1, '2013-02-04 12:20:44', 'https://gozareshgar.manoto1.com/Report/h4tgbh/UGS5359', 0, 0),
(5, 26623841, 1, 1, '2013-02-04 12:47:32', 'ajab...', 0, 0),
(6, 26624672, 21, 1, '2013-02-04 14:04:56', 'vay. man ke daram degh mikoam', 0, 0),
(7, 26625414, 22, 1, '2013-02-04 15:07:20', 'mage misheee!!barge hast.........:)', 0, 0),
(8, 26625513, 22, 1, '2013-02-04 15:15:42', 'albate shodanesho ke misheeee!!!', 0, 0),
(9, 26626352, 23, 1, '2013-02-04 16:22:43', 'Naaaaaaaaa', 0, 0),
(10, 26631306, 24, 1, '2013-02-05 02:31:41', '((((((((((: ine dige', 0, 0),
(11, 26632085, 14, 1, '2013-02-05 05:23:19', 'Shirin Nili man ke kheili vaghte Farhad ro nadidam. Ama bepors azash ye khavar kaghaze A4 paperone kafishe? ya chon tezesh tolanie bishtar mikhad? Emrooz raftam ye ja in muzoei ke shoma gofti ro goftam, on azam porsid cheghadr mikham, dasht ye khavar bar mikard baram ;)', 3, 1),
(12, 26633663, 1, 1, '2013-02-05 09:24:59', 'Mohammad Mortazavi: azash miporsam! :))', 0, 0),
(13, 26635359, 25, 1, '2013-02-05 12:17:13', 'Shiran jan Eid miay Iran? ba ham barash A4 peyda mikonim. aslan narahat nabash bashe ;)', 1, 1),
(14, 26644570, 26, 1, '2013-02-06 04:25:56', 'چقدر برگه A4 نیاز دارید کی گفته پیدا نمیشه بگید من سراغ دارم', 1, 1),
(15, 26655109, 1, 1, '2013-02-06 23:57:40', 'khoda ro shokr mesle inke mahale ma kamyab shode boode! kolan az hame ja baramoon daran barge mifrestan! haha... daste shoma ham az etela resani dard nakone :)', 0, 0),
(16, 26583102, 16, 2, '2013-02-01 00:39:46', 'Feels like 10C! Come back ;-)', 2, 1),
(17, 26585481, 23, 2, '2013-02-01 08:13:27', 'Take lots of care dear', 0, 0),
(18, 26314117, 18, 3, '2013-01-10 17:28:29', 'ey baba delet vase man tang shod bia inja, aslan alan pasho bia inja ye chayi ba ham bezanim :D', 2, 1),
(19, 26314143, 48, 3, '2013-01-10 17:30:26', 'اپیدمی شده! هر کی در خارجه همین رو میگه! ببینید تو غذاهاتون چیزی نریختن؟ :دی', 1, 1),
(20, 26314175, 50, 3, '2013-01-10 17:32:29', 'manam:( ehtemalan ye rabti be abo hava dare:p', 3, 1),
(21, 26314221, 18, 3, '2013-01-10 17:36:46', 'Parichehr Razmand: To ham biam pisham :D', 1, 0),
(22, 26314233, 50, 3, '2013-01-10 17:38:17', 'Leila Irani: jigare toooo>:D< man 20 min dge taze bayad beram sare kelas:(((((', 1, 0),
(23, 26314284, 28, 3, '2013-01-10 17:41:59', 'Leila Irani: منم بیام پس:))))))) هیهی', 1, 0),
(24, 26314309, 18, 3, '2013-01-10 17:44:20', 'Pasho bia daram chayi dorost mikonam, har ki nayad :D', 1, 0),
(25, 26314326, 28, 3, '2013-01-10 17:45:47', 'Shirin Nili:عزیزمممم...فکر کنم فامیل و دوستانت هم همین حس رو دارن نسبت به تو...معمولا دلها بهم راه داره...بیا یه برنامه بذاریم که مثل حال و هوای ایران باشه :)) بعد تو دلت کمتر تنگ شه! راستی مسجت رو هم چک کن ها!!!!', 2, 0),
(26, 26314345, 18, 3, '2013-01-10 17:46:54', 'Pegah Fakhari, Shirin Nili : Az khoda ye chize dige mikhastin :D', 2, 1),
(27, 26314356, 1, 3, '2013-01-10 17:48:19', 'Pegah Fakhari va Leila Irani tavajoh darim man har posti inja mizaram, shoma ha miyaeen daghoonesh mikonin? haha kheili bahalin. Mersi azizan vali man sakht masghoole dars o mashgham. inja ham gir kardam machin nayovordam. majid miyad donbalam saate 8. mokhlese shoma ham hastam ke shadam kardid. :*', 1, 0),
(28, 26314377, 18, 3, '2013-01-10 17:49:19', 'Pegah Fakhari: mibini khahar hala ma kharabkar ham shodim ;)', 2, 1),
(29, 26314411, 28, 3, '2013-01-10 17:52:18', 'Shirin Nili: من می تونم حدود 7 مثلا بیام دنبالت اگر بخوای که ببرمت خونه\nدوم اینکه! ما کلا تو کار دیوار نویسی هستیم!! :))))', 2, 1),
(30, 26314424, 28, 3, '2013-01-10 17:53:21', 'Leila Irani: :)) هیهی!', 2, 1),
(31, 26314437, 18, 3, '2013-01-10 17:54:14', ':)))', 0, 0),
(32, 26314440, 1, 3, '2013-01-10 17:54:34', 'leila tazegi ha har chi az khoda mikham to baravarde mikoni! didi Ash mikhastam ye dafe zang zadi gofti Ash dorost kardam ;)', 2, 0),
(33, 26314459, 28, 3, '2013-01-10 17:55:30', 'خدا خطاب به لیلا: برو اون ور بینیم بابا! بازار منو کساد کردی!! :))', 2, 1),
(34, 26314509, 18, 3, '2013-01-10 18:00:54', 'Haha', 0, 0),
(35, 26316014, 23, 3, '2013-01-10 20:36:50', 'قربون دل تنگت', 1, 1),
(36, 26318137, 41, 3, '2013-01-10 23:51:38', 'Me too, fek konam nostalgic ke migan hamin hesso hale.', 1, 1),
(37, 26318993, 27, 3, '2013-01-11 01:46:57', 'خب پاشو بیا دیگه', 1, 1),
(38, 26320076, 3, 3, '2013-01-11 05:57:25', 'عزززززززززززززیزم!دل همه برات تنگ شده...مامان میگن خودتو با درس و زندگیت مشغول کن فرصت برای دیدار بسیار است!مادر هم میگن اینجا خبر خاصی نیس فعلا به کارات برس....دوستت داریم!بوووووووووووس', 3, 1),
(39, 26320253, 51, 3, '2013-01-11 06:32:20', 'شیرین جونم اینجا به قول خواهرت هیچ خبری نیست جز اینکه گروووونی باداد می کنه (همون بی داد قدیم) ... به وقتش میای  بذار بهار بشه هوا خوب بشه.  الان بیای خفه میشی خواهر  ... هوا بس ناجوانمردانه آلودست', 1, 1),
(40, 26322078, 52, 3, '2013-01-11 10:38:04', 'از بس فامیل ودوستان خوبی مثل ما دارید', 1, 1),
(41, 26324102, 21, 3, '2013-01-11 13:24:56', 'azizami. manam delam tang shode. vaght kardi bia skype ba ham harf bezanim.', 1, 1),
(42, 26332150, 32, 3, '2013-01-12 04:09:37', 'mitonam dark konam ehsasetra.vali door hastid va pishe hame aziz.', 1, 1),
(43, 25940680, 18, 4, '2012-12-11 21:54:38', ':(', 1, 1),
(44, 25941048, 23, 4, '2012-12-11 22:26:49', 'Bayad bargasht.ye vaghtayi jangidan fayde nadare. Manam to fekre bargashtanam.', 1, 1),
(45, 25942015, 40, 4, '2012-12-12 00:03:39', 'what a pity :(', 1, 1),
(46, 25943549, 21, 4, '2012-12-12 03:54:30', 'چیزی که گفتی خیلی ملموس و تلخه. حتی نگاهشون هم آدم را اذیت می کنه. چه برسه به رفتارشون.. امیدوارم یه روزی هویت از دست رفته مون را دوباره بدست بیاریم', 2, 1),
(47, 25945776, 1, 4, '2012-12-12 09:49:30', 'mamnoon doostan az deldarihatoon. :*', 0, 0),
(48, 25948747, 53, 4, '2012-12-12 14:00:27', 'Nooo :((((  Ugly world settings !', 0, 0),
(49, 25955038, 54, 4, '2012-12-12 22:31:11', 'دوباره تلاش می‌کنی و به کنفرانس‌های بعدی می‌رسی :) دنیا بالا و پایین زیاد داره.', 1, 1),
(50, 25958531, 12, 4, '2012-12-13 08:00:05', 'واقعأخیلی ناراحت شدم ولی مطمئنأاونهاوجود مثل تویی راازدست دادند ونه تو.نه به خاطرچیزهای ازدست رفتنمون به خاطرسیاست بلکه به خاطرملیتمون بازهم بایدافتخارکرد.هویت ماوجودماست نه تأییداونها.', 1, 1),
(51, 25961851, 55, 4, '2012-12-13 13:18:52', 'شيرين جون عزيزم ما خيلي منتظرت بوديم متأسف  شدم اما تو خيلي مستحكم ومصمم هستي به داشتن تو افتخار ميكنم ', 1, 1),
(52, 25690259, 1, 5, '2012-11-21 21:35:09', 'I still cannot believe it. Thanks for everyone who votes for my beloved uncle and aunt.', 3, 0),
(53, 25690281, 23, 5, '2012-11-21 21:37:07', 'wow..congrats', 0, 0),
(54, 25691059, 40, 5, '2012-11-21 22:49:21', 'she won?!!!! woooow congrats', 0, 0),
(55, 25693009, 21, 5, '2012-11-22 03:27:12', 'congrats to all of u and ur uncle and ur aunt', 0, 0),
(56, 25694123, 30, 5, '2012-11-22 06:34:13', 'congrats shirin jaan', 0, 0),
(57, 25700180, 37, 5, '2012-11-22 15:17:02', 'Greate ,congrats shirin jan', 0, 0),
(58, 24813821, 74, 6, '2012-09-15 22:55:54', 'Congratulations!', 1, 1),
(59, 24813900, 1, 6, '2012-09-15 23:04:31', 'And don''t forget in the first attempt. ;)', 0, 0),
(60, 24815674, 65, 6, '2012-09-16 04:06:50', 'big cong!!!', 1, 1),
(61, 24818830, 61, 6, '2012-09-16 12:00:27', 'Big hug :***', 1, 1),
(62, 24819250, 21, 6, '2012-09-16 12:45:02', 'cong my dear friend', 1, 1),
(63, 24823866, 54, 6, '2012-09-16 20:24:22', 'Congrats!', 1, 1),
(64, 24824114, 75, 6, '2012-09-16 20:46:56', 'Congratulations!', 1, 1),
(65, 24839680, 59, 6, '2012-09-18 05:29:53', 'Congrad azizakam', 1, 1),
(66, 24853408, 18, 6, '2012-09-19 10:09:56', 'Hoorayyyyyyy :)', 1, 1),
(67, 24897267, 9, 6, '2012-09-23 01:01:17', 'دست حق به همراهت موفق باشي', 1, 1),
(68, 24911052, 8, 6, '2012-09-24 07:58:18', 'Congradultions, u r doing a great job :) keep up the good work. Women are outweighting men anywhere in the world. Future is yours and that is good for this turbulant world.', 1, 1),
(69, 24603201, 23, 7, '2012-08-29 21:59:20', 'its a controversial discussion...not possible over FB! :D', 0, 0),
(70, 24608025, 76, 7, '2012-08-30 08:37:35', 'It reminds me of StatusNet after Twitter boomed. It was open source from the beginning and had more features than what Twitter had at that time. they changed their business model and targeted more toward enterprise but It never got as big of a name as twitter.', 0, 0),
(71, 24608027, 76, 7, '2012-08-30 08:37:39', 'http://status.net/', 0, 0),
(72, 24419815, 12, 8, '2012-08-14 15:56:26', 'Me too.but about you what is this something?', 1, 1),
(73, 24422101, 23, 8, '2012-08-14 19:38:07', 'wow..good news', 1, 1),
(74, 24179916, 41, 9, '2012-07-25 04:06:04', 'kodum kar?', 0, 0),
(75, 23983232, 8, 10, '2012-07-08 15:34:53', 'Run 2 d basement & hug your PC!', 2, 1),
(76, 23984536, 1, 10, '2012-07-08 18:15:45', 'PC?!', 0, 0),
(77, 23986060, 16, 10, '2012-07-08 21:59:36', 'personal computer!', 1, 1),
(78, 23986623, 1, 10, '2012-07-08 23:02:59', 'I know Leila Nilipour! ;) but why should I hug my PC? kidding! ;)', 0, 0),
(79, 23621361, 54, 12, '2012-06-09 00:25:40', 'Shirin, Did you finish your paper?', 0, 0),
(80, 23621821, 1, 12, '2012-06-09 01:11:50', 'somehow! ;)', 0, 0),
(81, 23653746, 1, 12, '2012-06-11 16:47:02', 'Parinaz Mohsenpour: ishala ke zood tamoom beshe.', 0, 0),
(82, 23653760, 1, 12, '2012-06-11 16:47:51', 'Nazanin Roshandel Tavana chemidoonam, az daste in ostada o deadlina! miss you :*', 0, 0),
(83, 23454245, 1, 13, '2012-05-26 22:35:15', 'conclusion: A small change in the algorithm can make a huge change in the coding!', 0, 0),
(84, 23454392, 8, 13, '2012-05-26 22:56:54', 'Somebody has to work! All can''t party :)', 1, 1),
(85, 23464687, 23, 13, '2012-05-27 21:49:01', 'khasteh nabashi Shirin Goli', 1, 1),
(86, 23402379, 23, 14, '2012-05-23 01:19:25', 'Jashoon khali nabashe...ishalla baz ham mian pishetoon', 0, 0),
(87, 23405014, 63, 14, '2012-05-23 08:13:13', 'akhey, jashoon khaly nabashe.', 0, 0),
(88, 22573612, 78, 15, '2012-03-23 19:02:05', 'Are you coming Homayoun Taba?! I remember that night clearly! It was the first time that some of relatives visited us, thank you again Homayoun', 1, 1),
(89, 22574686, 8, 15, '2012-03-23 20:27:40', 'Hard to forget, I hope to visit you guys anytime we can. Keep up the good work and be careful with the falling trees.  Still in Colombia, 2maro heading back home. Take care and happy Nowruz.', 1, 1),
(90, 22516040, 1, 16, '2012-03-20 00:50:01', 'کاش فردا تعطیل بود!', 1, 0),
(91, 22516617, 54, 16, '2012-03-20 02:03:16', 'سال نو مبارک شیرین جون :*', 0, 0),
(92, 22516791, 86, 16, '2012-03-20 02:37:51', 'سال نو شما هم مبارک', 1, 1),
(93, 22517950, 40, 16, '2012-03-20 06:15:21', 'I wish you the best in new year my dear', 1, 1),
(94, 22518042, 37, 16, '2012-03-20 06:33:05', 'سال نو مبارک شیرین جان. سال خوبی داشته باشی.', 1, 1),
(95, 22521371, 25, 16, '2012-03-20 11:49:35', 'sale no mobarak shirin jan, enshalla ke shad bashid.', 0, 0),
(96, 22523297, 82, 16, '2012-03-20 14:06:58', 'سال نو شما هم مبارک , امیدوارم سال خیلی خیلی خوبی داشته باشی .', 0, 0),
(97, 22523373, 90, 16, '2012-03-20 14:11:52', 'sale no shoma ham mobarak shirin joon , omidvaram por az salamati o shadi bashe barat :*', 0, 0),
(98, 22524079, 81, 16, '2012-03-20 14:51:24', 'sale no (noroze0 shoma ham khob va khosh bashed ///salie por bar va ba salamatie dashte bashied ///////', 0, 0),
(99, 22527305, 79, 16, '2012-03-20 18:15:45', 'شیرین جان عید تو هم مبارک :* ایشاالله هرروز موفق تر و شادتر باشی', 0, 0),
(100, 22530323, 23, 16, '2012-03-20 21:44:34', 'Happy New year dear...', 0, 0),
(101, 22579810, 34, 16, '2012-03-24 07:01:38', 'shirine azizam sale no to ham mobarak golam.behtarin ha ro barat arezoo daram', 0, 0),
(102, 21985772, 23, 17, '2012-02-13 21:18:19', 'khasteh nabashi va movafagh bashi Shirin jan....in rooz ha ham saranjam tamoom mishan...', 0, 0),
(103, 21601704, 41, 18, '2012-01-21 01:02:52', 'Shirin jan unja bil mizani ya phd mikhuni?Albateh just kidding, man az to badtaram. ', 1, 1),
(104, 21603918, 23, 18, '2012-01-21 06:57:18', 'azizam..khasteh nabashi...tamoom shod assignment?submit kardi?', 0, 0),
(105, 21607642, 1, 18, '2012-01-21 12:20:27', 'haha! Are Elnaz Ha jan, daram bil mizanam inja! khoda ghovat! ;)', 1, 0),
(106, 21607648, 1, 18, '2012-01-21 12:20:59', 'Mersi Narges Mohamadi, are dadam, hala bebinam chi javab midan!', 0, 0),
(107, 21417931, 23, 19, '2012-01-10 22:26:15', 'take a hot shower...and a herbal tea...and REST please dear', 1, 1),
(108, 21418048, 54, 19, '2012-01-10 22:33:08', 'Advil! It helps.', 1, 1),
(109, 21433589, 1, 19, '2012-01-11 19:08:21', 'Thanks Narges and Azade!', 1, 0),
(110, 21156005, 23, 21, '2011-12-26 22:02:51', ':(', 0, 0),
(111, 21054182, 59, 22, '2011-12-20 22:51:56', 'niceee,, mage tatil nist madreseie shoma to in holiday????', 1, 1),
(112, 21054465, 1, 22, '2011-12-20 23:19:43', 'haha! while everyone is enjoying holidays, It''s been three years in row that I have no christmas vacation!', 0, 0),
(113, 21060560, 59, 22, '2011-12-21 10:37:25', 'azizam,,, Ishala next yr... but u hv good news to come, then no worries,,, our school is closed from Dec21 to Jan4th', 1, 1),
(114, 20952157, 23, 23, '2011-12-15 00:18:32', 'sleep well...wake up fresh and happy', 1, 1),
(115, 20803447, 91, 25, '2011-12-07 02:51:11', 'noosh your jaaaaan miss you;;;;', 0, 0),
(116, 20806791, 1, 25, '2011-12-07 08:55:41', 'Battina khanoom kheili be yadetoon va oon shab khuneye shoma hastam! Yeki az ghashangtarin party haee bood ke raftam. delam tang shode! :*', 0, 0),
(117, 20384676, 41, 26, '2011-11-14 18:53:45', 'wow, impressive, it seems that you are famous more than you were expecting, I am so Proud of you Shirin but I suggest you to reject it, it probably just a crap!! :))', 0, 0),
(118, 20385025, 1, 26, '2011-11-14 19:16:36', 'I already did Elnaz jan! I have nothing to say about the paper because It''s an Electronic conference!', 1, 0),
(119, 19867660, 46, 28, '2011-10-17 12:36:18', 'mobarake :)', 1, 1),
(120, 19867872, 21, 28, '2011-10-17 12:51:20', 'تبریک میگم خانم دکتر', 1, 1),
(121, 19868537, 100, 28, '2011-10-17 13:25:15', 'that''s right!', 1, 1),
(122, 19871280, 90, 28, '2011-10-17 16:02:45', 'be salamati , mobarake , be omide Done shodane baghiash', 1, 1),
(123, 19872263, 1, 28, '2011-10-17 17:05:10', 'Actually it wasn''t my first but it was my first abroad conference presentation!', 1, 0),
(124, 19875547, 23, 28, '2011-10-17 20:54:11', 'Mobarake khanoom dr', 1, 1),
(125, 19880707, 51, 28, '2011-10-18 03:35:23', 'دفاع هم بکنی ایشالله', 1, 1),
(126, 19886794, 1, 28, '2011-10-18 11:43:55', 'Ishala Zizi joon! Vali hala hala moonde!', 0, 0),
(127, 19557465, 13, 29, '2011-09-29 13:06:03', 'Shirin jon khoda beyamorzateshan. Inshalah gham akharet bashey. Salam bereson.', 1, 1),
(128, 19558133, 31, 29, '2011-09-29 13:43:47', ':(', 1, 1),
(129, 19558314, 101, 29, '2011-09-29 13:54:04', 'shirin jun tasliyat migam ghame akharet bashe', 1, 1),
(130, 19560923, 21, 29, '2011-09-29 16:09:51', 'azizam shad bash ke motmaenan be shadi raftand.kheili sakhte vali be ghole shaer: In niz bogzarad...', 1, 1),
(131, 19562947, 63, 29, '2011-09-29 18:09:42', 'khoda behet sabr bede. be in fekr kon ke omre por barekaty dashtand va be seny boodand ke nave hashon ra bozorg shodaneshon va ezdevajeshoon va moafaghiatashoon ra didand va raftand... in rahie ke hame mirim. Shad bash ta roohe marhoom ham shad bashe:)', 1, 1),
(132, 19581709, 88, 29, '2011-09-30 19:39:42', 'Tasliyat migam ...  roohesh shad, arezooye shadi o salamati baraye shoma va khanevadatoon daram', 1, 1),
(133, 19274565, 1, 30, '2011-09-14 21:13:50', 'I don''t listen to my mom!', 0, 0),
(134, 19276107, 23, 30, '2011-09-14 22:31:33', 'khasteh nabashi Shirin jan', 1, 1),
(135, 19303809, 51, 30, '2011-09-16 07:42:44', 'شما اونجا 12 ساعت کارتون یعنی کار... اینجا 12 ساعت کار یعنی علافی و انتظار  . درست می گم؟', 1, 1),
(136, 19100952, 45, 31, '2011-09-06 10:47:46', 'welcome back khanoomi. how was that?', 1, 1),
(137, 19107364, 90, 31, '2011-09-06 16:17:32', 'nice , be lucky dear', 1, 1),
(138, 19141118, 33, 32, '2011-09-08 07:16:00', 'shirin joonam khosh umadi', 1, 1),
(139, 19142479, 1, 32, '2011-09-08 09:03:48', 'Delam kheili barat tang shode Mahsa jan :*', 0, 0),
(140, 19142850, 33, 32, '2011-09-08 09:31:29', 'ye barnameh bezarim dobare dore ham jam shim shirin joon ta darsa sangin nashode', 1, 1),
(141, 18759872, 30, 33, '2011-08-20 16:25:11', ':(', 0, 0),
(142, 18759883, 30, 33, '2011-08-20 16:26:10', 'tasliat miagm shirin jan:(:(:(', 0, 0),
(143, 18759909, 14, 33, '2011-08-20 16:28:02', 'Tasli@ migam', 0, 0),
(144, 18760291, 49, 33, '2011-08-20 16:56:55', 'Shirin joon tasliyat migam, khoda rahmateshoon kone', 1, 1),
(145, 18760525, 21, 33, '2011-08-20 17:10:21', 'shirinam tasliyat migam.khoshhalam ke ghable raftane pedarbozorg umadi iran va didish vaela tahamolesh kheili sakhtar bud.omidvaram hamishe khabaraye shad beshnavi.', 1, 1),
(146, 18760827, 86, 33, '2011-08-20 17:32:33', 'تسلیت عرض می کنم، غم آخر تون باشه.', 1, 1),
(147, 18762923, 46, 33, '2011-08-20 20:12:10', 'tasliat migam azizam :(', 1, 1),
(148, 18764609, 72, 33, '2011-08-20 22:04:59', 'تسلیت می گم. در سایه رحمت حق در آرامش هستند.', 1, 1),
(149, 18765755, 102, 33, '2011-08-20 23:35:03', 'شيرين جان تسليت.انشاءا... روحشان قرين رحمت', 1, 1),
(150, 18766329, 104, 33, '2011-08-21 00:26:00', 'خدا رحمتشون كنه- روحشون شاد', 1, 1),
(151, 18766434, 51, 33, '2011-08-21 00:35:22', 'تسلیت می گم شیرین جون', 1, 1),
(152, 18766800, 105, 33, '2011-08-21 01:10:54', 'تسلیت می‌گم خانم دکتر، روحشون شاد', 1, 1),
(153, 18766888, 106, 33, '2011-08-21 01:22:27', 'تسليت مي گم شيرين جان ان شا الله بقاي عمر شما باشه', 1, 1),
(154, 18766985, 107, 33, '2011-08-21 01:35:06', 'shirin jon tasliyat migam ghame akhareton bashe', 0, 0),
(155, 18767680, 108, 33, '2011-08-21 03:12:15', 'shirin khanom tasliyat ma ra ham bepazirid roheshooon shad', 1, 1),
(156, 18769421, 24, 33, '2011-08-21 06:51:33', 'تسلیت می گم شیرین جون، روحشون شاد', 0, 0),
(157, 18769660, 31, 33, '2011-08-21 07:18:31', ':( tasliat migam doostam .. roheshoon shad bashe ..', 1, 1),
(158, 18776600, 109, 33, '2011-08-21 16:00:51', 'تسلیت میگم عزیزم.خدا رحمتشون کنه.', 0, 0),
(159, 18793214, 83, 33, '2011-08-22 12:27:34', 'Tasliat migam. Roheshon shad.', 1, 1),
(160, 19688675, 1, 33, '2011-10-06 22:19:57', 'Az hamdardiye hame mamnonam! bebakhshid ke zoodtar va tak tak tashakor nakardam. man roozaye akhare safaram be iran in etefagh oftad va nemidunam chetor oon rooz ha gozasht! \nNemidoonam chetori az hame tashakor konam! kheili mamnoonam! hamishe shad bashid!', 0, 0),
(161, 19690124, 94, 33, '2011-10-06 23:46:50', 'Shirin joon man taze didam statuseto moteasefam ruheshun shad.', 1, 1),
(162, 18653298, 24, 34, '2011-08-15 16:08:40', 'manam mikhastam bebinamet, heyf hardo gereftarim!', 1, 1),
(163, 18654146, 46, 34, '2011-08-15 16:48:28', 'nagahan cheghadr zood dir mishavad?!', 1, 1),
(164, 18658162, 23, 34, '2011-08-15 20:50:36', ':(', 1, 1),
(165, 18658831, 18, 34, '2011-08-15 21:28:55', 'clear shodi? dari barmigardi?', 1, 1),
(166, 18659409, 7, 34, '2011-08-15 21:59:38', 'Teflak shirin joooon.      Aman az daste in ostadhaye ', 1, 1),
(167, 18659421, 7, 34, '2011-08-15 22:00:23', 'Amrikaei ke kare to ra doost darand       ', 1, 1),
(168, 18659450, 7, 34, '2011-08-15 22:02:21', 'Fekr konam havapeimaye man va to az roye ham begzarad. Ghesmat nashod ham ra bebinim', 1, 1),
(169, 18664687, 51, 34, '2011-08-16 06:02:07', 'عب نداره شیرین جون ... غصه نخور دوباره میای زود زود ...', 1, 1),
(170, 18665480, 103, 34, '2011-08-16 07:25:48', 'i hope come back again and soon ....i m so sorry i didnt meet u...kisssss', 1, 1),
(171, 18685073, 1, 34, '2011-08-17 02:49:07', '@Soha jan: manam kheili delem mikhast bebinamet. hala say mikonam aghalan yek tel behet bezanam! be khoda kheili saram sholooghe ;)', 0, 0),
(172, 18685083, 1, 34, '2011-08-17 02:50:11', '@Shahi: Are khale jan, kheili heyf shod ke shoma ro nadidam. jatoon kheili khali bood. vali kolan ziyad ham kasi ro nadidam!!! hala az too havapeyma bara ham dast tekoon midim ;)', 0, 0),
(173, 18685094, 1, 34, '2011-08-17 02:51:13', '@Mahnaz jan: midoonam ke shoma dige kheili saretoon sholooghe. ishala ke hame karatoon be khubi o salamati anjam beshe va Gelare jan khoshbakht bashan. kheili behetoon tabrik migam.', 1, 0),
(174, 18687099, 103, 34, '2011-08-17 06:56:14', 'mersi azizam nemidonam ta key injaeein forsat konam miyam mibinemeton', 1, 1),
(175, 17570792, 58, 35, '2011-06-21 23:56:28', 'good luck :(', 0, 0),
(176, 17571751, 54, 35, '2011-06-22 00:59:44', 'for what?', 0, 0),
(177, 17524278, 54, 36, '2011-06-19 18:12:30', 'Are you in the library?', 0, 0),
(178, 17524479, 1, 36, '2011-06-19 18:23:47', 'yes', 0, 0),
(179, 17526854, 1, 36, '2011-06-19 21:01:17', 'where are you dear Azade?', 0, 0),
(180, 17527076, 54, 36, '2011-06-19 21:16:17', 'Starbucks!', 0, 0),
(181, 17529022, 1, 36, '2011-06-19 23:27:38', 'Rafti pishe oon Azadeh dige ;)', 0, 0),
(182, 17533843, 111, 36, '2011-06-20 07:54:45', 'merci az lotfet azizam', 0, 0),
(183, 17555555, 90, 36, '2011-06-21 09:29:16', 'soooooo', 0, 0),
(184, 17191005, 49, 37, '2011-06-03 01:57:21', 'That is my question as well!!!!! :-\\', 0, 0),
(185, 17153315, 1, 38, '2011-06-01 10:11:49', 'تحمل هم آخه حدی داری!', 0, 0),
(186, 17155770, 53, 38, '2011-06-01 12:34:05', 'Mardom azar in che statusie akhe!!', 1, 1),
(187, 17155812, 1, 38, '2011-06-01 12:35:58', 'mardom azaran be khoda! bebin mardom ro be che hali mindazan ke in status ro minevisan!', 0, 0),
(188, 17155921, 51, 38, '2011-06-01 12:41:56', 'کی آزارش به شیرین جونم  رسیده ؟؟ کییییی؟ کیه؟  بزنم لت و پارش کنم', 0, 0),
(189, 17156208, 53, 38, '2011-06-01 12:56:40', 'Khodesh dare khodesho azar mide Tina! Kesi azyatesh nakarde.', 0, 0),
(190, 17156839, 51, 38, '2011-06-01 13:28:27', 'اوا ... شیرین من از اینکارا  نمی کرده و نمی کنه', 0, 0),
(191, 17157001, 53, 38, '2011-06-01 13:36:09', 'Ghol mide dige nakone :>', 0, 0),
(192, 17157805, 51, 38, '2011-06-01 14:26:26', 'شیرین ! این کدو  چی میگه؟ :(', 0, 0),
(193, 17158009, 53, 38, '2011-06-01 14:41:20', 'ba gharibe ha moadab bash Tina jan, bande kadooye khali hastam na "in kadoo"! ;)', 0, 0),
(194, 17159415, 1, 38, '2011-06-01 16:00:17', 'Zizi jan, halam behtare alan. chize khasi nist azizam.', 0, 0),
(195, 17168352, 23, 38, '2011-06-02 00:11:45', ':( Shirin jan hale hameye ma bad ast...ghabele tasavor nist ettefaghati ke mioftan...hatta tasavoresh ham momken nist', 1, 1),
(196, 17179194, 112, 38, '2011-06-02 14:38:06', 'heyyyyyyyyy', 0, 0),
(197, 17179851, 1, 38, '2011-06-02 15:11:37', 'hi Haleh! ;)', 0, 0),
(198, 17188625, 51, 38, '2011-06-02 23:23:56', 'خدا رو شکر که خوبی شیرین جونم . خانوم  کدوی خالی  عذر می خوام  جسارت شد :دی', 0, 0),
(199, 17212144, 53, 38, '2011-06-04 07:38:23', 'ekhtiar darin tina khanoom. ^_^', 0, 0),
(200, 17020603, 18, 40, '2011-05-25 19:31:46', 'Alan ye abaraye siahi to asemoone ke bavaret nemishe', 0, 0),
(201, 17020674, 60, 40, '2011-05-25 19:35:53', 'I feel like the Informatics basement is the best place to be though. I''m contemplating grabbing my husband, our cat, and an air matress and spending the night in the info basement. ;)', 1, 1),
(202, 17021551, 23, 40, '2011-05-25 20:26:41', 'Shirin jan movazebe khodetoon bashid azizam', 0, 0),
(203, 17021983, 8, 40, '2011-05-25 20:53:45', 'Be careful out there.', 0, 0),
(204, 17022011, 8, 40, '2011-05-25 20:56:12', 'I am not afraid of these baby tornados! Here everything is exagerated to scare people for nothing!', 2, 1),
(205, 17003205, 31, 41, '2011-05-25 00:41:07', 'چرا عزیزم؟ مواظب خودت باش :*', 0, 0),
(206, 17003936, 23, 41, '2011-05-25 01:24:21', 'Rest please', 0, 0),
(207, 17011055, 59, 41, '2011-05-25 11:53:19', 'az bas ke mishini posht e miz n dars mikhoni azizammmm', 0, 0),
(208, 16609240, 62, 42, '2011-05-06 01:10:07', 'and 98% ROC curve : )', 2, 1),
(209, 16609419, 76, 42, '2011-05-06 01:27:10', 'به زبان زیردیپلم بخواهید بگید چی میشه؟', 0, 0),
(210, 16609470, 62, 42, '2011-05-06 01:32:37', 'saeed mishe khafan tar az in nemishe : ))', 2, 1),
(211, 16609500, 76, 42, '2011-05-06 01:35:07', 'آها...خودم می‌دونستم :D', 1, 1),
(212, 16609512, 54, 42, '2011-05-06 01:36:03', 'یعنی الان دکتر شدین دوتاتون؟ ;)', 0, 0),
(213, 16609664, 62, 42, '2011-05-06 01:50:45', 'shirin are man vali hanooz daram tamrin minevisam : )))', 1, 0),
(214, 16618228, 61, 42, '2011-05-06 12:56:55', 'vay tabrik migam khanum doktor', 0, 0),
(215, 16618237, 61, 42, '2011-05-06 12:57:13', 'didi goftam dorost mishe', 0, 0),
(216, 16633570, 18, 42, '2011-05-07 08:35:11', 'Good job :)', 0, 0),
(217, 16638707, 1, 42, '2011-05-07 14:30:20', 'che khabare inja baba. ye proje bood faghat. hala hala ma inja kar darim :p', 0, 0),
(218, 16649521, 21, 42, '2011-05-08 05:38:55', 'shirin jun in ke gofti yani chi?!', 0, 0),
(219, 16477805, 23, 44, '2011-04-29 20:47:05', 'nazdike khonatoon pub nist?', 0, 0),
(220, 16483675, 41, 44, '2011-04-30 05:37:25', 'Shirin joonam ham piyaleh nemikhay, gilasesham emrooz narges joon zahmat keshidan kharidan, amadegiyeh kamel darim.;)', 0, 0),
(221, 16487748, 116, 44, '2011-04-30 12:02:16', 'یدونه خداااشو داریم، پایه باش بیا با هم بزنیم که من هم لنگم :)', 0, 0),
(222, 16490794, 1, 44, '2011-04-30 15:08:31', 'haha', 0, 0),
(223, 16455618, 53, 45, '2011-04-28 21:34:51', 'chi khab didi?', 0, 0),
(224, 16456175, 18, 45, '2011-04-28 22:03:18', 'Rastesho begoo chi khab mibini?', 0, 0),
(225, 16456203, 53, 45, '2011-04-28 22:04:39', 'khab dide man khabidam', 1, 1),
(226, 16459171, 23, 45, '2011-04-29 00:31:58', 'شیرین جان من هم تازگیها خوابهام خیلی‌ زنده هستند..و خیلی‌ هم ناراحت کننده...امیدوارم خواب‌های شما اینجوری نباشه', 0, 0),
(227, 16461462, 51, 45, '2011-04-29 04:12:01', 'خوابهای منم اینجوری شده. امیدوارم مال تو خوش باشه. ممنونم بابت کامنت وبلاگ', 0, 0),
(228, 16468578, 53, 45, '2011-04-29 12:10:37', 'man ke migam male bahare', 0, 0),
(229, 16474416, 1, 45, '2011-04-29 16:59:04', 'pas hame injoori shodan!', 0, 0),
(230, 16330640, 74, 46, '2011-04-23 00:39:18', 'TV said you''re not even supposed to go outside b/c it''s dangerous.', 2, 1),
(231, 16336268, 28, 46, '2011-04-23 11:33:16', 'یعنی تا اون موقع توی یونی بودی؟\nشیریییییییییییییین!!!', 0, 0),
(232, 16339244, 1, 46, '2011-04-23 14:32:15', 'آره پگاه جان، پس برای چی می گم به استراحت احتیاج دارم!', 1, 0),
(233, 16339275, 1, 46, '2011-04-23 14:33:52', 'The conclusion: catching cold: fever and sore throat!', 0, 0),
(234, 16339552, 28, 46, '2011-04-23 14:49:34', ':(', 0, 0),
(235, 16339598, 28, 46, '2011-04-23 14:51:39', 'چرا اینجوری میکنن با شما ها! استادت مسئول مریضیته! آخه تو چه گناهی داری...', 1, 1),
(236, 16341261, 74, 46, '2011-04-23 16:25:04', 'Best thing for cold is tea with lemon and honey. Tested on like dozens of graduate students by me personallhy.', 1, 1),
(237, 16350441, 51, 46, '2011-04-24 06:02:54', ':(  oh my God!', 0, 0),
(238, 16309461, 76, 47, '2011-04-21 20:11:42', 'Facebook at your service.', 3, 1),
(239, 16310518, 74, 47, '2011-04-21 21:27:03', 'in a couple of weeks there will be one less thing.... just a couple of weeks', 1, 1),
(240, 16310565, 41, 47, '2011-04-21 21:30:21', 'ey jan, easter dar raheh, mituni toop esterahat koni shirin joonam.', 0, 0),
(241, 16310655, 1, 47, '2011-04-21 21:36:36', 'Elnaz jan aslan harfesho nazan ;)', 0, 0),
(242, 16310661, 41, 47, '2011-04-21 21:36:57', 'chera?', 0, 0),
(243, 16310669, 1, 47, '2011-04-21 21:37:23', 'Akhare Terme o ina ;)', 0, 0),
(244, 16310682, 41, 47, '2011-04-21 21:38:30', 'albateh manam koli kar rikhteh saram be jayeh eshgho hal daram midarsam, ma inja ham vel nemikonim adatayeh iranemun ro, adam bayad rooz tatil hal koneh, ma darim midarsim!!kerm az khode derakhteh!', 0, 0),
(245, 16310693, 41, 47, '2011-04-21 21:39:07', 'uhum, ma inja az in moshkela nadarim, research motlagheh! vaghtemun dasteh khodemuneh, fek konam maziyatiyeh bara khodesh!', 1, 1),
(246, 16311530, 59, 47, '2011-04-21 22:32:06', 'daste rastet azizam rooooie sare mannnnnnn', 0, 0),
(247, 16311633, 114, 47, '2011-04-21 22:38:48', 'be ghole Azade Sanjari khiliii zood goozaasht ke!!!!!!lol', 2, 1),
(248, 16314532, 51, 47, '2011-04-22 03:08:57', 'بیا ماساژت بدم خستگیت در بره', 1, 1),
(249, 16314636, 39, 47, '2011-04-22 03:22:56', 'in niz bogzarad shirin joon:)', 1, 1),
(250, 16319913, 1, 47, '2011-04-22 11:48:53', 'khastegim dar raft :) mamnoon az hame vaghean :*', 0, 0),
(251, 16320292, 77, 47, '2011-04-22 12:10:16', 'va ma kami hayejan!!', 0, 0),
(252, 16333877, 103, 47, '2011-04-23 08:00:14', 'me too....', 1, 1),
(253, 16333957, 103, 47, '2011-04-23 08:05:27', 'me too', 0, 0),
(254, 16334408, 24, 47, '2011-04-23 08:49:50', 'man shirin joon jat esterahat mikonam to be darsat beres!', 1, 1),
(255, 16164604, 114, 48, '2011-04-14 19:58:40', 'tomorrow is gonna be a kabab party!lol dont worry!:)', 1, 1),
(256, 16176412, 1, 48, '2011-04-15 11:04:44', 'Arina, now what should I say? Even Kabab part was canceled!', 0, 0),
(257, 16176465, 114, 48, '2011-04-15 11:07:20', 'awwww...i know..:(  iam sorry but that was not my fault..:(((((((', 0, 0),
(258, 16179147, 1, 48, '2011-04-15 13:31:03', 'Na Azizam, maloome ke taghsire shoma nist!! Baroon miyad dige. Hala 3 mah tabestoon ro dar entezar darim ;)', 0, 0),
(259, 15724854, 28, 49, '2011-03-25 00:49:57', 'http://www.bbc.co.uk/persian/arts/2011/03/110324_l11_cinema_ekhrajiha_dehnamaki.shtml', 0, 0),
(260, 15725509, 114, 49, '2011-03-25 01:49:26', 'kaashki mishod e jori jodaiyea nader az simin ro mididim...:(khiliii delam mikhaad bebinam', 0, 0),
(261, 15727242, 109, 49, '2011-03-25 05:35:55', 'این فیلم حتی ارزش خندیدن هم نداره.کسی که دغدغه اصلی مردم ایران را به باد تمسخر میگیره ایرانی نیست.واقعاً متاسفم که بودجه مملکت خرج چنین فیلم های بی محتوایی میشه!!!!', 0, 0),
(262, 15728902, 78, 49, '2011-03-25 08:23:43', 'vaghti Dehnamakie chagho kesh va chomagh be dast beshe masalan kargardan !!!!!!!', 0, 0),
(263, 15630256, 72, 50, '2011-03-20 19:33:55', 'سال نو شما هم مبارک. کاش راه ها نزدیک تر بود البته.', 1, 1),
(264, 15630707, 54, 50, '2011-03-20 20:06:21', 'شیرین جون برای تو و مجید عزیز بهترین‌ها رو آرزو می‌کنم :* سالی خوش و موفق در پیش داشته باشی عزیزم :*', 1, 1),
(265, 15630767, 85, 50, '2011-03-20 20:10:31', 'sale noe to ham mobarak bashe shirin jan khosh bashi hamishe!', 1, 1),
(266, 15630797, 114, 50, '2011-03-20 20:12:40', 'omidvaraam sale khiliii khobio ameyea ma iraniyaa dar bloomington, dar kenare haam daashte baashim...:))))SALE NO MOBAAARAAK', 2, 1),
(267, 15631754, 23, 50, '2011-03-20 21:16:44', 'سال نو شما هم مبارک...برایت سالی‌ پر از شادی آرزو دارم', 1, 1),
(268, 15648450, 46, 50, '2011-03-21 17:52:38', 'sale no mobarak shirin joon :*', 1, 1),
(269, 15370121, 54, 51, '2011-03-08 00:59:46', 'روزت مبارک شیرین جون :*', 1, 1),
(270, 15370440, 23, 51, '2011-03-08 01:29:28', 'Good onya', 1, 1),
(271, 15370451, 23, 51, '2011-03-08 01:30:32', 'Baraye ghaliztar kardane lahjash :Good onya MATE! :D:D:D', 0, 0),
(272, 15374154, 8, 51, '2011-03-08 08:19:47', 'Me 2, I am glad u r a woman!', 1, 1),
(273, 15309371, 78, 52, '2011-03-04 20:11:22', 'Baba mage unja ghassabi rah andakhtand!!', 1, 0),
(274, 15313154, 31, 52, '2011-03-05 01:47:34', ':(', 0, 0),
(275, 15170525, 23, 53, '2011-02-26 02:35:33', 'akhey :(', 0, 0),
(276, 15173310, 53, 53, '2011-02-26 08:38:08', 'az bas ke akhbar mikhooni!', 1, 1),
(277, 15026046, 1, 55, '2011-02-18 21:07:41', 'Why I broadcast it when I want to forget it? It''s amazing!!!', 0, 0),
(278, 15026197, 23, 55, '2011-02-18 21:18:14', 'ishalla farda rooze behtari basheh, behesh fekr nakon...bazi vaght ha injori mishe dige', 1, 1),
(279, 15028439, 28, 55, '2011-02-19 00:07:38', 'چرا شیرین جان؟', 0, 0),
(280, 15031682, 103, 55, '2011-02-19 07:18:41', 'this too shall pass ....dont worry my dear...', 1, 1),
(281, 15033995, 1, 55, '2011-02-19 10:42:50', '@Pegah: dige gozashte ha ghozashte ;) mersi Pegah :)', 0, 0),
(282, 2231930, 119, 56, '2011-02-14 20:16:46', 'lol', 0, 0),
(283, 2234712, 53, 56, '2011-02-15 06:46:25', 'I don''t like this language :(', 2, 1),
(284, 1050835, 41, 57, '2011-02-02 19:09:36', 'is it windy there? maybe that''s the reason, because i had the same problem first i arrived here, it was windy all the day and i had headache all the day!', 0, 0),
(285, 1051026, 1, 57, '2011-02-02 19:46:51', 'There is wind but I''m at my office all the time!', 0, 0),
(286, 1051039, 41, 57, '2011-02-02 19:49:34', 'then that''s the reason u r always in a fixed place without fresh air! :-/', 1, 1),
(287, 1051462, 8, 57, '2011-02-02 20:56:28', 'Quite obvious. Bkz u don''t eat enough eggs & chickens.', 3, 1),
(288, 1051908, 78, 57, '2011-02-02 22:12:14', 'Definitely, I agree with Daei Homayoun.:)', 1, 1),
(289, 1053719, 53, 57, '2011-02-03 06:13:04', 'where did you arrive recently?', 0, 0),
(290, 2431825, 62, 59, '2011-01-21 11:07:39', 'hamine sarde pas : D man mkikhastam naiam vali power am office e', 0, 0),
(291, 2431959, 85, 59, '2011-01-21 11:27:21', ':D dont worry it was -28 here and i survived !', 1, 1),
(292, 2431987, 46, 59, '2011-01-21 11:31:01', 'hehe, here is +1 C ! the world is upside down ;)\nbtw,  don''t worry dears you will survive :D', 1, 1),
(293, 2432279, 62, 59, '2011-01-21 12:16:18', 'fateme delet miad mikhandee : )))', 1, 1),
(294, 2432305, 46, 59, '2011-01-21 12:19:48', 'sharmande, vali hagh bede behem dige, hamishe in mogheEyata pish nemiad! :P ;)', 0, 0),
(295, 2434986, 16, 59, '2011-01-21 18:44:54', 'oh no!!! well, it was -25C in Boston last year and I survived :)', 1, 1),
(296, 2360877, 59, 60, '2011-01-16 20:03:50', 'vai vai aroooosss, chi vashode????\nI wish I was there', 0, 0),
(297, 2360983, 23, 60, '2011-01-16 20:21:23', ':(', 0, 0),
(298, 2361198, 23, 60, '2011-01-16 20:52:27', 'shirin jan hasti online?', 0, 0),
(299, 2361495, 18, 60, '2011-01-16 21:43:09', 'Mine is Sprint, I don''t think it''ll work for you.', 0, 0),
(300, 2365652, 1, 60, '2011-01-17 12:45:36', 'Thanks all. I bought another cellphone!', 1, 0),
(301, 1612686, 120, 61, '2011-01-13 12:12:19', ';)\nI hate the sum of every two things!', 0, 0),
(302, 2427929, 53, 63, '2011-01-10 18:01:49', 'how many?', 0, 0),
(303, 2429400, 23, 63, '2011-01-10 22:17:39', 'well done', 0, 0),
(304, 2431015, 46, 63, '2011-01-11 04:46:30', 'new life, new skills ;)', 0, 0),
(305, 2431570, 17, 63, '2011-01-11 07:34:22', ';)', 0, 0),
(306, 2444227, 120, 63, '2011-01-12 21:43:19', ';)', 0, 0),
(307, 2123501, 63, 65, '2010-12-23 20:25:02', 'what about new friends?;)', 1, 1),
(308, 2124108, 1, 65, '2010-12-23 22:17:05', 'haha ;)', 0, 0),
(309, 2264093, 114, 68, '2010-12-16 19:15:03', 'man cheghaadr khoshbaakhtaaam!:))', 1, 1),
(310, 2264096, 23, 68, '2010-12-16 19:15:15', 'u cheghadr khoshbakhti?', 0, 0),
(311, 2068627, 116, 70, '2010-12-06 12:27:18', 'WoW\nخوش خودمون.\nتا حالا که هنوز سرد هم نشده!!', 0, 0),
(312, 2068677, 1, 70, '2010-12-06 12:33:03', 'I wish I could stay at home today!', 0, 0),
(313, 2068690, 116, 70, '2010-12-06 12:34:57', 'بابا بیخیال، برو برف بازی کن تو راه مدرسه تون;)', 0, 0),
(314, 2069022, 46, 70, '2010-12-06 13:22:55', 'وضع شما كه از ما هم خراب تر شده، مي خواي يه كم گرما بفرستم خدمتتون؟ زيادي داريما تعارف نكني يه وقت \n:P', 1, 1),
(315, 2069101, 77, 70, '2010-12-06 13:37:07', 'sarmaye canada va barfasho gereftida!!!!!!', 0, 0),
(316, 2070941, 23, 70, '2010-12-06 18:47:45', 'akhey...Shirin jan hesabi movazebe khodetoon bashid azizam....', 1, 1),
(317, 2071510, 77, 70, '2010-12-06 20:45:34', 'vay man harfamo pas gereftam, :))', 0, 0),
(318, 773634, 23, 71, '2010-12-01 22:29:34', 'roozegar e gharibist nazanin', 0, 0),
(319, 960816, 1, 72, '2010-11-17 11:35:47', 'بالاخره یک خبر خوب از این میهن رسید!!', 3, 0),
(320, 962209, 53, 72, '2010-11-17 15:03:06', 'che reshte ee?', 1, 1),
(321, 102576, 23, 73, '2010-11-07 20:46:43', 'با اینا زمستون  سر می‌کنم..با اینا خستگیم  در می‌کنم', 1, 0),
(322, 106910, 24, 73, '2010-11-08 12:21:10', 'دلت گرم باشه مادر.', 0, 0),
(323, 764745, 23, 74, '2010-10-26 01:07:48', 'Akhey....che bad...akharin emtehane omram ro ke dadam yadam nemire....hamash vase khodam tekrar mikardam in akharin emtehan va shabe emtehaniye ke to omram khaham dasht :)\n\nshirin jan age in akharin emtehane omrete..sai kon hesai to zehnet be khater besparish\n\nany way...all of the best for your exam', 0, 0),
(324, 764766, 1, 74, '2010-10-26 01:12:09', 'آخریش فکر نکنم باشه', 0, 0),
(325, 765193, 63, 74, '2010-10-26 02:46:45', 'شب زنده داریو و تصمیم کبری که برای دفعه بعد دیگه نذارم این جوری بشه ...سال های آینده این لحظات به خاطرات شیرین(ایهام داره!) تبدیل می شه ... موفق باشی', 0, 0),
(326, 767104, 53, 74, '2010-10-26 09:41:03', 'dehaaaaa....in che zendegie akhe? key dast az saremoon var midaran pas?', 0, 0),
(327, 772995, 23, 74, '2010-10-27 00:19:28', 'Shirin gol emtehanet ro dadi ? nafas rahate ro keshidi ya hanooz?', 0, 0),
(328, 775369, 90, 74, '2010-10-27 09:40:45', 'oonam shabe emtehanaye to ... ! kaboooose vagheiiiiii :D', 0, 0),
(329, 775370, 90, 74, '2010-10-27 09:40:52', 'oonam shabe emtehanaye to ... ! kaboooose vagheiiiiii :D', 0, 0),
(330, 778336, 1, 74, '2010-10-27 16:45:14', '@Narges, are dadam. vali rahat nashodam ;)\n@Malihe Arefi: Malihe, mage man che joori boodam? kheili azabet dadam engar!! ;D', 0, 0),
(331, 779075, 63, 74, '2010-10-27 18:30:34', 'نه منظورم این بود وقتی برای یه امتحانی نمی خونه به خودش قول می ده که دیگه نذاره به شب امتحان بکشه... البته می دونم که خیلی برای امتحان خونده بودی\n;)', 0, 0),
(332, 779708, 1, 74, '2010-10-27 20:01:42', 'Malihe jan mesle inke ghati shod, akhe man javabe Malihe Arefi ro dade boodam!! ;P', 0, 0),
(333, 780370, 63, 74, '2010-10-27 21:47:19', ':))) che ba maze shod!!', 0, 0),
(334, 237275, 59, 75, '2010-10-11 23:30:48', 'khoda ra shokr azizammmmmmm', 0, 0),
(335, 1175990, 23, 76, '2010-10-10 21:59:11', 'same here :D', 0, 0),
(336, 1176448, 63, 76, '2010-10-10 23:38:41', 'me too but be sure it pass ... :P', 1, 1),
(337, 1176875, 122, 76, '2010-10-11 01:23:48', ':(', 0, 0),
(338, 1177093, 27, 76, '2010-10-11 02:36:33', 'why?', 0, 0),
(339, 1177190, 31, 76, '2010-10-11 03:00:00', ':*', 0, 0),
(340, 1178661, 1, 76, '2010-10-11 09:52:25', 'I should learn to be patient.', 0, 0),
(341, 1510421, 23, 77, '2010-09-01 00:25:56', 'azizam...take a deep breath..relax...there''s nothing to worry abt...everything will b fine ', 0, 0),
(342, 1511108, 59, 77, '2010-09-01 03:01:12', 'chi shode azizam?\n', 0, 0),
(343, 1511628, 17, 77, '2010-09-01 05:16:10', ':( \nchi shude?', 0, 0),
(344, 1513898, 1, 77, '2010-09-01 11:29:14', 'Thanks for all asking what have happened. But it is not very important. Perhaps I''m home sick!', 0, 0),
(345, 1402817, 59, 78, '2010-08-29 00:14:33', 'akhjooooon', 0, 0),
(346, 1403781, 63, 78, '2010-08-29 03:35:58', 'AFARINNNNNNNNN, ie soaal.....bad khodet az gholaab jodash kardi?:D', 0, 0),
(347, 1404209, 48, 78, '2010-08-29 05:32:28', 'بخورش نوش جونت ', 0, 0),
(348, 1405360, 77, 78, '2010-08-29 09:57:16', 'eival,cheghadri bood hala?', 0, 0),
(349, 1409345, 23, 78, '2010-08-29 21:05:22', 'well done ', 0, 0),
(350, 1410240, 1, 78, '2010-08-29 23:29:22', '@Malihe: na Majid va doostemun az gholab jodash kardan :P\n@Saeedeh: gharare nahare fardam bashe :))\n@Ameneh: 30 cm :)\n@Hoda and Narges: Thanks!', 0, 0),
(351, 1414450, 17, 78, '2010-08-30 13:21:59', ':)', 0, 0),
(352, 467437, 23, 79, '2010-08-01 21:45:10', 'Oh :(', 0, 0),
(353, 470616, 96, 79, '2010-08-02 10:21:59', 'that''s why you need SVN or Git repo. Sorry to hear that.', 0, 0),
(354, 472685, 67, 79, '2010-08-02 16:44:10', 'I have an excellent tool if you need', 0, 0),
(355, 473144, 1, 79, '2010-08-02 17:59:43', 'I have stored them on silo which is a temporary sever and I didn''t know that if I don''t use files for a month, they will be deleted automatically. Admin said there is no back up for the files in this server!! So I should start from the first and scratch. :(', 0, 0),
(356, 474433, 59, 79, '2010-08-02 22:15:04', 'ishala azizam,, u cannn', 0, 0),
(357, 417760, 58, 80, '2010-07-25 12:56:48', 'chi shude :(', 0, 0),
(358, 417977, 49, 80, '2010-07-25 13:32:11', 'negaran shodam, shirin jun. inshalah ke zud khub beshi. ', 0, 0),
(359, 419015, 1, 80, '2010-07-25 16:50:24', 'Nothing, I have a backache because of spasm. It hurts! Thanks dears.', 0, 0),
(360, 420082, 23, 80, '2010-07-25 20:36:33', 'Shirin jan nabinam dard biyad soraghet...azizam bishtar be khodet beres', 0, 0),
(361, 436014, 113, 80, '2010-07-27 23:21:30', 'eshala zodtar khoob beshi dostamm :(', 0, 0),
(362, 193344, 107, 81, '2010-06-13 03:51:48', 'dokhtar amoo jon chetorid?bikhabarim azaton .che khabaraaa?khobo khosho movafagh bashi shirin jon', 0, 0),
(363, 196513, 1, 81, '2010-06-13 14:26:42', 'سلام شادی جان\nمن خوبم. مشغول ریسرچ! شما چکار می کنی؟ کار و بار رو به راهه؟ منم ازت بی خبرم. الان کار می کنی؟ شیدا جان چطوره؟ ', 0, 0),
(364, 207894, 107, 81, '2010-06-15 00:21:38', 'salam khanomii ,bale sare karim har 2 ,onam khobe salam miresone .iran nemiyay?delemon barat tang shode .ma ke sobh be sobh mirim sare karo roza tekrari. be omide didarrr, take care ..', 0, 0),
(365, 208575, 41, 81, '2010-06-15 03:15:54', 'javab refer to ur message!', 0, 0),
(366, 210569, 1, 81, '2010-06-15 10:33:55', 'Shadi jan, inja ham rooza tekrari hast!!', 0, 0),
(367, 193928, 49, 82, '2010-06-12 20:41:14', 'manam! che ruzhayi khubi dashtim!', 0, 0),
(368, 193935, 1, 82, '2010-06-12 20:42:53', 'زینب جان داشتم به شبهایی که همه با هم شام می خوردیم و بعدش سه -چهار ساعت با هم حرف می زدیم فکر می کردم.  ', 0, 0),
(369, 193938, 1, 82, '2010-06-12 20:44:02', 'هر شب می گفتم امشب زود می خوابم ولی اینقدر خوش می گذشت که هر شب تکرار می شد.', 0, 0),
(370, 197950, 41, 82, '2010-06-13 13:31:20', 'manam havaye un radio gush kardanat ro kardam. aaaaaaaaaaaaaaaa, mikhammmmmmmm.', 0, 0),
(371, 198277, 1, 82, '2010-06-13 14:30:34', 'دیشب یاد اون دورانی افتادم که صبحها کله سحر پا می شدی می رفتی پیاده روی', 0, 0),
(372, 201651, 41, 82, '2010-06-14 01:13:07', 'vay yadete? alan omran eradeye hamchin kari ro dashte basham! pir shodim raft. alan momkene roozha begzare va man hatta az khoone biron nayam, faghat akhar haftehaaa!vali man hich vaght delam bara dorm tang nemishe!vali bara doostam delam tang mishe!mesle to, maryam mazloom, nikta,...', 0, 0),
(373, 680502, 49, 83, '2010-06-08 19:17:34', 'movafagh bashi azizam. ishala ke har kari ke mikoni natijeye khoshayandi dashte bashe, ta bad az etmame kar va didane natijash khastegit az tanet kharej beshe. :)', 0, 0),
(374, 681649, 59, 83, '2010-06-08 22:50:27', 'khaste nabashi khanoom talaaaaa', 0, 0),
(375, 684428, 77, 83, '2010-06-09 08:51:30', 'خسته و يه عالمه كار بهتر از بيكاري و خواب:)', 0, 0),
(376, 687793, 1, 83, '2010-06-09 16:53:59', 'Mamnoon Zeynab jan, nemiduni dishab ke didam ino baram neveshti ye alame rouhiyam behtar shod. Vaghean rast migi. Omidvaram natijeh bede. \nMamnoon Ameneh jan, kamelan movafegham. injoorisho bishtar tarjih midam.', 0, 0),
(377, 707157, 9, 83, '2010-06-11 23:42:49', 'salam jigar talaha  ashegh khodeton o khastegi o karetonam hezar ta boss roye lop har doton', 0, 0),
(378, 535485, 23, 84, '2010-05-15 12:18:12', 'apple', 0, 0),
(379, 535656, 1, 84, '2010-05-15 12:48:37', 'What about mac?', 0, 0),
(380, 535746, 23, 84, '2010-05-15 13:04:37', 'mac? \n', 0, 0),
(381, 535756, 23, 84, '2010-05-15 13:05:40', 'i think by mac u mean the samething as "apple"', 0, 0),
(382, 535848, 1, 84, '2010-05-15 13:25:26', 'Thanks for your comparison Narges :)  I should have said "why mac?" Do you have one?', 0, 0),
(383, 535896, 23, 84, '2010-05-15 13:34:41', 'no i dont have but its the best, age pooldar shodam yeki mikharam', 0, 0),
(384, 536118, 53, 84, '2010-05-15 14:17:53', 'lenova or mac', 0, 0),
(385, 538386, 1, 84, '2010-05-15 22:20:07', 'Thanks everyone :)', 0, 0),
(386, 613725, 49, 85, '2010-05-10 22:02:55', 'good luck :)', 0, 0),
(387, 481107, 79, 86, '2010-05-07 11:43:46', 'mobarake :*', 0, 0),
(388, 481378, 23, 86, '2010-05-07 12:29:41', 'Congrates dear', 0, 0),
(389, 481462, 101, 86, '2010-05-07 12:44:26', 'shirin jon be salamati enshalah ke dar tamame marahel movafagh bashi.', 0, 0),
(390, 481619, 59, 86, '2010-05-07 13:10:10', 'tabrik azizam', 0, 0),
(391, 482752, 46, 86, '2010-05-07 15:50:22', 'sad afarin :D', 0, 0),
(392, 482896, 53, 86, '2010-05-07 16:10:27', 'che zood?!', 0, 0),
(393, 485332, 1, 86, '2010-05-07 23:30:17', 'mamnoon Neda jan, Narges jan, Golnaz khanoom va Hoda joonam. \nMarjan zadi too khal, jat khali ye aalam khabidam. ye maratooni bood in mahe akhara. \nFateme jan, chera sad ta, bayad begi Hezar afarin!\nAdood, baba chi che zood. Etefaghan kheili tooool keshid. kheili toolani bood.\nShabnam jan, shoma lotf dari, ishala sale dige hamin moghe man be shoma tabrik begam. :)', 0, 0),
(394, 487170, 17, 86, '2010-05-08 07:14:16', 'mobarak bashe khahare azizam :)', 0, 0),
(395, 498093, 1, 86, '2010-05-09 18:09:53', 'Mersi Farhad khan. :)', 0, 0),
(396, 11492205, 59, 88, '2010-02-24 19:25:00', 'haniooooz maelom nist Ta dishab ke "Mohammad HADI Deldar "', 0, 0),
(397, 11492638, 59, 88, '2010-02-24 19:38:49', 'hahahahahahaha', 0, 0),
(398, 11495578, 1, 88, '2010-02-24 20:56:09', 'Ta oon moghe ishala dige gir nemidan. Faghat be in khater ke esme bache ro avaz nemikonan ;)', 0, 0),
(399, 11509475, 23, 88, '2010-02-25 04:38:11', 'ishala khabare maman shodaneto inja  bezari :DDD', 0, 0),
(400, 11516930, 59, 88, '2010-02-25 08:48:23', 'Eshgham  Think POSSETIVE!!!!', 0, 0),
(401, 11155986, 23, 89, '2010-02-07 14:13:32', 'wow, congrats\nbtw, how much? (cheshmak)', 0, 0),
(402, 11171471, 59, 89, '2010-02-07 21:40:32', 'wowwwwwwwwwwwwwwwww azizammmmmm\ntabrikkk tabriikkkkk ,,, arezoie behtarinha baraie uuuuuuu!!!!', 0, 0),
(403, 11205205, 1, 89, '2010-02-08 16:25:24', 'Thanks Narges and Hoda :X\n@Narges: The top graduate student poster will receive a full scholarship to attend the 2010 Grace Hopper Celebration of Women in Computing in Atlanta, GA next fall.', 0, 0),
(404, 11284039, 1, 89, '2010-02-10 14:04:55', 'Mersiiiiii Marjan, Vali hala hamchin eftekharam nist.', 0, 0),
(405, 11433619, 27, 89, '2010-02-14 00:37:37', 'مبارکا باشه شيرين خانم، بهترين از اينا رو ببری', 0, 0),
(406, 8787817, 1, 90, '2009-12-27 15:32:27', 'دیگه تحمل ندارم', 0, 0),
(407, 8813231, 23, 90, '2009-12-28 08:51:22', 'azizam shirin jan , halet khoobe? ostadat aziyat mikonan ya akhbare iran baes shode injoori beshi? azizam take it easy', 0, 0),
(408, 8813348, 53, 90, '2009-12-28 08:56:35', 'What''s up darling? Tell me', 0, 0),
(409, 8817494, 1, 90, '2009-12-28 11:09:48', 'Just Iran!', 0, 0),
(410, 5846730, 177, 91, '2013-02-20 12:41:40', 'thats true', 1, 1),
(411, 10466956, 178, 94, '2010-01-28 20:26:18', '哈 怎么了你\n', 0, 0),
(412, 10467175, 161, 94, '2010-01-28 20:32:12', '没事啊，就是烦呀', 0, 0),
(413, 10469303, 178, 94, '2010-01-28 21:23:23', '恩恩 一样 理解啊', 0, 0);

-- --------------------------------------------------------

--
-- Table structure for table `user_status_likes`
--

CREATE TABLE IF NOT EXISTS `user_status_likes` (
  `like_id` int(9) unsigned NOT NULL AUTO_INCREMENT,
  `user_id` int(9) unsigned NOT NULL,
  `status_id` int(9) unsigned NOT NULL,
  PRIMARY KEY (`like_id`),
  KEY `user_id` (`user_id`,`status_id`),
  KEY `status_id` (`status_id`)
) ENGINE=InnoDB  DEFAULT CHARSET=utf8 AUTO_INCREMENT=348 ;

--
-- Dumping data for table `user_status_likes`
--

INSERT INTO `user_status_likes` (`like_id`, `user_id`, `status_id`) VALUES
(344, 1, 88),
(189, 2, 33),
(1, 3, 1),
(19, 3, 3),
(36, 3, 4),
(94, 3, 16),
(49, 8, 6),
(206, 11, 42),
(42, 12, 5),
(74, 12, 8),
(32, 13, 3),
(9, 17, 2),
(50, 17, 6),
(88, 17, 14),
(95, 17, 16),
(132, 17, 25),
(196, 17, 36),
(205, 17, 42),
(246, 17, 50),
(269, 17, 54),
(281, 17, 59),
(285, 17, 62),
(287, 17, 63),
(288, 17, 65),
(293, 17, 66),
(295, 17, 67),
(297, 17, 68),
(305, 17, 70),
(314, 17, 72),
(316, 17, 73),
(320, 17, 74),
(328, 17, 78),
(335, 17, 86),
(2, 18, 1),
(7, 18, 2),
(39, 18, 4),
(47, 18, 5),
(53, 18, 6),
(76, 18, 8),
(84, 18, 10),
(87, 18, 11),
(92, 18, 15),
(121, 18, 18),
(128, 18, 24),
(182, 18, 32),
(195, 18, 34),
(204, 18, 40),
(209, 18, 42),
(238, 18, 47),
(240, 18, 48),
(251, 18, 50),
(261, 18, 51),
(270, 18, 54),
(283, 18, 59),
(291, 18, 65),
(37, 21, 4),
(58, 21, 6),
(75, 21, 8),
(80, 21, 9),
(83, 21, 10),
(86, 21, 11),
(99, 21, 16),
(120, 21, 18),
(126, 21, 24),
(139, 21, 27),
(162, 21, 28),
(217, 21, 43),
(4, 22, 2),
(28, 23, 3),
(73, 23, 8),
(81, 23, 9),
(82, 23, 10),
(85, 23, 11),
(90, 23, 15),
(110, 23, 16),
(122, 23, 20),
(124, 23, 22),
(129, 23, 24),
(130, 23, 25),
(150, 23, 28),
(179, 23, 31),
(184, 23, 32),
(200, 23, 39),
(221, 23, 43),
(244, 23, 49),
(252, 23, 50),
(271, 23, 54),
(279, 23, 58),
(290, 23, 65),
(303, 23, 68),
(310, 23, 72),
(319, 23, 73),
(327, 23, 75),
(340, 23, 87),
(346, 23, 90),
(40, 24, 5),
(119, 24, 18),
(188, 24, 33),
(11, 25, 3),
(3, 27, 2),
(22, 27, 3),
(135, 27, 27),
(169, 27, 31),
(201, 27, 39),
(207, 27, 42),
(234, 27, 46),
(296, 27, 68),
(309, 27, 72),
(322, 27, 75),
(331, 27, 78),
(336, 27, 86),
(345, 27, 90),
(5, 28, 2),
(29, 28, 3),
(41, 28, 5),
(48, 28, 6),
(78, 28, 9),
(114, 28, 16),
(203, 28, 40),
(230, 28, 44),
(236, 28, 47),
(245, 28, 49),
(256, 28, 50),
(259, 28, 51),
(275, 28, 56),
(280, 28, 59),
(284, 28, 62),
(289, 28, 65),
(301, 28, 68),
(313, 28, 72),
(6, 29, 2),
(8, 30, 2),
(44, 30, 5),
(191, 30, 33),
(10, 31, 2),
(21, 31, 3),
(136, 31, 27),
(197, 31, 36),
(213, 31, 42),
(220, 31, 43),
(229, 31, 44),
(233, 31, 45),
(263, 31, 51),
(272, 31, 54),
(12, 32, 3),
(118, 32, 16),
(137, 32, 27),
(13, 33, 3),
(131, 33, 25),
(14, 34, 3),
(15, 35, 3),
(105, 35, 16),
(16, 36, 3),
(17, 37, 3),
(43, 37, 5),
(106, 37, 16),
(249, 37, 50),
(18, 38, 3),
(185, 38, 33),
(20, 39, 3),
(145, 39, 27),
(164, 39, 28),
(176, 39, 31),
(23, 40, 3),
(38, 40, 4),
(45, 40, 5),
(108, 40, 16),
(24, 41, 3),
(79, 41, 9),
(133, 41, 25),
(227, 41, 44),
(266, 41, 51),
(329, 41, 78),
(25, 42, 3),
(210, 42, 42),
(26, 43, 3),
(115, 43, 16),
(138, 43, 27),
(27, 44, 3),
(265, 44, 51),
(300, 44, 68),
(30, 45, 3),
(51, 45, 6),
(177, 45, 31),
(31, 46, 3),
(77, 46, 8),
(134, 46, 25),
(173, 46, 31),
(212, 46, 42),
(247, 46, 50),
(262, 46, 51),
(292, 46, 66),
(299, 46, 68),
(33, 47, 3),
(34, 48, 3),
(330, 48, 78),
(35, 49, 3),
(152, 49, 28),
(178, 49, 31),
(183, 49, 32),
(192, 49, 33),
(231, 49, 44),
(338, 53, 86),
(341, 53, 88),
(56, 54, 6),
(123, 54, 20),
(140, 54, 27),
(160, 54, 28),
(187, 54, 33),
(215, 54, 42),
(237, 54, 47),
(255, 54, 50),
(264, 54, 51),
(278, 54, 56),
(282, 54, 59),
(294, 54, 67),
(315, 54, 72),
(318, 54, 73),
(324, 54, 75),
(46, 56, 5),
(146, 56, 28),
(52, 57, 6),
(54, 58, 6),
(343, 58, 88),
(55, 59, 6),
(337, 59, 86),
(342, 59, 88),
(57, 60, 6),
(59, 61, 6),
(181, 61, 32),
(60, 62, 6),
(163, 62, 28),
(216, 62, 42),
(61, 63, 6),
(89, 63, 14),
(102, 63, 16),
(125, 63, 23),
(127, 63, 24),
(161, 63, 28),
(165, 63, 30),
(172, 63, 31),
(198, 63, 38),
(250, 63, 50),
(268, 63, 52),
(286, 63, 62),
(302, 63, 68),
(312, 63, 72),
(317, 63, 73),
(325, 63, 75),
(62, 64, 6),
(63, 65, 6),
(151, 65, 28),
(174, 65, 31),
(64, 66, 6),
(65, 67, 6),
(116, 67, 16),
(66, 68, 6),
(67, 69, 6),
(68, 70, 6),
(69, 71, 6),
(267, 71, 51),
(70, 72, 6),
(71, 73, 6),
(307, 73, 70),
(72, 74, 6),
(144, 74, 27),
(159, 74, 28),
(260, 76, 51),
(277, 76, 56),
(321, 76, 74),
(91, 77, 15),
(103, 77, 16),
(170, 77, 31),
(190, 77, 33),
(225, 77, 43),
(232, 77, 44),
(235, 77, 47),
(242, 77, 49),
(248, 77, 50),
(311, 77, 72),
(326, 77, 75),
(334, 77, 82),
(93, 78, 15),
(104, 78, 16),
(199, 78, 39),
(223, 78, 43),
(276, 78, 56),
(339, 78, 86),
(96, 79, 16),
(97, 80, 16),
(98, 81, 16),
(100, 82, 16),
(101, 83, 16),
(107, 84, 16),
(109, 85, 16),
(155, 85, 28),
(254, 85, 50),
(111, 86, 16),
(112, 87, 16),
(113, 88, 16),
(157, 88, 28),
(167, 88, 31),
(211, 88, 42),
(117, 89, 16),
(143, 90, 27),
(171, 90, 31),
(193, 90, 34),
(141, 92, 27),
(273, 92, 54),
(142, 93, 27),
(156, 93, 28),
(239, 93, 48),
(147, 94, 28),
(222, 94, 43),
(148, 95, 28),
(202, 95, 40),
(149, 96, 28),
(166, 96, 31),
(153, 97, 28),
(168, 97, 31),
(154, 98, 28),
(175, 98, 31),
(158, 99, 28),
(333, 101, 81),
(180, 102, 32),
(186, 103, 33),
(304, 105, 70),
(224, 109, 43),
(241, 109, 49),
(194, 110, 34),
(208, 113, 42),
(228, 113, 44),
(214, 114, 42),
(219, 114, 43),
(243, 114, 49),
(253, 114, 50),
(218, 115, 43),
(226, 116, 44),
(258, 116, 51),
(298, 116, 68),
(306, 116, 70),
(257, 117, 50),
(274, 118, 54),
(308, 121, 72),
(323, 122, 75),
(332, 123, 78),
(347, 177, 91);

-- --------------------------------------------------------

--
-- Table structure for table `user_status_tags`
--

CREATE TABLE IF NOT EXISTS `user_status_tags` (
  `tag_id` int(9) unsigned NOT NULL AUTO_INCREMENT,
  `user_id` int(9) unsigned NOT NULL,
  `status_id` int(9) unsigned NOT NULL,
  PRIMARY KEY (`tag_id`),
  KEY `user_id` (`user_id`,`status_id`),
  KEY `user_id_2` (`user_id`),
  KEY `status_id` (`status_id`)
) ENGINE=InnoDB  DEFAULT CHARSET=utf8 AUTO_INCREMENT=3 ;

--
-- Dumping data for table `user_status_tags`
--

INSERT INTO `user_status_tags` (`tag_id`, `user_id`, `status_id`) VALUES
(1, 176, 91),
(2, 177, 91);

-- --------------------------------------------------------

--
-- Table structure for table `user_subscribers`
--

CREATE TABLE IF NOT EXISTS `user_subscribers` (
  `user_id` int(9) unsigned NOT NULL,
  `subscriber_id` int(9) unsigned NOT NULL,
  KEY `user_id` (`user_id`,`subscriber_id`),
  KEY `subscriber_id` (`subscriber_id`)
) ENGINE=InnoDB DEFAULT CHARSET=utf8;

--
-- Dumping data for table `user_subscribers`
--

INSERT INTO `user_subscribers` (`user_id`, `subscriber_id`) VALUES
(161, 220),
(161, 221),
(161, 222),
(223, 161),
(223, 161),
(223, 161),
(223, 161),
(223, 161),
(223, 161),
(223, 161),
(223, 161),
(223, 161),
(223, 161),
(223, 161),
(224, 161),
(224, 161),
(224, 161),
(224, 161),
(224, 161),
(224, 161),
(224, 161),
(224, 161),
(224, 161),
(224, 161),
(224, 161),
(225, 161),
(225, 161),
(225, 161),
(225, 161),
(225, 161),
(225, 161),
(225, 161),
(225, 161),
(225, 161),
(225, 161),
(225, 161);

-- --------------------------------------------------------

--
-- Table structure for table `user_work_history`
--

CREATE TABLE IF NOT EXISTS `user_work_history` (
  `user_id` int(9) unsigned NOT NULL,
  `employer` varchar(255) NOT NULL,
  `location` varchar(255) NOT NULL,
  `position` varchar(255) NOT NULL,
  `start_date` varchar(10) NOT NULL,
  `end_date` varchar(10) NOT NULL,
  KEY `user_id` (`user_id`)
) ENGINE=InnoDB DEFAULT CHARSET=utf8;

--
-- Dumping data for table `user_work_history`
--

INSERT INTO `user_work_history` (`user_id`, `employer`, `location`, `position`, `start_date`, `end_date`) VALUES
(161, 'Indiana University', 'Bloomington, Indiana', 'Research Assistant', '2013-01', '');

--
-- Constraints for dumped tables
--

--
-- Constraints for table `user_bio`
--
ALTER TABLE `user_bio`
  ADD CONSTRAINT `user_bio_ibfk_1` FOREIGN KEY (`user_id`) REFERENCES `users` (`id`) ON UPDATE CASCADE;

--
-- Constraints for table `user_education_history`
--
ALTER TABLE `user_education_history`
  ADD CONSTRAINT `user_education_history_ibfk_1` FOREIGN KEY (`user_id`) REFERENCES `users` (`id`) ON UPDATE CASCADE;

--
-- Constraints for table `user_family`
--
ALTER TABLE `user_family`
  ADD CONSTRAINT `user_family_ibfk_1` FOREIGN KEY (`user1_id`) REFERENCES `users` (`id`) ON UPDATE CASCADE,
  ADD CONSTRAINT `user_family_ibfk_2` FOREIGN KEY (`user2_id`) REFERENCES `users` (`id`) ON UPDATE CASCADE;

--
-- Constraints for table `user_friendlists`
--
ALTER TABLE `user_friendlists`
  ADD CONSTRAINT `user_friendlists_ibfk_1` FOREIGN KEY (`user_id`) REFERENCES `users` (`id`) ON UPDATE CASCADE;

--
-- Constraints for table `user_friendlist_members`
--
ALTER TABLE `user_friendlist_members`
  ADD CONSTRAINT `user_friendlist_members_ibfk_2` FOREIGN KEY (`member_id`) REFERENCES `users` (`id`) ON UPDATE CASCADE,
  ADD CONSTRAINT `user_friendlist_members_ibfk_1` FOREIGN KEY (`list_id`) REFERENCES `user_friendlists` (`list_id`) ON UPDATE CASCADE;

--
-- Constraints for table `user_likes`
--
ALTER TABLE `user_likes`
  ADD CONSTRAINT `user_likes_ibfk_1` FOREIGN KEY (`user_id`) REFERENCES `users` (`id`) ON UPDATE CASCADE;

--
-- Constraints for table `user_locations`
--
ALTER TABLE `user_locations`
  ADD CONSTRAINT `user_locations_ibfk_1` FOREIGN KEY (`user_id`) REFERENCES `users` (`id`) ON UPDATE CASCADE;

--
-- Constraints for table `user_photos`
--
ALTER TABLE `user_photos`
  ADD CONSTRAINT `user_photos_ibfk_1` FOREIGN KEY (`user_id`) REFERENCES `users` (`id`) ON UPDATE CASCADE;

--
-- Constraints for table `user_photo_comments`
--
ALTER TABLE `user_photo_comments`
  ADD CONSTRAINT `user_photo_comments_ibfk_1` FOREIGN KEY (`user_id`) REFERENCES `users` (`id`) ON UPDATE CASCADE,
  ADD CONSTRAINT `user_photo_comments_ibfk_2` FOREIGN KEY (`photo_id`) REFERENCES `user_photos` (`photo_id`) ON UPDATE CASCADE;

--
-- Constraints for table `user_photo_likes`
--
ALTER TABLE `user_photo_likes`
  ADD CONSTRAINT `user_photo_likes_ibfk_1` FOREIGN KEY (`user_id`) REFERENCES `users` (`id`) ON UPDATE CASCADE,
  ADD CONSTRAINT `user_photo_likes_ibfk_2` FOREIGN KEY (`photo_id`) REFERENCES `user_photos` (`photo_id`) ON UPDATE CASCADE;

--
-- Constraints for table `user_photo_tags`
--
ALTER TABLE `user_photo_tags`
  ADD CONSTRAINT `user_photo_tags_ibfk_1` FOREIGN KEY (`user_id`) REFERENCES `users` (`id`) ON UPDATE CASCADE,
  ADD CONSTRAINT `user_photo_tags_ibfk_2` FOREIGN KEY (`photo_id`) REFERENCES `user_photos` (`photo_id`) ON UPDATE CASCADE;

--
-- Constraints for table `user_posts`
--
ALTER TABLE `user_posts`
  ADD CONSTRAINT `user_posts_ibfk_1` FOREIGN KEY (`user_id`) REFERENCES `users` (`id`) ON UPDATE CASCADE;

--
-- Constraints for table `user_post_comments`
--
ALTER TABLE `user_post_comments`
  ADD CONSTRAINT `user_post_comments_ibfk_1` FOREIGN KEY (`user_id`) REFERENCES `users` (`id`) ON UPDATE CASCADE,
  ADD CONSTRAINT `user_post_comments_ibfk_2` FOREIGN KEY (`post_id`) REFERENCES `user_posts` (`post_id`) ON UPDATE CASCADE;

--
-- Constraints for table `user_post_likes`
--
ALTER TABLE `user_post_likes`
  ADD CONSTRAINT `user_post_likes_ibfk_1` FOREIGN KEY (`user_id`) REFERENCES `users` (`id`) ON UPDATE CASCADE,
  ADD CONSTRAINT `user_post_likes_ibfk_2` FOREIGN KEY (`post_id`) REFERENCES `user_posts` (`post_id`) ON UPDATE CASCADE;

--
-- Constraints for table `user_post_tags`
--
ALTER TABLE `user_post_tags`
  ADD CONSTRAINT `user_post_tags_ibfk_2` FOREIGN KEY (`post_id`) REFERENCES `user_posts` (`post_id`) ON UPDATE CASCADE,
  ADD CONSTRAINT `user_post_tags_ibfk_1` FOREIGN KEY (`user_id`) REFERENCES `users` (`id`) ON UPDATE CASCADE;

--
-- Constraints for table `user_statuses`
--
ALTER TABLE `user_statuses`
  ADD CONSTRAINT `user_statuses_ibfk_1` FOREIGN KEY (`user_id`) REFERENCES `users` (`id`) ON UPDATE CASCADE;

--
-- Constraints for table `user_status_comments`
--
ALTER TABLE `user_status_comments`
  ADD CONSTRAINT `user_status_comments_ibfk_1` FOREIGN KEY (`user_id`) REFERENCES `users` (`id`) ON UPDATE CASCADE,
  ADD CONSTRAINT `user_status_comments_ibfk_2` FOREIGN KEY (`status_id`) REFERENCES `user_statuses` (`status_id`) ON UPDATE CASCADE;

--
-- Constraints for table `user_status_likes`
--
ALTER TABLE `user_status_likes`
  ADD CONSTRAINT `user_status_likes_ibfk_1` FOREIGN KEY (`user_id`) REFERENCES `users` (`id`) ON UPDATE CASCADE,
  ADD CONSTRAINT `user_status_likes_ibfk_2` FOREIGN KEY (`status_id`) REFERENCES `user_statuses` (`status_id`) ON UPDATE CASCADE;

--
-- Constraints for table `user_status_tags`
--
ALTER TABLE `user_status_tags`
  ADD CONSTRAINT `user_status_tags_ibfk_1` FOREIGN KEY (`user_id`) REFERENCES `users` (`id`) ON UPDATE CASCADE,
  ADD CONSTRAINT `user_status_tags_ibfk_2` FOREIGN KEY (`status_id`) REFERENCES `user_statuses` (`status_id`) ON UPDATE CASCADE;

--
-- Constraints for table `user_subscribers`
--
ALTER TABLE `user_subscribers`
  ADD CONSTRAINT `user_subscribers_ibfk_2` FOREIGN KEY (`subscriber_id`) REFERENCES `users` (`id`) ON UPDATE CASCADE,
  ADD CONSTRAINT `user_subscribers_ibfk_1` FOREIGN KEY (`user_id`) REFERENCES `users` (`id`) ON UPDATE CASCADE;

--
-- Constraints for table `user_work_history`
--
ALTER TABLE `user_work_history`
  ADD CONSTRAINT `user_work_history_ibfk_1` FOREIGN KEY (`user_id`) REFERENCES `users` (`id`) ON UPDATE CASCADE;

/*!40101 SET CHARACTER_SET_CLIENT=@OLD_CHARACTER_SET_CLIENT */;
/*!40101 SET CHARACTER_SET_RESULTS=@OLD_CHARACTER_SET_RESULTS */;
/*!40101 SET COLLATION_CONNECTION=@OLD_COLLATION_CONNECTION */;
