-- phpMyAdmin SQL Dump
-- version 3.5.7
-- http://www.phpmyadmin.net
--
-- Host: localhost
-- Generation Time: Mar 18, 2013 at 02:23 PM
-- Server version: 5.1.67
-- PHP Version: 5.3.3

SET SQL_MODE="NO_AUTO_VALUE_ON_ZERO";
SET time_zone = "+00:00";


/*!40101 SET @OLD_CHARACTER_SET_CLIENT=@@CHARACTER_SET_CLIENT */;
/*!40101 SET @OLD_CHARACTER_SET_RESULTS=@@CHARACTER_SET_RESULTS */;
/*!40101 SET @OLD_COLLATION_CONNECTION=@@COLLATION_CONNECTION */;
/*!40101 SET NAMES utf8 */;

--
-- Database: `facebook`
--

-- --------------------------------------------------------

--
-- Table structure for table `users`
--

CREATE TABLE IF NOT EXISTS `users` (
  `id` int(9) unsigned NOT NULL AUTO_INCREMENT,
  `facebook_id` bigint(19) unsigned NOT NULL,
  `username` varchar(100) NOT NULL,
  `first_name` varchar(100) NOT NULL,
  `last_name` varchar(100) NOT NULL,
  `app_installed` tinyint(1) NOT NULL DEFAULT '0' COMMENT 'tell whether the user installed our app or not',
  PRIMARY KEY (`id`),
  UNIQUE KEY `facebook_id` (`facebook_id`)
) ENGINE=InnoDB  DEFAULT CHARSET=utf8 AUTO_INCREMENT=570 ;

--
-- Dumping data for table `users`
--

INSERT INTO `users` (`id`, `facebook_id`, `username`, `first_name`, `last_name`, `app_installed`) VALUES
(129, 609226042, 'AsemaneNili', 'Shirin', 'Nili', 1),
(130, 559433765, 'zrzahid', 'Zahid', 'Rahman', 0),
(131, 821319372, 'bahar.ymn', 'Ba', 'Har', 0),
(132, 100003709597588, 'farnoush.nili', 'Farnoush', 'Nili', 0),
(133, 100002314772832, 'amir.sharifahmadian', 'Amir', 'Sharifahmadian', 0),
(134, 100000122033095, 'xinia.nilipour', 'Xinia', 'Nilipour', 0),
(135, 201002194, 'shabnam.nilipour', 'Shabnam', 'Nilipour', 0),
(136, 100001113732348, 'shahi.nilipour', 'Shahi', 'Nilipour', 0),
(137, 531321332, 'homayoun.taba', 'Homayoun', 'Taba', 0),
(138, 1507802715, 'deyhimdeldar', 'Deyhim', 'Deldar', 0),
(139, 6017424, 'nnilipour', 'Nasseem', 'Nilipour', 0),
(140, 1034322602, 'amir.m.nilipour', 'Amir', 'Nilipour', 0),
(141, 100002681212593, 'mehrandokht.deldar', 'Mehrandokht', 'Deldar', 0),
(142, 1424515205, 'mitra.razavi.7', 'Mitra', 'Razavi', 0),
(143, 1680400206, 'mohammad.mortazavi.31', 'Mohammad', 'Mortazavi', 0),
(144, 527241967, 'saman.razavi', 'Saman', 'Razavi', 0),
(145, 7952441, 'leila.alicia', 'Leila', 'Nilipour', 0),
(146, 1137787954, 'amirfarhad.nili', 'AF', 'Nili', 0),
(147, 538121612, 'katayoun.mansouri', 'Katayoun', 'Mansouri', 0),
(148, 603264498, 'aida.huseynova.98', 'Aida', 'Huseynova', 0),
(149, 1181989994, 'lan.li.39', 'Lan', 'Li', 0),
(150, 547278906, 'suzanne.lien.7', 'Suzanne', 'Lien', 0),
(151, 37616021, 'rzakeri1', 'Rashid', 'Zakeri', 0),
(152, 827595576, 'venkata.shravan', 'Venkata', 'Ponnam', 0),
(153, 845095397, 'shanshan.chen220', 'Shanshan', 'Chen', 0),
(154, 678126115, 'yogendra.ghatpande', 'Yogendra', 'Ghatpande', 0),
(155, 6803009, 'ninasoo', 'Nina', 'Soo', 0),
(156, 1674333531, 'tmsmiths', 'Tina', 'Smiths', 0),
(157, 1039641983, 'zhdong', 'Zheng', 'Dong', 0),
(158, 100000226384453, 'darya.orlova.16', 'Darya', 'Orlova', 0),
(159, 8302397, 'marcie.deff', 'Marcie', 'Deff', 0),
(160, 9215574, 'damon.yousefy', 'Damon', 'Yousefy', 0),
(161, 1333777366, 'lajello', 'Luca', 'Aiello', 0),
(162, 1126261903, 'smreeder', 'Sarah', 'Reeder', 0),
(163, 1375432668, 'xshuai', 'Xin', 'Shuai', 0),
(164, 6856298, 'heekyoung.jung', 'Heekyoung', 'Jung', 0),
(165, 1286208493, 'pantea.pishgahi', 'Pan', 'A', 0),
(166, 6850350, '', 'Shamim', 'Ali', 0),
(167, 1423225481, 'huina.mao', 'Huina', 'Mao', 0),
(168, 652653652, 'giaruffo', 'Giancarlo', 'Ruffo', 0),
(169, 663152499, 'zhangqianrach', 'Qian', 'Zhang', 0),
(170, 547783778, 'chad.burrus', 'Chad', 'Burrus', 0),
(171, 2613408, 'bruno.goncalves', 'Bruno', 'Gonçalves', 0),
(172, 1134352275, 'snehal.patil.735', 'Snehal', 'Patil', 0),
(173, 893160477, 'laura.brunetti.16', 'Laura', 'Brunetti', 0),
(174, 590014226, 'jasleen9', 'Jasleen', 'Kaur', 0),
(175, 6856763, 'andrew.kalafut', 'Andrew', 'Kalafut', 0),
(176, 766714510, 'nicola.perra', 'Nicola', 'Perra', 0),
(177, 1092411513, 'fabio.ciulla.5', 'Fabio', 'Ciulla', 0),
(178, 335600737, 'lilian.wengweng', 'Lilian', 'Weng', 0),
(179, 6808436, 'jacob.ratkiewicz', 'Jacob', 'Ratkiewicz', 0),
(180, 601001880, 'soniajahid', 'Sonia', 'Jahid', 0),
(181, 6858412, 'ljeanc', 'L Jean', 'Camp', 0),
(182, 755278676, 'ali.ghazinejad', 'Ali', 'Ghazinejad', 0),
(183, 708478140, 'vee.ji.3', 'Vee', 'Ji', 0),
(184, 504546360, 'mohsen.jafari', 'Mohsen', 'Jafari', 0),
(185, 512612, 'apukapadia', 'Apu', 'Kapadia', 0),
(186, 519005731, 'ali.khalfan', 'علي', 'خلفان', 0),
(187, 1507290688, 'samira.tasharofi', 'Samira', 'Tasharofi', 0),
(188, 698986638, 'jennifer.terrell.10', 'Jennifer', 'Terrell', 0),
(189, 542491243, 'shaun.r.deaton', 'Shaun', 'Deaton', 0),
(190, 6856916, 'DevinLiu', 'Devin', 'Liu', 0),
(191, 27301890, 'nwhusted', 'Nathaniel', 'Husted', 0),
(192, 616899138, 'zhou.xiaoyong', 'Xiaoyong', 'Zhou', 0),
(193, 1079316876, 'lzcarl', 'Zhou', 'Li', 0),
(194, 547714082, 'rui.wang.547', 'Rui', 'Wang', 0),
(195, 544772173, 'lusha.wang.3', 'Lusha', 'Wang', 0),
(196, 1422451642, 'azadehnz', 'Azadeh', 'Nematzadeh', 0),
(197, 743824902, 'mehool', 'Mehool', 'Intwala', 0),
(198, 6849765, '', 'Tonya', 'Thompson', 0),
(199, 1411805016, 'azade.sanjari', 'Azade', 'Sanjari', 0),
(200, 100002647892686, 'shahi.nilipour.9', 'Shahi', 'Nilipour', 0),
(201, 1379752920, 'parastoo.amin', 'Parastoo', 'Amin', 0),
(202, 100003844451710, 'amirfarzad.nilizadeh', 'Amir Farzad', 'Nilizadeh', 0),
(203, 605890479, 'abbas.shirinifard', 'Abbas', 'Shirinifard', 0),
(204, 1009983617, 'mona.tatlisoz', 'Mona', 'Tatli Baji', 0),
(205, 1265045500, 'soha.sarraf', 'Soha', 'Sarraf', 0),
(206, 1031067524, 'battina.borhan', 'Battina', 'Borhan', 0),
(207, 74801513, 'robertocanmez', 'Roberto', 'Ca', 0),
(208, 100000487880392, 'mahin.daneshvar.77', 'Mahin', 'Daneshvar', 0),
(209, 1161253858, 'mahsa.golzar.7', 'Mahsa', 'Golzar', 0),
(210, 1426753975, 'Pegah.Fakhari', 'Pegah', 'Fakhari', 0),
(211, 100001906957231, 'parasiaraz.amindavoodi', 'Parasi Araz', 'Amin Davoodi', 0),
(212, 36617662, 'sheila6845', 'Sheila', 'Emami', 0),
(213, 716550731, 'azar.sanjari', 'آذر', 'سنجرے', 0),
(214, 46002628, 'kaveh.ekbia', 'Kaveh', 'Ekbia', 0),
(215, 1730340512, 'arash.khodadadi', 'Arash', 'Khodadadi', 0),
(216, 643450615, 'leila.parsi', 'Leila', 'Bano', 0),
(217, 100000170727585, 'arina.saberi', 'Arina', 'Saberi', 0),
(218, 1330791191, 'amir.nilipour.7', 'Amir', 'Nilipour', 0),
(219, 1198131657, 'saeed.moaddeli', 'Saeed', 'Moaddeli', 0),
(220, 624416932, 'bhzakeri', 'Bita H', 'Zakeri', 0),
(221, 1260658289, 'malihe.borhani', 'Malihe', 'Borhani', 0),
(222, 1507393041, 'narges.mohamadi.16', 'Narges', 'Mohamadi', 0),
(223, 1829634879, 'fahimehn', 'Fahimeh', 'Nili', 0),
(224, 1503545352, 'fateme.roohian', 'Fateme', 'Roohian', 0),
(225, 1012233891, 'kate.smuckeroates', 'Kate', 'Smucker-Oates', 0),
(226, 1255406353, 'elnaz.ha.1', 'Elnaz', 'Ha', 0),
(227, 1517010552, 'ava.razavi', 'Ava', 'Razavi', 0),
(228, 100000307956844, 'majid.deldar.3', 'Majid', 'Deldar', 0),
(229, 610076220, 'asterisk000', 'Azadeh', 'Kadoo', 0),
(230, 1539092621, 'jila.javadi', 'Jila', 'Javadi', 0),
(231, 1537592644, 'azam.ahmadi.96', 'Azam', 'Ahmadi', 0),
(232, 1290000949, 'mohsenpour', 'Parinaz', 'Mohsenpour', 0),
(233, 1097863789, 'fundacion.s.capaz', 'Fundacion', 'Capaz', 0),
(234, 577004847, 'fatemeh.ka', 'Fatemeh', 'Ka', 0),
(235, 1516082643, 'hoda.razavi', 'Hoda', 'Razavi', 0),
(236, 1503805742, 'enjamshidi', 'EM', 'Jey', 0),
(237, 1009426901, 'farnoushz', 'Farnoush', 'Zohourian', 0),
(238, 662423415, 'aty.nice', 'Atty', 'Nice', 0),
(239, 1745150790, 'shakibap', 'Shakiba', 'Pourghasemy', 0),
(240, 1301730991, 'pegah.khosravian', 'Pegah', 'Khosravian', 0),
(241, 684534161, 'ali.aziz.733450', 'Ali', 'Aziz', 0),
(242, 1280623973, 'shohreh.yaghoubi', 'Shohreh', 'Yaghoubi', 0),
(243, 1128215015, 'zahra.rahimi.184', 'Zahra', 'Rahimi', 0),
(244, 1204355238, 't.zeinali', 'Tahereh', 'Zeinali', 0),
(245, 622490877, 'masome.heydaribehbahani', 'Masom', 'Hb', 0),
(246, 1057579942, 'meysam.khayatan', 'Meysam', 'Khayatan', 0),
(247, 1214821113, 'soheila.yaghoobi', 'Soheila', 'Yaghoobi', 0),
(248, 1754744217, 'zohre.ghafari', 'Zohre', 'Ghafari', 0),
(249, 1364844455, 'monir.jahangiri', 'Monir', 'Jahangiri', 0),
(250, 683025886, 'mini.kh1', 'Mina', 'Esteki', 0),
(251, 100000001355636, 'MalMal333', 'Malihe', 'Arefi', 0),
(252, 1235821263, 'kobra.khanmohammadi', 'Kobra', 'Khanmohammadi', 0),
(253, 100001875248971, '', 'Hoda', 'Dehghan', 0),
(254, 100000010683862, 'somayeh.moradi', 'Somayeh', 'Mo', 0),
(255, 1458699152, 'zahram2009', 'Zahra', 'Moghaddasi', 0),
(256, 1033317677, 'faceb.z', 'Za Ra', 'JB', 0),
(257, 610071424, 'HafezQorani', 'Saleh', 'Qorani', 0),
(258, 1047888512, 'neda.kheiri.94', 'Neda', 'Kheiri', 0),
(259, 597934739, 'mona.hosseinkhani', 'Mona', 'Hosseinkhani', 0),
(260, 1399755070, 'mojtaba.matinkhah', 'Mojtaba', 'Matinkhah', 0),
(261, 1279946562, 'ameneh.bostani', 'Ameneh', 'Bostani', 0),
(262, 1179940410, 'mehrnaz.akhavi', 'Mehrnaz', 'Akhavi', 0),
(263, 622983691, 'takabi', 'Hassan', 'Takabi', 0),
(264, 100001209324600, 'fatemeh.mohammadi.54', 'Fatemeh', 'Mohammadi', 0),
(265, 569544236, 's.pourqorban', 'Sara', 'Pourghorban', 0),
(266, 1084867740, 'farzaneh.ab', 'Farzaneh', 'Ab', 0),
(267, 522427794, 'nematzadeh', 'Aida', 'Nematzadeh', 0),
(268, 1499615775, 'hodamalaki', 'Hoda', 'Maleki', 0),
(269, 1428069760, 'bita.damghanian', 'Bita', 'Damghanian', 0),
(270, 1020976036, 'saeedeh.a.m', 'Saeedeh', 'Al', 0),
(271, 1268867209, 'VaHiX', 'Vahid', 'Ghafarpour', 0),
(272, 1464430708, 'zzeinalkhani', 'Zeinab', 'Zeinalkhani', 0),
(273, 607711381, 'stlizard', 'Haa', 'Med', 0),
(274, 1151212709, 'mkajbaf', 'محمد', 'کجباف', 0),
(275, 747442271, '1ay1a', 'Layla', 'Pournajaf', 0),
(276, 1403415109, 'spirahesh', 'Sajjad', 'Irani', 0),
(277, 1406565350, 'narges.arastouie', 'Narges', 'Arastouie', 0),
(278, 1106087959, 'moosapoor', 'Masih', 'Moosapoor', 0),
(279, 689887186, 'bahador.bakhshi.52', 'Bahador', 'Bakhshi', 0),
(280, 1431987561, 'zahra.ahmadi.77920', 'Zahra', 'Ahmadi', 0),
(281, 764624203, 'ali.zand', 'Ali', 'Zand', 0),
(282, 1348955011, 'sadeghian', 'Saeed', 'Sadeghian', 0),
(283, 710025775, 'arash.eghbali', 'Arash', 'Eghbali', 0),
(284, 822714869, 'arasht2', 'Arash', 'Tarameshloo', 0),
(285, 1145465762, 'ghazal.mkh', 'Mkh', 'Ghazal', 0),
(286, 1824335370, 'payam.np', 'Payam', 'Nlpr', 0),
(287, 100003620946882, 'fahimeh.sjd', 'Fahimeh', 'Sjd', 0),
(288, 100003156158941, 'toktam.ramezanifarkhani', 'Toktam', 'Ramezani Farkhani', 0),
(289, 100002308904382, 'm.gholami.ma', 'Mey', 'Gh', 0),
(290, 611359796, 'azita.frj', 'Azita', 'Frj', 0),
(291, 601938618, 'forooz.tabatabaee', 'Forooz', 'Tabatabaee', 0),
(292, 706590899, 'sanni.rzv', 'Sanni', 'Rzv', 0),
(293, 791352747, 'neda.ha', 'Neda', 'Ha', 0),
(294, 100002356366328, 'marziye.raoufi', 'Marziye', 'Raoufi', 0),
(295, 100002385600857, 'azam.ghafoorzadeh', 'Azam', 'Ghafoorzadeh', 0),
(296, 100001650120873, 'parisa.mortazavi.7', 'Parisa', 'Mortazavi', 0),
(297, 1192443820, 'paritch', 'Parichehr', 'Razmand', 0),
(298, 100000197564548, 'sara.khaloee', 'Sara', 'Khaloee', 0),
(299, 540921953, 'mynaye', 'Mina', 'Askari', 0),
(300, 100002605569772, 'farkhondeh.abedi', 'Farkhondeh', 'Abedi', 0),
(301, 1380708889, 'sarvenaz.salehi', 'Sarvenaz', 'Salehi', 0),
(302, 714664452, 'ali.nematollahi.33', 'Ali', 'Nematollahi', 0),
(303, 626426353, 'jnahid', 'Tara', 'NJ', 0),
(304, 1954834, 'houmansadr', 'Amir', 'Houmansadr', 0),
(305, 100000953114689, 'golnaz.roghai', 'Gol Naz', 'Roghaee', 0),
(306, 100002184049550, 'shivanili', 'شيوا', 'نيلي زاده', 0),
(307, 100000946128898, 'mahnaz.razavi.3', 'Mahnaz', 'Razavi', 0),
(308, 1467931412, 'shirin.mohaghegh.5', 'Shirin', 'Mohaghegh', 0),
(309, 1047448680, 'shadi.IGLOO', 'Shadi', 'Nili', 0),
(310, 1225073885, 'farshid.nilizadeh', 'Farshid', 'Nilizadeh', 0),
(311, 1327862327, 'p.mavaddat', 'Parisa', 'Mavaddat', 0),
(312, 1135717643, 'mari.rzv', 'Mari', 'Rz', 0),
(313, 100001837188106, 'mina.razavi.520', 'Mina', 'Razavi', 0),
(314, 814079291, 'haleh.esfahani.7', 'Haleh', 'Esfahani', 0),
(315, 1359499551, 'laleh.nilipour', 'Laleh', 'Nilipour', 0),
(316, 1199198620, 'bahareh.foorjani', 'Bahareh', 'Foorjani', 0),
(317, 1444427304, 'laaya.nilipour', 'Laaya', 'Nilipour', 0),
(318, 10151367857161043, '', '', '', 0),
(319, 10151367857181043, '', '', '', 0),
(320, 10151367857766043, '', '', '', 0),
(321, 10151367858281043, '', '', '', 0),
(322, 1532568448, 'parivash.majlesi', 'Parivash', 'Majlesi', 0),
(323, 803305713, 'behshad.ghadimi', 'Behshad', 'Ghadimi', 0),
(324, 100000888184529, '', 'امیر', 'نیلی زاده', 0),
(325, 100004089161541, 'mina.karimi1958', 'Mina', 'Karimi', 0),
(326, 10151355370571043, '', '', '', 0),
(327, 100000433554641, 'arash.bakhshsoltan', 'Arash', 'Bakhshsoltan', 0),
(328, 100004432812670, 'feri.nilipoor', 'Feri', 'Nilipoor', 0),
(329, 1289354462, 'rezvan.zafari', 'Rezvan', 'Zafari', 0),
(330, 10151236126756043, '', '', '', 0),
(331, 100002603897131, 'nozhat.irani', 'Nozhat', 'Irani', 0),
(332, 1402531119, 'zahra.yavari.3', 'Zahra', 'Yavari', 0),
(333, 1279644220, 'nader.nilizadeh', 'Nader', 'Nilizadeh', 0),
(334, 10151167731861043, '', '', '', 0),
(335, 10150816854321043, '', '', '', 0),
(336, 1247352595, 'negar.ghochaghi.3', 'Negar', 'Ghochaghi', 0),
(337, 10150731523036043, '', '', '', 0),
(338, 10150518840671043, '', '', '', 0),
(339, 10150463187841043, '', '', '', 0),
(340, 10150395021931043, '', '', '', 0),
(341, 1287136349, 'hadis.karimi', 'Hadis', 'Karimi', 0),
(342, 10150345628026043, '', '', '', 0),
(343, 10150327707581043, '', '', '', 0),
(344, 10150266841681043, '', '', '', 0),
(345, 10150216859891043, '', '', '', 0),
(346, 10150145814816043, '', '', '', 0),
(347, 1075534497, 'gelare.yamini', 'Gelare', 'Yamini', 0),
(348, 10150127548516043, '', '', '', 0),
(349, 10150093361491043, '', '', '', 0),
(350, 476390921042, '', '', '', 0),
(351, 442559951042, '', '', '', 0),
(352, 206042956042, '', '', '', 0),
(353, 167688301042, '', '', '', 0),
(354, 106430616042, '', '', '', 0),
(355, 100003766235165, 'sedigheh.ahmadi.92', 'Sedigheh', 'Ahmadi', 0),
(356, 10151104832916043, '', '', '', 0),
(357, 10151104834896043, '', '', '', 0),
(358, 10151104835141043, '', '', '', 0),
(359, 10151105588596043, '', '', '', 0),
(360, 10151105588721043, '', '', '', 0),
(361, 10151105589216043, '', '', '', 0),
(362, 10151105589376043, '', '', '', 0),
(363, 861845511, 'saber.hadzad', 'Saber', 'Hadzad', 0),
(364, 10150798332671043, '', '', '', 0),
(365, 10150798332561043, '', '', '', 0),
(366, 10150798296876043, '', '', '', 0),
(367, 10150745114001043, '', '', '', 0),
(368, 10150745097851043, '', '', '', 0),
(369, 10150745097986043, '', '', '', 0),
(370, 10150745098681043, '', '', '', 0),
(371, 10150745092391043, '', '', '', 0),
(372, 10150745092756043, '', '', '', 0),
(373, 10150745099001043, '', '', '', 0),
(374, 100002537239499, 'masih.tabatabaei', 'Masih', 'Tabatabaei', 0),
(375, 6831493, 'fil.menczer', 'Fil', 'Menczer', 0),
(376, 10150654924251043, '', '', '', 0),
(377, 10150550952366043, '', '', '', 0),
(378, 10150550953166043, '', '', '', 0),
(379, 10150550953266043, '', '', '', 0),
(380, 10150550953921043, '', '', '', 0),
(381, 10150550954036043, '', '', '', 0),
(382, 10150536763811043, '', '', '', 0),
(383, 10150536747151043, '', '', '', 0),
(384, 10150367927696043, '', '', '', 0),
(385, 10150367928726043, '', '', '', 0),
(386, 10150367928916043, '', '', '', 0),
(387, 10150367931121043, '', '', '', 0),
(388, 10150367932621043, '', '', '', 0),
(389, 10150367932791043, '', '', '', 0),
(390, 10150367933286043, '', '', '', 0),
(391, 10150367933736043, '', '', '', 0),
(392, 10150160869701043, '', '', '', 0),
(393, 10150105718286043, '', '', '', 0),
(394, 10150105718486043, '', '', '', 0),
(395, 10150105720431043, '', '', '', 0),
(396, 10150102879006043, '', '', '', 0),
(397, 10150102879146043, '', '', '', 0),
(398, 10150102879176043, '', '', '', 0),
(399, 10150102879216043, '', '', '', 0),
(400, 10150102879246043, '', '', '', 0),
(401, 10150102879266043, '', '', '', 0),
(402, 10150102881061043, '', '', '', 0),
(403, 10150102881086043, '', '', '', 0),
(404, 10150102881106043, '', '', '', 0),
(405, 10150093428471043, '', '', '', 0),
(406, 10150093428511043, '', '', '', 0),
(407, 10150093428551043, '', '', '', 0),
(408, 10150093428596043, '', '', '', 0),
(409, 10150093428821043, '', '', '', 0),
(410, 490282736042, '', '', '', 0),
(411, 100002519333004, 'mohammadreza.nilipour', 'Mohammad Reza', 'Nilipour', 0),
(412, 490282871042, '', '', '', 0),
(413, 490284336042, '', '', '', 0),
(414, 490284371042, '', '', '', 0),
(415, 490292211042, '', '', '', 0),
(416, 486867221042, '', '', '', 0),
(417, 486860101042, '', '', '', 0),
(418, 476188816042, '', '', '', 0),
(419, 476188926042, '', '', '', 0),
(420, 476189001042, '', '', '', 0),
(421, 476189046042, '', '', '', 0),
(422, 476189241042, '', '', '', 0),
(423, 476189496042, '', '', '', 0),
(424, 476189591042, '', '', '', 0),
(425, 418701346042, '', '', '', 0),
(426, 418701371042, '', '', '', 0),
(427, 403419236042, '', '', '', 0),
(428, 403419256042, '', '', '', 0),
(429, 403419266042, '', '', '', 0),
(430, 392822026042, '', '', '', 0),
(431, 353678786042, '', '', '', 0),
(432, 353678871042, '', '', '', 0),
(433, 353678916042, '', '', '', 0),
(434, 353678921042, '', '', '', 0),
(435, 392692846042, '', '', '', 0),
(436, 659626484, 'cdrmagic', 'Carl', 'De Rome', 0),
(437, 158801130, 'gregnorc', 'Greg', 'Norcie', 0),
(438, 100000317933362, 'zhipeng.tian', 'Zhipeng', 'Tian', 1),
(439, 100001364895094, 'mohammad.jamshidi.520', 'Mohammad', 'Jamshidi', 0),
(440, 182257618489005, 'shekare.lahzeha', '', '', 0),
(441, 407917805959749, 'Tanzaaneh', '', '', 0),
(442, 100001057832388, 'marmar.emami.1', 'Marmar', 'Emami', 0),
(443, 100004872912189, 'laaya.nilipour.3', 'Laaya', 'Nilipour', 0),
(444, 100001635753574, 'iu.dreamcorps', 'IU', 'DreamCorps', 0),
(445, 100005276949652, 'gavin.field.524', 'Gavin', 'Field', 0),
(446, 500397624, 'alex.hung1214', 'Alex', 'Hung', 0),
(447, 502891782, 'hanyonghuisteph', 'Stephanie', 'Han', 0),
(448, 506895989, 'zheng.sun.14', 'Zheng', 'Sun', 0),
(449, 511434987, 'xiaojie.dong.90', 'Xiaojie', 'Dong', 0),
(450, 530969879, 'SainthoodJ', 'Jimm', 'Sainthood', 0),
(451, 649739294, 'chuyi2007', 'Yang', 'Ruan', 0),
(452, 655343987, 'rita.x.hu', 'Rita', 'Hu', 0),
(453, 699974886, 'Jason.Minghan.Wang', 'Minghan', 'Wang', 0),
(454, 729583260, 'xuecheng.tong', 'Xuecheng', 'Tong', 0),
(455, 767115628, 'devonsherwood', 'Devon', 'Sherwood', 0),
(456, 789365631, 'vanessa.w.ng.9', 'Vanessa', 'Ng', 0),
(457, 805705042, 'dengsusan', 'Susan', 'Deng', 0),
(458, 1036523214, 'ying.luo', 'Ying', 'Luo', 0),
(459, 1106336601, 'yining.zhang.921', 'Yining', 'Zhang', 0),
(460, 1121904930, 'ge.wang.104', 'Ge', 'Wang', 0),
(461, 1190196657, 'kelvin.fan.35', 'Kelvin', 'Fan', 0),
(462, 1314622167, 'bingyu.yang', 'Brian', 'Yang', 0),
(463, 1329345452, 'dadazyx', 'Da', 'Hong', 0),
(464, 1347283185, 'alvin.zhang.969', 'Alvin', 'Zhang', 0),
(465, 1391843702, 'shuile.bao', 'Shuile', 'Bao', 0),
(466, 1397564455, 'xinyu.wang.908', 'Xinyu', 'Wang', 0),
(467, 1401952249, 'yuzhouwu', 'Joey', 'Wu', 0),
(468, 1405042543, 'dora.chen.5680', 'Dora', 'Chen', 0),
(469, 1434043235, 'chloe.wang.393', 'Chloe', 'Wang', 0),
(470, 1435952280, 'z.zifei', 'Zifei', 'Zhao', 0),
(471, 1451590163, 'syj0116', 'Yujun', 'Sun', 0),
(472, 1456076547, 'guangchen.ruan', 'Guangchen', 'Ruan', 0),
(473, 1474660898, 'jiacheng.li.180', 'Jiacheng', 'Li', 0),
(474, 1497141501, 'crystal.wang.3572', 'Crystal', 'Wang', 0),
(475, 1501481194, 'phoebe.lu.5473', 'Phoebe', 'Lu', 0),
(476, 1504201580, 'norax619', 'Nora', 'Wang', 0),
(477, 1518727250, 'ENsYShen', 'Wei', 'Shen', 0),
(478, 1522141067, 'jie.song.378', 'Jie', 'Song', 0),
(479, 1536739541, 'xuan.zhang.7923', 'Xuan', 'Zhang', 0),
(480, 1558897097, 'lisha.tan.94', 'Lisha', 'Tan', 0),
(481, 1569030859, 'yating.lan', 'Yating', 'Lan', 0),
(482, 1569574147, 'miya.liu.5680', 'Mia', 'Liu', 0),
(483, 1574302435, 'dklospace', 'Kun', 'Duan', 0),
(484, 1574677384, 'yiru.wang.14', 'Yiru', 'Wang', 0),
(485, 1610737147, 'justin.liu.9026', 'Justin', 'Liu', 0),
(486, 1612689244, 'yuchen.zhou.39', 'Yuchen', 'Zhou', 0),
(487, 1614738425, 'valqi', 'Qi', 'Val', 0),
(488, 1635574414, 'ericwangzw', 'Zhiyi', 'Wang', 0),
(489, 1773775698, 'liu77indiana', 'Kevin', 'Liu', 0),
(490, 1793204489, 'shaowen.ren.9', 'Shaowen', 'Ren', 0),
(491, 1804290836, 'lareinaxy', 'Lareina', 'Xi', 0),
(492, 1806527222, 'joseph.hu.39', 'Joseph', 'Hu', 0),
(493, 1818585583, 'xin.fang.961', 'Xin', 'Fang', 0),
(494, 1821806286, 'troy.jiang.3', 'Troy', 'Jiang', 0),
(495, 1823685984, 'yi.qin.562', 'Yi', 'Qin', 0),
(496, 1835981832, 'JasonWang0527', 'Jason', 'Wang', 0),
(497, 1849094274, 'chenjief', 'Jiefu', 'Chen', 0),
(498, 100000019800246, 'aras.wang', 'Aras', 'Wang', 0),
(499, 100000033005623, 'bo.sun.5891', 'Bo', 'Sun', 0),
(500, 100000052858077, 'yaonan.pan', 'Yaonan', 'Pan', 0),
(501, 100000100457897, 'onsunday1', 'Lin', 'Dai', 0),
(502, 100000141406566, 'yitian.peng', 'Yitian', 'Peng', 0),
(503, 100000150867721, 'di.zhang.12327', 'Di', 'Zhang', 0),
(504, 100000158443814, 'constance.zhou.39', 'Mian', 'Zhou', 0),
(505, 100000158537490, 'xin.fang.528', 'Xin', 'Fang', 0),
(506, 100000159938386, 'zhangwan', 'Wanyu', 'Zhang', 0),
(507, 100000163238341, 'lance.c.wang', 'Lance', 'Wang', 0),
(508, 100000164566973, 'owen.shi.79', 'Zhijian', 'Shi', 0),
(509, 100000165784530, 'wang.jeff.946', 'Wang', 'Jeff', 0),
(510, 100000175268433, 'elena.tse.3', 'Elena', 'Tse', 0),
(511, 100000184053542, 'meimei.han.7739', 'Meimei', 'Han', 0),
(512, 100000196927533, 'jingdi.wu', 'Jingtao', 'Hu', 0),
(513, 100000217089104, 'linxi.xu.7', 'Linxi', 'Xu', 0),
(514, 100000272979787, 'guowei.mo', 'Guowei', 'Mo', 0),
(515, 100000329260403, 'wilson.wang.58', 'Wilson', 'Wang', 0),
(516, 100000432970793, 'leyan.huang', 'Leyan', 'Huang', 0),
(517, 100000467590350, 'zhangfan.xu', 'Zhangfan', 'Xu', 0),
(518, 100000486124248, 'binyinbin', 'Bing', 'Ying', 0),
(519, 100000602420815, 'edwardchengcheng.huang', 'Edward Chengcheng', 'Huang', 0),
(520, 100000621925557, 'mengxinl', 'Mengxin', 'Liu', 0),
(521, 100000650565401, 'yin.yuan.54', 'Yin', 'Yuan', 0),
(522, 100000659826029, 'yujing.huang.12', 'Yujing', 'Huang', 0),
(523, 100000665106306, 'peiying.tang', 'Peiying', 'Tang', 0),
(524, 100000707018346, 'jennyhong.he', 'Jenny Hong', 'He', 0),
(525, 100001020901158, 'qing.zhang.587', 'Qing', 'Zhang', 0),
(526, 100001420702381, 'tiffany.mei.58', 'Bingyu', 'Mei', 0),
(527, 100001446906765, 'john.duan.52', 'John', 'Duan', 0),
(528, 100001449745260, 'xchen913', 'Cindy', 'Chen', 0),
(529, 100001616768876, 'robben.tong', 'Robben', 'Tong', 0),
(530, 100001766897550, 'iub.evan', '雪杭', '王', 0),
(531, 100001827318535, 'chaoran.liang.1', 'Chaoran', 'Liang', 0),
(532, 100002230347916, 'iub.asu', 'Iub', 'Asu', 0),
(533, 100002518703688, 'edbeez1991', 'Ed', 'Beez', 0),
(534, 100002686430377, '', '晓丹', '李', 0),
(535, 100002770021498, 'yi.wang.14', 'Yi', 'Wang', 0),
(536, 100002776868149, 'qun.sun.52', 'Qun', 'Sun', 0),
(537, 100002791251602, 'tiantian.guan', 'Tiantian', 'Guan', 0),
(538, 100002810173854, '', 'Fei', 'Wang', 0),
(539, 100002837701559, 'gabriel.zhou.33', 'Gabriel', 'Zhou', 0),
(540, 100003273451720, 'jie.he.547', 'Jie', 'He', 0),
(541, 100003307296945, 'qingyue.xu', 'Qingyue', 'Xu', 0),
(542, 100004088779862, '', 'Cheng', 'Guo', 0),
(543, 100004103717803, 'mike.song.106', 'Mike', 'Song', 0),
(546, 100002013547241, 'tian.wang.1420', 'Tian', 'Wang', 0),
(549, 100001567600435, 'enze.zhuang', 'Enze', 'Zhuang', 0),
(550, 100005034131807, '', 'Hydra', 'Sainthood', 0),
(551, 100004296391024, 'jenny.lin.75491856', 'Jenny', 'Lin', 0),
(552, 100001543738517, 'albert.chou.986', 'Albert', 'Chou', 0),
(553, 100003857033150, 'neo.lu.399', 'Neo', 'Lu', 0),
(554, 100002570097867, 'stacy.blass.7', 'Stacy', 'Blass', 0),
(555, 100000223664192, 'yuting.lin.14019', 'Yuting', 'Lin', 0),
(556, 100003732048240, 'zuoan1002', 'An', 'Zuo', 0),
(557, 100001883622559, 'xuecheng.zhang.98', 'Xuecheng', 'Zhang', 0),
(558, 100001549733920, 'bin.li.545', 'Bin', 'Li', 0),
(559, 1164481373, 'jay.warrick', 'Jay', 'Warrick', 0),
(560, 804329270, 'weijian.zhang.3', 'WeiJian', 'Zhang', 0),
(561, 100001226168262, 'jiaqi.liu.94', 'JQ', 'Liu', 0),
(562, 1495089241, 'jiatao.liu', 'Jiatao', 'Liu', 0),
(563, 801429069, 'chanyi.du', 'Chanyi', 'Du', 0),
(564, 100005092416281, 'emre.dolanbay.336', 'Emre', 'Inci', 0),
(565, 100000644144854, 'cam.bakan', 'Mazlum', 'Çelik', 0),
(566, 100001877511252, 'umut.ve.s', 'Umut', 'Gültepe', 0),
(567, 502500281, 'wantingmusic', 'Wanting', 'Qu', 0),
(568, 4, 'zuck', 'Mark', 'Zuckerberg', 0),
(569, 703501997, 'sy', 'Shawn', 'Yue', 0);

-- --------------------------------------------------------

--
-- Table structure for table `user_bio`
--

CREATE TABLE IF NOT EXISTS `user_bio` (
  `user_id` int(9) unsigned NOT NULL,
  `gender` varchar(6) NOT NULL,
  `birthday` date NOT NULL,
  `email` varchar(100) NOT NULL,
  `location` varchar(100) NOT NULL,
  `hometown` varchar(100) NOT NULL,
  `language` varchar(100) NOT NULL,
  `politics` varchar(100) NOT NULL,
  `religion` varchar(100) NOT NULL,
  `website` varchar(255) NOT NULL,
  PRIMARY KEY (`user_id`)
) ENGINE=InnoDB DEFAULT CHARSET=utf8;

--
-- Dumping data for table `user_bio`
--

INSERT INTO `user_bio` (`user_id`, `gender`, `birthday`, `email`, `location`, `hometown`, `language`, `politics`, `religion`, `website`) VALUES
(129, 'female', '1982-07-22', 'shirin_nili@yahoo.com', '', '', '', '', '', ''),
(438, 'male', '1990-09-05', 'zhiptian@gmail.com', 'Bloomington, Indiana', 'Tianjin, China', 'Mandarin Chinese, English', '', '', '');

-- --------------------------------------------------------

--
-- Table structure for table `user_education_history`
--

CREATE TABLE IF NOT EXISTS `user_education_history` (
  `user_id` int(9) unsigned NOT NULL,
  `school` varchar(255) NOT NULL,
  `year` year(4) NOT NULL,
  `type` varchar(100) NOT NULL,
  KEY `use_id` (`user_id`)
) ENGINE=InnoDB DEFAULT CHARSET=utf8;

--
-- Dumping data for table `user_education_history`
--

INSERT INTO `user_education_history` (`user_id`, `school`, `year`, `type`) VALUES
(129, 'محبوبه دانش', 1997, 'High School'),
(129, 'Indiana University', 2009, 'Graduate School'),
(438, '天津市耀华中学  （yaohua  high school  tianjin china）', 2006, 'High School'),
(438, 'Tianjin NO.43 high school', 2009, 'High School'),
(438, 'Indiana University', 2012, 'College');

-- --------------------------------------------------------

--
-- Table structure for table `user_family`
--

CREATE TABLE IF NOT EXISTS `user_family` (
  `user1_id` int(9) unsigned NOT NULL,
  `user2_id` int(9) unsigned NOT NULL,
  `relationship` varchar(100) NOT NULL,
  KEY `user1_id` (`user1_id`,`user2_id`),
  KEY `user2_id` (`user2_id`)
) ENGINE=InnoDB DEFAULT CHARSET=utf8;

--
-- Dumping data for table `user_family`
--

INSERT INTO `user_family` (`user1_id`, `user2_id`, `relationship`) VALUES
(129, 131, 'cousin'),
(129, 132, 'sister'),
(129, 133, 'cousin'),
(129, 134, 'aunt'),
(129, 135, 'cousin'),
(129, 136, 'aunt'),
(129, 137, 'uncle'),
(129, 138, 'sister-in-law'),
(129, 139, 'cousin'),
(129, 140, 'uncle'),
(129, 141, 'sister-in-law'),
(129, 142, 'cousin'),
(129, 143, 'cousin'),
(129, 144, 'cousin'),
(129, 145, 'cousin'),
(129, 146, 'brother'),
(438, 445, 'brother');

-- --------------------------------------------------------

--
-- Table structure for table `user_friendlists`
--

CREATE TABLE IF NOT EXISTS `user_friendlists` (
  `list_id` int(9) unsigned NOT NULL AUTO_INCREMENT,
  `list_fb_id` bigint(19) unsigned NOT NULL,
  `user_id` int(9) unsigned NOT NULL,
  `name` varchar(100) NOT NULL,
  `type` varchar(100) NOT NULL,
  PRIMARY KEY (`list_id`),
  KEY `list_fb_id` (`list_fb_id`),
  KEY `user_id` (`user_id`)
) ENGINE=InnoDB  DEFAULT CHARSET=utf8 AUTO_INCREMENT=19 ;

--
-- Dumping data for table `user_friendlists`
--

INSERT INTO `user_friendlists` (`list_id`, `list_fb_id`, `user_id`, `name`, `type`) VALUES
(4, 10150563226741043, 129, 'Indiana University', '10150563226741043'),
(5, 10150374574131043, 129, 'Family', '10150374574131043'),
(6, 199839631042, 129, 'IU', '199839631042'),
(7, 140344186042, 129, 'Family and Best Friends', '140344186042'),
(8, 106411901042, 129, 'iaun', '106411901042'),
(9, 106411671042, 129, 'AUT', '106411671042'),
(10, 527429530610973, 438, 'Indiana University', '527429530610973'),
(11, 281371868550075, 438, 'Family', '281371868550075'),
(12, 276784935675435, 438, 'Bloomington, Indiana Area', '276784935675435'),
(13, 389075134446414, 438, 'Tianjin NO.43 high school', '389075134446414'),
(14, 388679701152624, 438, '天津市耀华中学  （yaohua  high school  tianjin china）', '388679701152624'),
(15, 281371878550074, 438, 'Tianjin No.43 Middle School', '281371878550074'),
(16, 281371865216742, 438, 'Acquaintances', '281371865216742'),
(17, 276784932342102, 438, 'Indiana University', '276784932342102'),
(18, 276784929008769, 438, 'Close Friends', '276784929008769');

-- --------------------------------------------------------

--
-- Table structure for table `user_friendlist_members`
--

CREATE TABLE IF NOT EXISTS `user_friendlist_members` (
  `list_id` int(9) unsigned NOT NULL,
  `member_id` int(9) unsigned NOT NULL,
  KEY `list_id` (`list_id`,`member_id`),
  KEY `member_id` (`member_id`)
) ENGINE=InnoDB DEFAULT CHARSET=utf8;

--
-- Dumping data for table `user_friendlist_members`
--

INSERT INTO `user_friendlist_members` (`list_id`, `member_id`) VALUES
(4, 130),
(5, 131),
(5, 132),
(5, 133),
(5, 134),
(5, 135),
(5, 136),
(5, 137),
(5, 138),
(5, 139),
(5, 140),
(5, 141),
(5, 142),
(5, 143),
(5, 144),
(5, 145),
(5, 146),
(6, 147),
(6, 148),
(6, 149),
(6, 150),
(6, 151),
(6, 152),
(6, 153),
(6, 154),
(6, 155),
(6, 156),
(6, 157),
(6, 158),
(6, 159),
(6, 160),
(6, 161),
(6, 162),
(6, 163),
(6, 164),
(6, 165),
(6, 166),
(6, 167),
(6, 168),
(6, 169),
(6, 170),
(6, 171),
(6, 172),
(6, 173),
(6, 174),
(6, 175),
(6, 176),
(6, 177),
(6, 178),
(6, 179),
(6, 180),
(6, 181),
(6, 182),
(6, 183),
(6, 184),
(6, 185),
(6, 186),
(6, 187),
(6, 188),
(6, 189),
(6, 190),
(6, 191),
(6, 192),
(6, 193),
(6, 194),
(6, 195),
(6, 196),
(6, 197),
(6, 198),
(7, 132),
(7, 135),
(7, 136),
(7, 137),
(7, 138),
(7, 139),
(7, 140),
(7, 141),
(7, 142),
(7, 145),
(7, 146),
(7, 192),
(7, 196),
(7, 199),
(7, 200),
(7, 201),
(7, 202),
(7, 203),
(7, 204),
(7, 205),
(7, 206),
(7, 207),
(7, 208),
(7, 209),
(7, 210),
(7, 211),
(7, 212),
(7, 213),
(7, 214),
(7, 215),
(7, 216),
(7, 217),
(7, 218),
(7, 219),
(7, 220),
(7, 221),
(7, 222),
(7, 223),
(7, 224),
(7, 225),
(7, 226),
(7, 227),
(7, 228),
(7, 229),
(7, 230),
(7, 231),
(7, 232),
(7, 233),
(7, 234),
(7, 235),
(7, 236),
(7, 237),
(8, 143),
(8, 232),
(8, 237),
(8, 238),
(8, 239),
(8, 240),
(8, 241),
(8, 242),
(8, 243),
(8, 244),
(8, 245),
(8, 246),
(8, 247),
(8, 248),
(8, 249),
(8, 250),
(9, 196),
(9, 251),
(9, 252),
(9, 253),
(9, 254),
(9, 255),
(9, 256),
(9, 257),
(9, 258),
(9, 259),
(9, 260),
(9, 261),
(9, 262),
(9, 263),
(9, 264),
(9, 265),
(9, 266),
(9, 267),
(9, 268),
(9, 269),
(9, 270),
(9, 271),
(9, 272),
(9, 273),
(9, 274),
(9, 275),
(9, 276),
(9, 277),
(9, 278),
(9, 279),
(9, 280),
(9, 281),
(9, 282),
(9, 283),
(9, 284),
(10, 444),
(11, 445),
(12, 444),
(12, 446),
(12, 447),
(12, 448),
(12, 449),
(12, 450),
(12, 451),
(12, 452),
(12, 453),
(12, 454),
(12, 455),
(12, 456),
(12, 457),
(12, 458),
(12, 459),
(12, 460),
(12, 461),
(12, 462),
(12, 463),
(12, 464),
(12, 465),
(12, 466),
(12, 467),
(12, 468),
(12, 469),
(12, 470),
(12, 471),
(12, 472),
(12, 473),
(12, 474),
(12, 475),
(12, 476),
(12, 477),
(12, 478),
(12, 479),
(12, 480),
(12, 481),
(12, 482),
(12, 483),
(12, 484),
(12, 485),
(12, 486),
(12, 487),
(12, 488),
(12, 489),
(12, 490),
(12, 491),
(12, 492),
(12, 493),
(12, 494),
(12, 495),
(12, 496),
(12, 497),
(12, 498),
(12, 499),
(12, 500),
(12, 501),
(12, 502),
(12, 503),
(12, 504),
(12, 505),
(12, 506),
(12, 507),
(12, 508),
(12, 509),
(12, 510),
(12, 511),
(12, 512),
(12, 513),
(12, 514),
(12, 515),
(12, 516),
(12, 517),
(12, 518),
(12, 519),
(12, 520),
(12, 521),
(12, 522),
(12, 523),
(12, 524),
(12, 525),
(12, 526),
(12, 527),
(12, 528),
(12, 529),
(12, 530),
(12, 531),
(12, 532),
(12, 533),
(12, 534),
(12, 535),
(12, 536),
(12, 537),
(12, 538),
(12, 539),
(12, 540),
(12, 541),
(12, 542);

-- --------------------------------------------------------

--
-- Table structure for table `user_likes`
--

CREATE TABLE IF NOT EXISTS `user_likes` (
  `like_id` int(9) unsigned NOT NULL AUTO_INCREMENT,
  `category` varchar(100) NOT NULL,
  `name` varchar(100) NOT NULL,
  `user_id` int(9) unsigned NOT NULL,
  `created_time` datetime NOT NULL,
  PRIMARY KEY (`like_id`),
  KEY `user_id` (`user_id`)
) ENGINE=InnoDB  DEFAULT CHARSET=utf8 AUTO_INCREMENT=48 ;

--
-- Dumping data for table `user_likes`
--

INSERT INTO `user_likes` (`like_id`, `category`, `name`, `user_id`, `created_time`) VALUES
(6, 'Musician/band', 'Hooman Khalatbari /هومن خلعتبری (Fans Page)', 129, '2013-02-16 16:13:20'),
(7, 'Tv show', 'Googoosh Music Academy', 129, '2013-02-14 18:01:15'),
(8, 'University', 'Indiana University', 129, '2013-02-03 09:05:25'),
(9, 'Arts/humanities website', 'Humans of New York', 129, '2013-02-02 22:21:41'),
(10, 'School sports team', 'Indiana University Athletics', 129, '2013-02-02 21:56:15'),
(11, 'Kitchen/cooking', 'آشپزی ایرانی', 129, '2013-01-30 12:20:52'),
(12, 'Magazine', 'Bukhara Magazine مجله بخارا', 129, '2013-01-18 16:19:53'),
(13, 'Community', 'Persian Cuisine', 129, '2012-11-14 15:34:49'),
(14, 'Non-profit organization', 'Grace Hopper Celebration of Women in Computing', 129, '2012-07-27 00:44:12'),
(15, 'Website', 'TED', 129, '2012-07-01 20:50:51'),
(16, 'Website', 'Truthy at Indiana', 129, '2012-04-17 17:47:03'),
(17, 'Computers/technology', 'IEEE Computer Society', 129, '2012-04-03 16:14:58'),
(18, 'Non-governmental organization (ngo)', 'انجمن سندرم داون آسمان نیلی', 129, '2012-03-21 10:32:12'),
(19, 'Community', 'English Idioms', 129, '2011-11-23 15:38:56'),
(20, 'Actor/director', 'Leila Hatami', 129, '2011-11-21 20:29:52'),
(21, 'Home decor', 'طراوت یک خانه', 129, '2011-11-15 13:46:39'),
(22, 'University', 'IU School of Informatics and Computing, Bloomington', 129, '2011-11-15 13:12:01'),
(23, 'Local business', 'Autumn Grove Photography', 129, '2011-11-14 00:44:17'),
(24, 'Tv channel', 'Manoto TV', 129, '2011-11-03 00:36:03'),
(25, 'Community', '+ مثبت اندیشان', 129, '2011-10-23 00:12:30'),
(26, 'Teacher', 'بر بال آرامش', 129, '2011-10-23 00:09:17'),
(27, 'Clothing', 'Mahtab & Azin', 129, '2011-10-06 22:49:54'),
(28, 'Community', 'گپ انگلیسی English TALK', 129, '2011-09-06 15:36:55'),
(29, 'Book', 'انگلیسی برای فارسی زبانان', 129, '2011-06-12 10:30:33'),
(30, 'Sports/recreation/activities', 'Indiana University Outdoor Adventures', 129, '2011-05-13 22:05:53'),
(31, 'Education', 'Graduate Studies: IU School of Informatics and Computing', 129, '2011-04-28 01:04:13'),
(32, 'Book', 'جملات کاربردی زبان انگلیسی', 129, '2011-04-23 15:52:02'),
(33, 'Community', 'دانلود تازه ترین فیلم های روز دنیا', 129, '2011-03-16 22:59:18'),
(34, 'Movie', 'فیلم هایی که باید ببینید', 129, '2011-03-16 22:25:04'),
(35, 'Chef', 'غذاهای متنوع', 129, '2011-03-13 19:04:31'),
(36, 'Local business', 'Security Matters', 129, '2011-01-07 18:06:59'),
(37, 'Musician/band', 'Official Mohsen Namjoo', 129, '2011-01-07 15:16:46'),
(38, 'Radio station', 'Radio Pasfarda', 129, '2010-12-01 12:54:28'),
(39, 'Attractions/things to do', 'Isfahan', 129, '2010-09-15 23:08:01'),
(40, 'Sports/recreation/activities', 'Indiana University Campus Recreational Sports', 129, '2010-09-15 11:04:17'),
(41, 'University', 'Amirkabir University of Technology (Tehran polytechnic)', 129, '2010-01-11 11:18:58'),
(42, 'Non-profit organization', 'Lotus World Music & Arts Festival', 129, '2009-09-26 13:56:41'),
(43, 'App page', 'Real Racing', 438, '2013-03-02 22:19:40'),
(44, 'Games/toys', 'Diablo', 438, '2011-11-17 13:18:47'),
(45, 'Games/toys', 'Cut the Rope', 438, '2011-07-25 12:28:01'),
(46, 'Community', 'WeiPhoneBBS', 438, '2011-05-02 01:16:37'),
(47, 'Entertainer', '陳建州﹏黑人老大', 438, '2010-02-19 01:45:08');

-- --------------------------------------------------------

--
-- Table structure for table `user_locations`
--

CREATE TABLE IF NOT EXISTS `user_locations` (
  `user_id` int(9) unsigned NOT NULL,
  `created_time` datetime NOT NULL,
  `location_name` varchar(100) NOT NULL,
  `street` varchar(100) NOT NULL,
  `city` varchar(100) NOT NULL,
  `state` varchar(100) NOT NULL,
  `country` varchar(100) NOT NULL,
  `zip` int(10) unsigned NOT NULL,
  `latitude` double NOT NULL,
  `longitude` double NOT NULL,
  KEY `user_id` (`user_id`)
) ENGINE=InnoDB DEFAULT CHARSET=utf8;

--
-- Dumping data for table `user_locations`
--

INSERT INTO `user_locations` (`user_id`, `created_time`, `location_name`, `street`, `city`, `state`, `country`, `zip`, `latitude`, `longitude`) VALUES
(129, '2013-01-03 03:00:34', 'Austin, Texas', '', '', '', '', 0, 30.2672, -97.7639),
(129, '2013-01-03 03:00:30', 'Austin, Texas', '', '', '', '', 0, 30.2672, -97.7639),
(129, '2013-01-03 03:00:27', 'Austin, Texas', '', '', '', '', 0, 30.2672, -97.7639),
(129, '2013-01-03 03:00:23', 'Austin, Texas', '', '', '', '', 0, 30.2672, -97.7639),
(129, '2013-01-03 03:00:20', 'Austin, Texas', '', '', '', '', 0, 30.2672, -97.7639),
(129, '2013-01-03 02:59:40', 'Austin, Texas', '', '', '', '', 0, 30.2672, -97.7639),
(129, '2013-01-03 02:59:35', 'Austin, Texas', '', '', '', '', 0, 30.2672, -97.7639),
(129, '2013-01-03 02:59:16', 'Austin, Texas', '', '', '', '', 0, 30.2672, -97.7639),
(129, '2013-01-03 02:59:12', 'Austin, Texas', '', '', '', '', 0, 30.2672, -97.7639),
(129, '2013-01-03 02:59:11', 'Austin, Texas', '', '', '', '', 0, 30.2672, -97.7639),
(129, '2013-01-03 02:59:09', 'Austin, Texas', '', '', '', '', 0, 30.2672, -97.7639),
(129, '2012-04-02 14:46:43', 'Lake Monroe', '', 'Bloomington', 'IN', 'United States', 47401, 39.165178, -86.499831),
(129, '2012-04-02 14:46:23', 'Lake Monroe', '', 'Bloomington', 'IN', 'United States', 47401, 39.165178, -86.499831),
(129, '2011-03-29 01:08:47', 'Bloomington, Indiana', '', '', '', '', 0, 39.1653, -86.5264),
(129, '2011-03-17 13:56:14', 'Maastricht, Netherlands', '', '', '', '', 0, 50.85, 5.68333),
(129, '2011-01-01 09:26:11', 'Bloomington, Indiana', '', '', '', '', 0, 39.1653, -86.5264),
(129, '2011-01-01 09:20:20', 'Bloomington, Indiana', '', '', '', '', 0, 39.1653, -86.5264),
(438, '2013-02-19 16:49:04', 'Bloomington, Indiana', '', '', '', '', 0, 39.1653, -86.5264),
(438, '2013-02-19 19:09:41', 'Visit Gatlinburg', '811 East Parkway', 'Gatlinburg', 'TN', 'United States', 37738, 35.724651446551, -83.510074131878),
(438, '2013-02-19 19:09:40', 'Visit Gatlinburg', '811 East Parkway', 'Gatlinburg', 'TN', 'United States', 37738, 35.724651446551, -83.510074131878),
(438, '2013-02-19 19:09:37', 'Visit Gatlinburg', '811 East Parkway', 'Gatlinburg', 'TN', 'United States', 37738, 35.724651446551, -83.510074131878),
(438, '2013-02-19 19:09:36', 'Visit Gatlinburg', '811 East Parkway', 'Gatlinburg', 'TN', 'United States', 37738, 35.724651446551, -83.510074131878),
(438, '2013-02-19 19:09:33', 'Visit Gatlinburg', '811 East Parkway', 'Gatlinburg', 'TN', 'United States', 37738, 35.724651446551, -83.510074131878),
(438, '2013-02-19 19:09:31', 'Visit Gatlinburg', '811 East Parkway', 'Gatlinburg', 'TN', 'United States', 37738, 35.724651446551, -83.510074131878),
(438, '2013-02-19 19:09:29', 'Visit Gatlinburg', '811 East Parkway', 'Gatlinburg', 'TN', 'United States', 37738, 35.724651446551, -83.510074131878),
(438, '2013-02-19 19:09:26', 'Visit Gatlinburg', '811 East Parkway', 'Gatlinburg', 'TN', 'United States', 37738, 35.724651446551, -83.510074131878),
(438, '2013-02-19 19:09:25', 'Visit Gatlinburg', '811 East Parkway', 'Gatlinburg', 'TN', 'United States', 37738, 35.724651446551, -83.510074131878),
(438, '2013-02-19 19:09:23', 'Visit Gatlinburg', '811 East Parkway', 'Gatlinburg', 'TN', 'United States', 37738, 35.724651446551, -83.510074131878),
(438, '2013-02-19 19:09:19', 'Visit Gatlinburg', '811 East Parkway', 'Gatlinburg', 'TN', 'United States', 37738, 35.724651446551, -83.510074131878),
(438, '2013-02-19 19:09:17', 'Visit Gatlinburg', '811 East Parkway', 'Gatlinburg', 'TN', 'United States', 37738, 35.724651446551, -83.510074131878),
(438, '2013-02-19 19:09:15', 'Visit Gatlinburg', '811 East Parkway', 'Gatlinburg', 'TN', 'United States', 37738, 35.724651446551, -83.510074131878),
(438, '2013-02-19 19:09:10', 'Visit Gatlinburg', '811 East Parkway', 'Gatlinburg', 'TN', 'United States', 37738, 35.724651446551, -83.510074131878),
(438, '2013-02-19 19:09:09', 'Visit Gatlinburg', '811 East Parkway', 'Gatlinburg', 'TN', 'United States', 37738, 35.724651446551, -83.510074131878),
(438, '2013-02-19 19:03:47', 'Daytona Beach, Florida', '', '', '', '', 0, 29.2073, -81.0379),
(438, '2013-02-19 19:03:45', 'Daytona Beach, Florida', '', '', '', '', 0, 29.2073, -81.0379),
(438, '2013-02-19 19:03:43', 'Daytona Beach, Florida', '', '', '', '', 0, 29.2073, -81.0379),
(438, '2013-02-19 19:03:38', 'Daytona Beach, Florida', '', '', '', '', 0, 29.2073, -81.0379),
(438, '2013-02-19 19:03:37', 'Daytona Beach, Florida', '', '', '', '', 0, 29.2073, -81.0379),
(438, '2013-02-19 19:03:35', 'Daytona Beach, Florida', '', '', '', '', 0, 29.2073, -81.0379),
(438, '2013-02-19 19:03:32', 'Daytona Beach, Florida', '', '', '', '', 0, 29.2073, -81.0379),
(438, '2013-02-19 19:03:29', 'Daytona Beach, Florida', '', '', '', '', 0, 29.2073, -81.0379),
(438, '2013-02-19 19:03:27', 'Daytona Beach, Florida', '', '', '', '', 0, 29.2073, -81.0379);

-- --------------------------------------------------------

--
-- Table structure for table `user_photos`
--

CREATE TABLE IF NOT EXISTS `user_photos` (
  `photo_id` int(9) unsigned NOT NULL AUTO_INCREMENT,
  `photo_fb_id` bigint(19) unsigned NOT NULL,
  `user_id` int(9) unsigned NOT NULL,
  `created_time` datetime NOT NULL,
  `place` varchar(100) NOT NULL,
  PRIMARY KEY (`photo_id`),
  UNIQUE KEY `photo_fb_id` (`photo_fb_id`),
  KEY `user_id` (`user_id`)
) ENGINE=InnoDB  DEFAULT CHARSET=utf8 AUTO_INCREMENT=238 ;

--
-- Dumping data for table `user_photos`
--

INSERT INTO `user_photos` (`photo_id`, `photo_fb_id`, `user_id`, `created_time`, `place`) VALUES
(16, 10151367857161043, 129, '2013-01-02 21:59:11', 'Austin, Texas'),
(17, 10151367857126043, 129, '2013-01-02 21:59:09', 'Austin, Texas'),
(18, 10151367857181043, 129, '2013-01-02 21:59:12', 'Austin, Texas'),
(19, 10151367857236043, 129, '2013-01-02 21:59:16', 'Austin, Texas'),
(20, 10151367857576043, 129, '2013-01-02 21:59:40', 'Austin, Texas'),
(21, 10151367857516043, 129, '2013-01-02 21:59:35', 'Austin, Texas'),
(22, 10151367857601043, 129, '2013-01-02 21:59:41', ''),
(23, 10151367857671043, 129, '2013-01-02 21:59:44', ''),
(24, 10151367857831043, 129, '2013-01-02 21:59:54', ''),
(25, 10151367857766043, 129, '2013-01-02 21:59:51', ''),
(26, 10151367857941043, 129, '2013-01-02 21:59:57', ''),
(27, 10151367858246043, 129, '2013-01-02 22:00:17', ''),
(28, 10151367858291043, 129, '2013-01-02 22:00:20', 'Austin, Texas'),
(29, 10151367858281043, 129, '2013-01-02 22:00:20', 'Austin, Texas'),
(30, 10151367858376043, 129, '2013-01-02 22:00:23', 'Austin, Texas'),
(31, 10151367858426043, 129, '2013-01-02 22:00:27', 'Austin, Texas'),
(32, 10151367858436043, 129, '2013-01-02 22:00:27', 'Austin, Texas'),
(33, 10151367858561043, 129, '2013-01-02 22:00:30', 'Austin, Texas'),
(34, 10151367858636043, 129, '2013-01-02 22:00:34', 'Austin, Texas'),
(35, 10151355370571043, 129, '2012-12-26 11:27:00', ''),
(36, 10151236126756043, 129, '2012-10-08 13:01:16', ''),
(37, 10151167731861043, 129, '2012-08-24 01:41:55', ''),
(38, 10150816854321043, 129, '2012-04-22 00:14:28', ''),
(39, 10150731523036043, 129, '2012-03-18 22:13:02', ''),
(40, 10150518840671043, 129, '2011-12-14 00:18:00', ''),
(41, 10150463187841043, 129, '2011-11-18 20:58:01', ''),
(42, 10150395021931043, 129, '2011-10-02 00:05:19', ''),
(43, 10150345628026043, 129, '2011-08-20 16:45:37', ''),
(44, 10150327707581043, 129, '2011-07-31 02:24:42', ''),
(45, 10150266841681043, 129, '2011-06-05 01:53:31', ''),
(46, 10150216859891043, 129, '2011-04-16 01:29:00', ''),
(47, 10150145814816043, 129, '2011-03-04 02:06:15', ''),
(48, 10150127548516043, 129, '2011-02-04 21:18:10', ''),
(49, 10150093361491043, 129, '2010-12-04 19:11:36', ''),
(50, 476390921042, 129, '2010-10-09 10:57:49', ''),
(51, 442559951042, 129, '2010-07-14 11:03:34', ''),
(52, 206042956042, 129, '2009-11-22 20:30:14', ''),
(53, 167688301042, 129, '2009-10-04 15:03:40', ''),
(54, 106430616042, 129, '2009-06-08 18:33:57', ''),
(55, 10151104832916043, 129, '2012-07-26 00:32:04', ''),
(56, 10151104833056043, 129, '2012-07-26 00:32:07', ''),
(57, 10151104833171043, 129, '2012-07-26 00:32:10', ''),
(58, 10151104833266043, 129, '2012-07-26 00:32:13', ''),
(59, 10151104833406043, 129, '2012-07-26 00:32:17', ''),
(60, 10151104833536043, 129, '2012-07-26 00:32:22', ''),
(61, 10151104833646043, 129, '2012-07-26 00:32:25', ''),
(62, 10151104833786043, 129, '2012-07-26 00:32:29', ''),
(63, 10151104833976043, 129, '2012-07-26 00:32:32', ''),
(64, 10151104834096043, 129, '2012-07-26 00:32:36', ''),
(65, 10151104834226043, 129, '2012-07-26 00:32:39', ''),
(66, 10151104834316043, 129, '2012-07-26 00:32:43', ''),
(67, 10151104834391043, 129, '2012-07-26 00:32:46', ''),
(68, 10151104834556043, 129, '2012-07-26 00:32:50', ''),
(69, 10151104834641043, 129, '2012-07-26 00:32:54', ''),
(70, 10151104834856043, 129, '2012-07-26 00:33:03', ''),
(71, 10151104834896043, 129, '2012-07-26 00:33:06', ''),
(72, 10151104835061043, 129, '2012-07-26 00:33:12', ''),
(73, 10151104835141043, 129, '2012-07-26 00:33:14', ''),
(74, 10151104835211043, 129, '2012-07-26 00:33:17', ''),
(75, 10151104835436043, 129, '2012-07-26 00:33:23', ''),
(76, 10151104835591043, 129, '2012-07-26 00:33:28', ''),
(77, 10151104835716043, 129, '2012-07-26 00:33:33', ''),
(78, 10151104835996043, 129, '2012-07-26 00:33:42', ''),
(79, 10151105588596043, 129, '2012-07-26 10:48:50', ''),
(80, 10151105588721043, 129, '2012-07-26 10:48:54', ''),
(81, 10151105588911043, 129, '2012-07-26 10:49:00', ''),
(82, 10151105589046043, 129, '2012-07-26 10:49:04', ''),
(83, 10151105589216043, 129, '2012-07-26 10:49:09', ''),
(84, 10151105589376043, 129, '2012-07-26 10:49:14', ''),
(85, 10150798332356043, 129, '2012-04-17 23:51:13', ''),
(86, 10150798296006043, 129, '2012-04-17 23:28:08', ''),
(87, 10150798296441043, 129, '2012-04-17 23:28:24', ''),
(88, 10150798296676043, 129, '2012-04-17 23:28:33', ''),
(89, 10150798332671043, 129, '2012-04-17 23:51:23', ''),
(90, 10150798332561043, 129, '2012-04-17 23:51:18', ''),
(91, 10150798297146043, 129, '2012-04-17 23:28:51', ''),
(92, 10150798297376043, 129, '2012-04-17 23:28:59', ''),
(93, 10150798296876043, 129, '2012-04-17 23:28:40', ''),
(94, 10150745114001043, 129, '2012-03-24 22:30:57', ''),
(95, 10150745097661043, 129, '2012-03-24 22:18:21', ''),
(96, 10150745097751043, 129, '2012-03-24 22:18:27', ''),
(97, 10150745097851043, 129, '2012-03-24 22:18:34', ''),
(98, 10150745097986043, 129, '2012-03-24 22:18:41', ''),
(99, 10150745098101043, 129, '2012-03-24 22:18:46', ''),
(100, 10150745098531043, 129, '2012-03-24 22:18:58', ''),
(101, 10150745098681043, 129, '2012-03-24 22:19:04', ''),
(102, 10150745098891043, 129, '2012-03-24 22:19:10', ''),
(103, 10150745091111043, 129, '2012-03-24 22:14:03', ''),
(104, 10150745092391043, 129, '2012-03-24 22:14:49', ''),
(105, 10150745092756043, 129, '2012-03-24 22:15:06', ''),
(106, 10150745099001043, 129, '2012-03-24 22:19:15', ''),
(107, 10150745099086043, 129, '2012-03-24 22:19:20', ''),
(108, 10150745099851043, 129, '2012-03-24 22:19:47', ''),
(109, 10150745099961043, 129, '2012-03-24 22:19:53', ''),
(110, 10150745100816043, 129, '2012-03-24 22:20:37', ''),
(111, 10150745100891043, 129, '2012-03-24 22:20:42', ''),
(112, 10150745101016043, 129, '2012-03-24 22:20:48', ''),
(113, 10150745101166043, 129, '2012-03-24 22:20:54', ''),
(114, 10150745101801043, 129, '2012-03-24 22:21:16', ''),
(115, 10150745101906043, 129, '2012-03-24 22:21:22', ''),
(116, 10150745102206043, 129, '2012-03-24 22:21:34', ''),
(117, 10150745102316043, 129, '2012-03-24 22:21:40', ''),
(118, 10150745102381043, 129, '2012-03-24 22:21:45', ''),
(119, 10150654924251043, 129, '2012-02-12 13:33:31', ''),
(120, 10150550955656043, 129, '2011-12-30 14:44:57', ''),
(121, 10150550956031043, 129, '2011-12-30 14:45:10', ''),
(122, 10150550951881043, 129, '2011-12-30 14:42:51', ''),
(123, 10150550952366043, 129, '2011-12-30 14:43:08', ''),
(124, 10150550953166043, 129, '2011-12-30 14:43:38', ''),
(125, 10150550953266043, 129, '2011-12-30 14:43:41', ''),
(126, 10150550953921043, 129, '2011-12-30 14:44:04', ''),
(127, 10150550954036043, 129, '2011-12-30 14:44:08', ''),
(128, 10150550954341043, 129, '2011-12-30 14:44:17', ''),
(129, 10150550954936043, 129, '2011-12-30 14:44:37', ''),
(130, 10150536763811043, 129, '2011-12-23 10:45:29', ''),
(131, 10150536746316043, 129, '2011-12-23 10:35:20', ''),
(132, 10150536746771043, 129, '2011-12-23 10:35:34', ''),
(133, 10150536747151043, 129, '2011-12-23 10:35:45', ''),
(134, 10150536747686043, 129, '2011-12-23 10:35:59', ''),
(135, 10150367927556043, 129, '2011-09-11 19:19:34', ''),
(136, 10150367927696043, 129, '2011-09-11 19:19:44', ''),
(137, 10150367928726043, 129, '2011-09-11 19:21:05', ''),
(138, 10150367928916043, 129, '2011-09-11 19:21:14', ''),
(139, 10150367929191043, 129, '2011-09-11 19:21:34', ''),
(140, 10150367929341043, 129, '2011-09-11 19:21:42', ''),
(141, 10150367930076043, 129, '2011-09-11 19:22:21', ''),
(142, 10150367930491043, 129, '2011-09-11 19:22:47', ''),
(143, 10150367930596043, 129, '2011-09-11 19:22:56', ''),
(144, 10150367930671043, 129, '2011-09-11 19:23:08', ''),
(145, 10150367931121043, 129, '2011-09-11 19:23:40', ''),
(146, 10150367931351043, 129, '2011-09-11 19:23:52', ''),
(147, 10150367931801043, 129, '2011-09-11 19:24:10', ''),
(148, 10150367932051043, 129, '2011-09-11 19:24:20', ''),
(149, 10150367932236043, 129, '2011-09-11 19:24:32', ''),
(150, 10150367932521043, 129, '2011-09-11 19:24:45', ''),
(151, 10150367932621043, 129, '2011-09-11 19:24:53', ''),
(152, 10150367932791043, 129, '2011-09-11 19:25:03', ''),
(153, 10150367932981043, 129, '2011-09-11 19:25:14', ''),
(154, 10150367933286043, 129, '2011-09-11 19:25:37', ''),
(155, 10150367933501043, 129, '2011-09-11 19:25:50', ''),
(156, 10150367933626043, 129, '2011-09-11 19:25:57', ''),
(157, 10150367933736043, 129, '2011-09-11 19:26:06', ''),
(158, 10150367933976043, 129, '2011-09-11 19:26:27', ''),
(159, 10150367934256043, 129, '2011-09-11 19:26:50', ''),
(160, 10150160869316043, 129, '2011-03-21 22:12:09', ''),
(161, 10150160869621043, 129, '2011-03-21 22:12:24', ''),
(162, 10150160869701043, 129, '2011-03-21 22:12:30', ''),
(163, 10150105718286043, 129, '2010-12-27 09:41:24', ''),
(164, 10150105718486043, 129, '2010-12-27 09:41:39', ''),
(165, 10150105718671043, 129, '2010-12-27 09:41:56', ''),
(166, 10150105720431043, 129, '2010-12-27 09:46:30', ''),
(167, 10150105722926043, 129, '2010-12-27 09:51:42', ''),
(168, 10150102879006043, 129, '2010-12-22 02:44:37', ''),
(169, 10150102879146043, 129, '2010-12-22 02:44:55', ''),
(170, 10150102879176043, 129, '2010-12-22 02:45:01', ''),
(171, 10150102879216043, 129, '2010-12-22 02:45:07', ''),
(172, 10150102879246043, 129, '2010-12-22 02:45:11', ''),
(173, 10150102879266043, 129, '2010-12-22 02:45:15', ''),
(174, 10150102881061043, 129, '2010-12-22 02:53:11', ''),
(175, 10150102881086043, 129, '2010-12-22 02:53:14', ''),
(176, 10150102881106043, 129, '2010-12-22 02:53:18', ''),
(177, 10150093428471043, 129, '2010-12-04 21:57:35', ''),
(178, 10150093428511043, 129, '2010-12-04 21:57:41', ''),
(179, 10150093428551043, 129, '2010-12-04 21:57:47', ''),
(180, 10150093428596043, 129, '2010-12-04 21:57:54', ''),
(181, 10150093428821043, 129, '2010-12-04 21:58:14', ''),
(182, 490282736042, 129, '2010-11-06 19:02:46', ''),
(183, 490282871042, 129, '2010-11-06 19:02:50', ''),
(184, 490284336042, 129, '2010-11-06 19:06:13', ''),
(185, 490284371042, 129, '2010-11-06 19:06:16', ''),
(186, 490291291042, 129, '2010-11-06 19:21:04', ''),
(187, 490292211042, 129, '2010-11-06 19:23:59', ''),
(188, 486867221042, 129, '2010-10-31 12:58:24', ''),
(189, 486860101042, 129, '2010-10-31 12:47:14', ''),
(190, 476188816042, 129, '2010-10-08 18:20:55', ''),
(191, 476188891042, 129, '2010-10-08 18:21:00', ''),
(192, 476188926042, 129, '2010-10-08 18:21:05', ''),
(193, 476189001042, 129, '2010-10-08 18:21:14', ''),
(194, 476189046042, 129, '2010-10-08 18:21:18', ''),
(195, 476189101042, 129, '2010-10-08 18:21:23', ''),
(196, 476189241042, 129, '2010-10-08 18:21:32', ''),
(197, 476189306042, 129, '2010-10-08 18:21:41', ''),
(198, 476189376042, 129, '2010-10-08 18:21:50', ''),
(199, 476189496042, 129, '2010-10-08 18:22:04', ''),
(200, 476189591042, 129, '2010-10-08 18:22:12', ''),
(201, 476189626042, 129, '2010-10-08 18:22:17', ''),
(202, 476190751042, 129, '2010-10-08 18:26:11', ''),
(203, 476191996042, 129, '2010-10-08 18:30:49', ''),
(204, 476192471042, 129, '2010-10-08 18:32:06', ''),
(205, 476192516042, 129, '2010-10-08 18:32:11', ''),
(206, 418701316042, 129, '2010-05-07 11:13:04', ''),
(207, 418701346042, 129, '2010-05-07 11:13:04', ''),
(208, 418701366042, 129, '2010-05-07 11:13:04', ''),
(209, 418701371042, 129, '2010-05-07 11:13:04', ''),
(210, 418704266042, 129, '2010-05-07 11:23:18', ''),
(211, 418705366042, 129, '2010-05-07 11:27:17', ''),
(212, 403419236042, 129, '2010-03-20 14:39:59', ''),
(213, 403419256042, 129, '2010-03-20 14:39:59', ''),
(214, 403419266042, 129, '2010-03-20 14:39:59', ''),
(215, 392822026042, 129, '2010-03-14 17:47:08', ''),
(216, 353678786042, 129, '2010-02-25 17:29:03', ''),
(217, 353678871042, 129, '2010-02-25 17:29:03', ''),
(218, 353678916042, 129, '2010-02-25 17:29:03', ''),
(219, 353678921042, 129, '2010-02-25 17:29:03', ''),
(220, 353678976042, 129, '2010-02-25 17:29:03', ''),
(221, 392674516042, 129, '2010-03-14 16:38:33', ''),
(222, 392692846042, 129, '2010-03-14 16:47:09', ''),
(223, 535269773160282, 438, '2013-02-26 10:32:13', ''),
(224, 532072366813356, 438, '2013-02-18 16:27:19', ''),
(225, 532560783431181, 438, '2013-02-19 13:11:02', 'Visit Gatlinburg'),
(226, 532577036762889, 438, '2013-02-19 14:09:09', 'Visit Gatlinburg'),
(227, 532575656763027, 438, '2013-02-19 14:03:35', 'Daytona Beach, Florida'),
(228, 532575703429689, 438, '2013-02-19 14:03:43', 'Daytona Beach, Florida'),
(229, 532571523430107, 438, '2013-02-19 13:52:26', 'Atlanta, Georgia'),
(230, 532571840096742, 438, '2013-02-19 13:53:03', 'Atlanta, Georgia'),
(231, 532572176763375, 438, '2013-02-19 13:53:37', 'Atlanta, Georgia'),
(232, 532567223430537, 438, '2013-02-19 13:36:21', 'Indiana University'),
(233, 532567266763866, 438, '2013-02-19 13:36:24', 'Indiana University'),
(234, 532567283430531, 438, '2013-02-19 13:36:25', 'Indiana University'),
(235, 532567396763853, 438, '2013-02-19 13:36:35', 'Indiana University'),
(236, 532567593430500, 438, '2013-02-19 13:36:48', 'Indiana University'),
(237, 377878302232764, 438, '2012-04-02 17:12:25', '');

-- --------------------------------------------------------

--
-- Table structure for table `user_photo_comments`
--

CREATE TABLE IF NOT EXISTS `user_photo_comments` (
  `comment_id` int(9) unsigned NOT NULL AUTO_INCREMENT,
  `comment_fb_id` int(9) unsigned NOT NULL,
  `user_id` int(9) unsigned NOT NULL,
  `photo_id` int(9) unsigned NOT NULL,
  `created_time` datetime NOT NULL,
  `content` text NOT NULL,
  `like_count` int(9) unsigned NOT NULL,
  `user_likes` tinyint(1) NOT NULL DEFAULT '0',
  PRIMARY KEY (`comment_id`),
  KEY `user_id` (`user_id`),
  KEY `original_user_id` (`photo_id`)
) ENGINE=InnoDB  DEFAULT CHARSET=utf8 AUTO_INCREMENT=31 ;

--
-- Dumping data for table `user_photo_comments`
--

INSERT INTO `user_photo_comments` (`comment_id`, `comment_fb_id`, `user_id`, `photo_id`, `created_time`, `content`, `like_count`, `user_likes`) VALUES
(25, 1579347, 445, 223, '2013-03-04 21:09:31', 'diao', 0, 0),
(26, 1563362, 445, 225, '2013-02-25 15:11:25', 'nice car', 0, 0),
(27, 1552771, 546, 236, '2013-02-20 11:40:45', '鹏叔，您这是毕业了？？考研了不？', 0, 0),
(28, 1552803, 438, 236, '2013-02-20 11:57:13', '是啊。上学期就毕业了。申请了，还在等信。。', 0, 0),
(29, 948329, 467, 237, '2012-04-03 00:44:22', '骚货', 0, 0),
(30, 949237, 438, 237, '2012-04-03 12:57:06', '干你！', 0, 0);

-- --------------------------------------------------------

--
-- Table structure for table `user_photo_likes`
--

CREATE TABLE IF NOT EXISTS `user_photo_likes` (
  `like_id` int(9) unsigned NOT NULL AUTO_INCREMENT,
  `user_id` int(9) unsigned NOT NULL,
  `photo_id` int(9) unsigned NOT NULL,
  PRIMARY KEY (`like_id`),
  KEY `user_id` (`user_id`,`photo_id`),
  KEY `photo_id` (`photo_id`)
) ENGINE=InnoDB  DEFAULT CHARSET=utf8 AUTO_INCREMENT=902 ;

--
-- Dumping data for table `user_photo_likes`
--

INSERT INTO `user_photo_likes` (`like_id`, `user_id`, `photo_id`) VALUES
(223, 131, 40),
(295, 131, 43),
(308, 131, 44),
(5, 132, 16),
(12, 132, 17),
(14, 132, 18),
(19, 132, 19),
(25, 132, 20),
(29, 132, 21),
(31, 132, 22),
(35, 132, 23),
(37, 132, 24),
(41, 132, 25),
(49, 132, 26),
(54, 132, 27),
(57, 132, 28),
(62, 132, 29),
(66, 132, 30),
(71, 132, 31),
(74, 132, 32),
(78, 132, 33),
(85, 132, 34),
(119, 132, 36),
(283, 132, 43),
(297, 132, 44),
(393, 132, 51),
(430, 132, 55),
(473, 132, 79),
(476, 132, 80),
(481, 132, 81),
(483, 132, 82),
(485, 132, 83),
(491, 132, 84),
(493, 132, 85),
(498, 132, 86),
(499, 132, 87),
(501, 132, 88),
(504, 132, 89),
(512, 132, 90),
(519, 132, 91),
(524, 132, 92),
(527, 132, 93),
(670, 132, 131),
(762, 132, 168),
(783, 132, 171),
(832, 132, 189),
(203, 133, 39),
(231, 133, 40),
(327, 134, 45),
(741, 135, 162),
(176, 136, 38),
(220, 136, 40),
(280, 136, 43),
(434, 136, 55),
(98, 137, 35),
(138, 137, 36),
(199, 137, 39),
(637, 137, 119),
(146, 138, 37),
(179, 138, 38),
(740, 139, 162),
(244, 141, 41),
(271, 141, 42),
(429, 141, 55),
(704, 141, 146),
(716, 141, 151),
(728, 141, 154),
(24, 142, 19),
(48, 142, 25),
(61, 142, 28),
(65, 142, 29),
(70, 142, 30),
(84, 142, 33),
(93, 142, 34),
(267, 142, 42),
(218, 143, 40),
(94, 145, 35),
(147, 146, 37),
(206, 146, 39),
(248, 146, 41),
(294, 146, 43),
(311, 146, 44),
(322, 146, 45),
(335, 146, 46),
(358, 146, 47),
(374, 146, 48),
(409, 146, 51),
(494, 146, 85),
(502, 146, 88),
(506, 146, 89),
(513, 146, 90),
(520, 146, 91),
(525, 146, 92),
(528, 146, 93),
(689, 146, 136),
(693, 146, 138),
(697, 146, 140),
(699, 146, 141),
(702, 146, 143),
(706, 146, 147),
(721, 146, 153),
(730, 146, 155),
(732, 146, 156),
(736, 146, 158),
(742, 146, 162),
(746, 146, 163),
(748, 146, 164),
(751, 146, 165),
(752, 146, 166),
(758, 146, 167),
(764, 146, 168),
(771, 146, 169),
(778, 146, 170),
(787, 146, 172),
(804, 146, 177),
(807, 146, 178),
(809, 146, 180),
(813, 146, 182),
(816, 146, 183),
(818, 146, 184),
(819, 146, 185),
(820, 146, 186),
(822, 146, 187),
(829, 146, 189),
(833, 146, 190),
(834, 146, 191),
(837, 146, 192),
(843, 146, 193),
(849, 146, 194),
(852, 146, 195),
(853, 146, 196),
(854, 146, 197),
(855, 146, 198),
(856, 146, 199),
(858, 146, 200),
(861, 146, 201),
(864, 146, 202),
(866, 146, 203),
(867, 146, 204),
(870, 146, 205),
(871, 146, 206),
(873, 146, 208),
(874, 146, 209),
(877, 146, 211),
(885, 146, 215),
(897, 146, 221),
(198, 148, 39),
(222, 148, 40),
(239, 148, 41),
(255, 148, 42),
(285, 148, 43),
(299, 148, 44),
(316, 148, 45),
(349, 148, 47),
(367, 148, 48),
(377, 148, 49),
(394, 148, 51),
(413, 148, 52),
(416, 148, 53),
(420, 148, 54),
(531, 148, 94),
(534, 148, 95),
(535, 148, 96),
(536, 148, 97),
(540, 148, 98),
(544, 148, 99),
(545, 148, 100),
(547, 148, 101),
(548, 148, 102),
(275, 160, 42),
(643, 161, 119),
(204, 165, 39),
(268, 165, 42),
(328, 165, 45),
(661, 165, 124),
(662, 165, 125),
(664, 165, 126),
(665, 165, 128),
(354, 166, 47),
(403, 166, 51),
(415, 166, 52),
(419, 166, 53),
(639, 166, 119),
(163, 172, 37),
(259, 174, 42),
(667, 180, 130),
(151, 182, 37),
(565, 184, 105),
(573, 184, 107),
(587, 184, 110),
(592, 184, 113),
(617, 184, 117),
(624, 184, 118),
(211, 187, 39),
(365, 187, 48),
(404, 187, 51),
(550, 187, 103),
(555, 187, 104),
(564, 187, 105),
(582, 187, 109),
(586, 187, 110),
(594, 187, 114),
(601, 187, 115),
(609, 187, 116),
(616, 187, 117),
(623, 187, 118),
(262, 194, 42),
(80, 196, 33),
(112, 196, 35),
(212, 196, 39),
(233, 196, 40),
(249, 196, 41),
(274, 196, 42),
(340, 196, 46),
(363, 196, 47),
(375, 196, 48),
(888, 196, 216),
(213, 199, 39),
(253, 199, 41),
(270, 199, 42),
(356, 199, 47),
(386, 199, 49),
(497, 199, 85),
(511, 199, 89),
(518, 199, 90),
(554, 199, 104),
(563, 199, 105),
(608, 199, 116),
(615, 199, 117),
(622, 199, 118),
(750, 199, 164),
(756, 199, 166),
(760, 199, 167),
(796, 199, 175),
(802, 199, 176),
(805, 199, 177),
(812, 199, 181),
(840, 199, 193),
(848, 199, 194),
(857, 199, 200),
(77, 200, 33),
(99, 200, 35),
(392, 200, 51),
(427, 200, 55),
(630, 200, 119),
(186, 201, 38),
(238, 201, 41),
(533, 201, 94),
(539, 201, 97),
(543, 201, 98),
(685, 201, 135),
(7, 202, 16),
(13, 202, 17),
(15, 202, 18),
(20, 202, 19),
(26, 202, 20),
(30, 202, 21),
(32, 202, 22),
(36, 202, 23),
(38, 202, 24),
(42, 202, 25),
(50, 202, 26),
(55, 202, 27),
(58, 202, 28),
(63, 202, 29),
(67, 202, 30),
(72, 202, 31),
(75, 202, 32),
(79, 202, 33),
(87, 202, 34),
(123, 202, 36),
(149, 202, 37),
(284, 202, 43),
(431, 202, 55),
(629, 202, 119),
(109, 205, 35),
(390, 205, 51),
(638, 205, 119),
(811, 205, 181),
(23, 209, 19),
(92, 209, 34),
(162, 209, 37),
(269, 209, 42),
(303, 209, 44),
(319, 209, 45),
(399, 209, 51),
(424, 209, 55),
(438, 209, 59),
(444, 209, 63),
(451, 209, 66),
(468, 209, 76),
(471, 209, 77),
(478, 209, 80),
(487, 209, 83),
(492, 209, 84),
(507, 209, 89),
(514, 209, 90),
(556, 209, 104),
(567, 209, 105),
(570, 209, 106),
(590, 209, 111),
(591, 209, 112),
(595, 209, 114),
(603, 209, 115),
(611, 209, 116),
(619, 209, 117),
(626, 209, 118),
(634, 209, 119),
(684, 209, 135),
(688, 209, 136),
(692, 209, 138),
(696, 209, 140),
(709, 209, 149),
(799, 209, 176),
(9, 210, 16),
(21, 210, 19),
(27, 210, 20),
(33, 210, 22),
(39, 210, 24),
(45, 210, 25),
(52, 210, 26),
(89, 210, 34),
(177, 210, 38),
(214, 210, 39),
(289, 210, 43),
(310, 210, 44),
(326, 210, 45),
(341, 210, 46),
(362, 210, 47),
(370, 210, 48),
(385, 210, 49),
(432, 210, 55),
(436, 210, 58),
(439, 210, 59),
(445, 210, 63),
(448, 210, 65),
(457, 210, 70),
(462, 210, 73),
(464, 210, 74),
(469, 210, 76),
(479, 210, 80),
(489, 210, 83),
(566, 210, 105),
(578, 210, 108),
(583, 210, 109),
(588, 210, 110),
(589, 210, 111),
(602, 210, 115),
(610, 210, 116),
(618, 210, 117),
(625, 210, 118),
(636, 210, 119),
(795, 210, 174),
(797, 210, 175),
(800, 210, 176),
(675, 211, 132),
(671, 213, 131),
(738, 213, 161),
(401, 214, 51),
(355, 215, 47),
(10, 216, 16),
(17, 216, 18),
(22, 216, 19),
(28, 216, 20),
(34, 216, 22),
(40, 216, 24),
(46, 216, 25),
(53, 216, 26),
(56, 216, 27),
(59, 216, 28),
(64, 216, 29),
(68, 216, 30),
(73, 216, 31),
(76, 216, 32),
(82, 216, 33),
(90, 216, 34),
(152, 216, 37),
(180, 216, 38),
(254, 216, 42),
(333, 216, 46),
(360, 216, 47),
(366, 216, 48),
(402, 216, 51),
(433, 216, 55),
(435, 216, 56),
(475, 216, 79),
(480, 216, 80),
(484, 216, 82),
(490, 216, 83),
(496, 216, 85),
(500, 216, 87),
(503, 216, 88),
(510, 216, 89),
(517, 216, 90),
(523, 216, 91),
(526, 216, 92),
(530, 216, 93),
(552, 216, 104),
(559, 216, 105),
(576, 216, 108),
(597, 216, 115),
(613, 216, 117),
(621, 216, 118),
(654, 216, 120),
(656, 216, 121),
(672, 216, 131),
(674, 216, 132),
(678, 216, 133),
(682, 216, 134),
(683, 216, 135),
(687, 216, 136),
(691, 216, 138),
(698, 216, 141),
(701, 216, 142),
(703, 216, 144),
(705, 216, 147),
(708, 216, 149),
(712, 216, 150),
(718, 216, 152),
(720, 216, 153),
(729, 216, 155),
(735, 216, 158),
(737, 216, 159),
(739, 216, 161),
(743, 216, 162),
(753, 216, 166),
(759, 216, 167),
(772, 216, 169),
(781, 216, 170),
(789, 216, 172),
(798, 216, 175),
(801, 216, 176),
(881, 216, 215),
(309, 217, 44),
(324, 217, 45),
(344, 217, 46),
(373, 217, 48),
(640, 217, 119),
(312, 219, 44),
(361, 219, 47),
(551, 219, 103),
(628, 219, 118),
(680, 219, 133),
(747, 219, 163),
(776, 219, 169),
(784, 219, 171),
(794, 219, 173),
(803, 219, 176),
(810, 219, 180),
(847, 219, 193),
(292, 220, 43),
(425, 220, 55),
(521, 220, 91),
(598, 220, 115),
(11, 221, 16),
(18, 221, 18),
(47, 221, 25),
(60, 221, 28),
(69, 221, 30),
(83, 221, 33),
(91, 221, 34),
(187, 221, 38),
(247, 221, 41),
(336, 221, 46),
(440, 221, 59),
(441, 221, 60),
(442, 221, 61),
(443, 221, 62),
(446, 221, 63),
(447, 221, 64),
(449, 221, 65),
(452, 221, 66),
(454, 221, 67),
(455, 221, 68),
(456, 221, 69),
(458, 221, 70),
(460, 221, 71),
(461, 221, 72),
(463, 221, 73),
(465, 221, 74),
(467, 221, 75),
(470, 221, 76),
(560, 221, 105),
(575, 221, 108),
(579, 221, 109),
(596, 221, 115),
(717, 221, 151),
(727, 221, 154),
(744, 221, 162),
(749, 221, 164),
(755, 221, 166),
(782, 221, 170),
(786, 221, 171),
(790, 221, 172),
(808, 221, 178),
(846, 221, 193),
(851, 221, 194),
(865, 221, 202),
(869, 221, 204),
(882, 221, 215),
(893, 221, 220),
(8, 222, 16),
(16, 222, 18),
(44, 222, 25),
(81, 222, 33),
(88, 222, 34),
(118, 222, 35),
(245, 222, 41),
(276, 222, 42),
(315, 222, 44),
(342, 222, 46),
(364, 222, 47),
(371, 222, 48),
(388, 222, 50),
(412, 222, 51),
(450, 222, 65),
(453, 222, 66),
(459, 222, 70),
(466, 222, 74),
(472, 222, 78),
(474, 222, 79),
(482, 222, 81),
(488, 222, 83),
(558, 222, 104),
(569, 222, 105),
(572, 222, 106),
(585, 222, 109),
(605, 222, 115),
(659, 222, 123),
(673, 222, 131),
(676, 222, 132),
(679, 222, 133),
(711, 222, 149),
(713, 222, 150),
(734, 222, 157),
(745, 222, 162),
(770, 222, 168),
(775, 222, 169),
(806, 222, 177),
(821, 222, 187),
(831, 222, 189),
(839, 222, 192),
(845, 222, 193),
(850, 222, 194),
(872, 222, 207),
(875, 222, 210),
(876, 222, 211),
(878, 222, 212),
(880, 222, 214),
(883, 222, 215),
(890, 222, 216),
(892, 222, 219),
(894, 222, 220),
(896, 222, 221),
(140, 223, 36),
(116, 224, 35),
(133, 224, 36),
(243, 224, 41),
(260, 224, 42),
(635, 224, 119),
(649, 225, 119),
(266, 226, 42),
(538, 226, 97),
(542, 226, 98),
(766, 226, 168),
(780, 226, 170),
(859, 226, 201),
(886, 227, 215),
(226, 228, 40),
(242, 228, 41),
(256, 228, 42),
(286, 228, 43),
(302, 228, 44),
(317, 228, 45),
(345, 228, 46),
(351, 228, 47),
(369, 228, 48),
(379, 228, 49),
(387, 228, 50),
(396, 228, 51),
(414, 228, 52),
(417, 228, 53),
(422, 228, 54),
(505, 228, 89),
(725, 228, 154),
(757, 228, 166),
(761, 228, 167),
(887, 228, 216),
(329, 229, 45),
(382, 229, 49),
(754, 229, 166),
(763, 229, 168),
(773, 229, 169),
(777, 229, 170),
(785, 229, 171),
(793, 229, 173),
(836, 229, 192),
(842, 229, 193),
(860, 229, 201),
(863, 229, 202),
(891, 229, 218),
(193, 230, 39),
(426, 230, 55),
(553, 230, 104),
(561, 230, 105),
(577, 230, 108),
(580, 230, 109),
(593, 230, 114),
(599, 230, 115),
(606, 230, 116),
(655, 230, 121),
(714, 230, 151),
(724, 230, 154),
(86, 232, 34),
(132, 232, 36),
(208, 232, 39),
(304, 232, 44),
(321, 232, 45),
(338, 232, 46),
(357, 232, 47),
(686, 232, 135),
(695, 232, 138),
(700, 232, 141),
(723, 232, 153),
(765, 232, 168),
(779, 232, 170),
(788, 232, 172),
(791, 232, 173),
(830, 232, 189),
(111, 233, 35),
(165, 234, 37),
(190, 234, 38),
(251, 234, 41),
(278, 234, 42),
(768, 234, 168),
(774, 234, 169),
(884, 234, 215),
(889, 234, 216),
(43, 235, 25),
(51, 235, 26),
(288, 235, 43),
(408, 235, 51),
(428, 235, 55),
(508, 235, 89),
(515, 235, 90),
(652, 235, 119),
(657, 235, 121),
(666, 235, 129),
(669, 235, 130),
(677, 235, 132),
(681, 235, 133),
(690, 235, 137),
(707, 235, 148),
(715, 235, 151),
(726, 235, 154),
(814, 235, 182),
(895, 235, 221),
(105, 236, 35),
(844, 236, 193),
(868, 236, 204),
(6, 237, 16),
(107, 237, 35),
(188, 237, 38),
(246, 237, 41),
(314, 237, 44),
(437, 237, 59),
(477, 237, 80),
(486, 237, 83),
(495, 237, 85),
(509, 237, 89),
(516, 237, 90),
(522, 237, 91),
(529, 237, 93),
(532, 237, 94),
(537, 237, 97),
(541, 237, 98),
(549, 237, 102),
(557, 237, 104),
(568, 237, 105),
(571, 237, 106),
(574, 237, 107),
(584, 237, 109),
(604, 237, 115),
(612, 237, 116),
(620, 237, 117),
(627, 237, 118),
(694, 237, 138),
(710, 237, 149),
(719, 237, 152),
(722, 237, 153),
(731, 237, 155),
(733, 237, 157),
(320, 238, 45),
(104, 240, 35),
(129, 240, 36),
(159, 240, 37),
(207, 240, 39),
(236, 240, 41),
(644, 240, 119),
(658, 243, 122),
(663, 243, 126),
(128, 245, 36),
(405, 245, 51),
(101, 251, 35),
(272, 251, 42),
(372, 253, 48),
(137, 254, 36),
(250, 254, 41),
(277, 254, 42),
(313, 254, 44),
(331, 254, 45),
(343, 254, 46),
(418, 254, 53),
(330, 255, 45),
(648, 256, 119),
(183, 258, 38),
(200, 258, 39),
(134, 261, 36),
(144, 261, 37),
(178, 261, 38),
(273, 261, 42),
(337, 261, 46),
(384, 261, 49),
(835, 261, 192),
(841, 261, 193),
(95, 262, 35),
(263, 262, 42),
(633, 262, 119),
(353, 264, 47),
(381, 264, 49),
(824, 264, 188),
(646, 266, 119),
(184, 270, 38),
(194, 270, 39),
(228, 270, 40),
(130, 272, 36),
(230, 272, 40),
(252, 272, 41),
(307, 272, 44),
(325, 272, 45),
(125, 275, 36),
(154, 275, 37),
(205, 275, 39),
(290, 275, 43),
(106, 280, 35),
(182, 282, 38),
(195, 282, 39),
(168, 284, 37),
(210, 284, 39),
(261, 284, 42),
(828, 284, 189),
(348, 287, 47),
(660, 287, 124),
(113, 288, 35),
(127, 288, 36),
(166, 288, 37),
(181, 288, 38),
(229, 288, 40),
(397, 288, 51),
(650, 288, 119),
(825, 289, 188),
(122, 290, 36),
(164, 290, 37),
(171, 290, 38),
(196, 290, 39),
(306, 290, 44),
(332, 290, 46),
(769, 290, 168),
(792, 290, 173),
(826, 290, 189),
(143, 292, 36),
(217, 292, 40),
(296, 292, 43),
(389, 292, 51),
(131, 293, 36),
(224, 293, 40),
(293, 293, 43),
(323, 293, 45),
(334, 293, 46),
(359, 293, 47),
(407, 293, 51),
(827, 293, 189),
(189, 294, 38),
(215, 294, 39),
(227, 294, 40),
(241, 294, 41),
(265, 294, 42),
(301, 294, 44),
(546, 294, 101),
(562, 294, 105),
(581, 294, 109),
(600, 294, 115),
(607, 294, 116),
(614, 294, 117),
(115, 296, 35),
(156, 296, 37),
(201, 296, 39),
(225, 296, 40),
(240, 296, 41),
(264, 296, 42),
(300, 296, 44),
(347, 296, 46),
(350, 296, 47),
(368, 296, 48),
(378, 296, 49),
(395, 296, 51),
(421, 296, 54),
(767, 296, 168),
(100, 297, 35),
(135, 299, 36),
(167, 299, 37),
(172, 299, 38),
(216, 299, 40),
(258, 299, 42),
(287, 299, 43),
(398, 299, 51),
(651, 299, 119),
(114, 300, 35),
(838, 301, 192),
(862, 301, 201),
(209, 302, 39),
(653, 304, 119),
(103, 305, 35),
(124, 305, 36),
(150, 305, 37),
(383, 305, 49),
(406, 305, 51),
(823, 305, 188),
(136, 306, 36),
(161, 306, 37),
(232, 306, 40),
(281, 306, 43),
(117, 307, 35),
(142, 307, 36),
(153, 307, 37),
(173, 307, 38),
(191, 307, 39),
(219, 307, 40),
(234, 307, 41),
(279, 307, 43),
(346, 307, 46),
(352, 307, 47),
(380, 307, 49),
(391, 307, 51),
(632, 307, 119),
(139, 308, 36),
(174, 308, 38),
(257, 309, 42),
(318, 309, 45),
(879, 309, 213),
(645, 310, 119),
(339, 311, 46),
(97, 312, 35),
(155, 312, 37),
(175, 312, 38),
(282, 312, 43),
(305, 312, 44),
(400, 312, 51),
(423, 312, 54),
(668, 312, 130),
(141, 313, 36),
(410, 315, 51),
(641, 316, 119),
(411, 317, 51),
(96, 322, 35),
(102, 323, 35),
(185, 323, 38),
(192, 323, 39),
(221, 323, 40),
(235, 323, 41),
(108, 324, 35),
(158, 324, 37),
(110, 325, 35),
(145, 325, 37),
(120, 327, 36),
(169, 327, 38),
(298, 327, 44),
(121, 328, 36),
(170, 328, 38),
(126, 329, 36),
(237, 329, 41),
(148, 331, 37),
(157, 332, 37),
(160, 333, 37),
(202, 333, 39),
(631, 333, 119),
(197, 336, 39),
(291, 341, 43),
(376, 347, 48),
(642, 374, 119),
(647, 375, 119),
(815, 411, 183),
(817, 411, 184),
(899, 445, 224),
(900, 445, 225),
(898, 496, 223),
(901, 546, 236);

-- --------------------------------------------------------

--
-- Table structure for table `user_photo_tags`
--

CREATE TABLE IF NOT EXISTS `user_photo_tags` (
  `tag_id` int(9) unsigned NOT NULL AUTO_INCREMENT,
  `user_id` int(9) unsigned NOT NULL,
  `photo_id` int(9) unsigned NOT NULL,
  PRIMARY KEY (`tag_id`),
  KEY `user_id` (`user_id`,`photo_id`),
  KEY `photo_id` (`photo_id`)
) ENGINE=InnoDB  DEFAULT CHARSET=utf8 AUTO_INCREMENT=108 ;

--
-- Dumping data for table `user_photo_tags`
--

INSERT INTO `user_photo_tags` (`tag_id`, `user_id`, `photo_id`) VALUES
(17, 129, 55),
(45, 129, 131),
(50, 129, 138),
(51, 129, 139),
(52, 129, 140),
(54, 129, 145),
(55, 129, 146),
(56, 129, 147),
(58, 129, 149),
(59, 129, 151),
(60, 129, 152),
(61, 129, 153),
(62, 129, 154),
(63, 129, 155),
(64, 129, 157),
(65, 129, 158),
(74, 129, 171),
(96, 129, 189),
(14, 137, 45),
(49, 141, 137),
(53, 141, 145),
(57, 141, 148),
(39, 148, 98),
(26, 153, 83),
(66, 159, 160),
(48, 165, 131),
(95, 185, 189),
(43, 187, 131),
(97, 191, 189),
(27, 194, 83),
(67, 199, 160),
(69, 199, 161),
(70, 199, 163),
(73, 199, 169),
(75, 199, 171),
(77, 199, 173),
(87, 199, 175),
(92, 199, 176),
(93, 199, 179),
(94, 199, 180),
(29, 203, 87),
(47, 209, 131),
(44, 210, 131),
(80, 210, 174),
(83, 210, 175),
(89, 210, 176),
(81, 214, 175),
(79, 215, 174),
(84, 215, 175),
(90, 215, 176),
(31, 216, 87),
(35, 216, 92),
(46, 216, 131),
(72, 216, 169),
(85, 216, 175),
(41, 219, 103),
(68, 219, 161),
(76, 219, 173),
(86, 219, 175),
(91, 219, 176),
(34, 220, 91),
(42, 220, 131),
(71, 220, 169),
(78, 220, 174),
(82, 220, 175),
(88, 220, 176),
(11, 228, 39),
(12, 228, 42),
(13, 228, 44),
(15, 228, 51),
(18, 228, 55),
(22, 228, 57),
(24, 228, 58),
(25, 228, 59),
(28, 228, 85),
(30, 228, 87),
(32, 228, 88),
(37, 228, 93),
(19, 230, 55),
(16, 355, 55),
(20, 355, 56),
(21, 355, 57),
(23, 355, 58),
(33, 363, 88),
(36, 363, 92),
(38, 363, 98),
(40, 363, 99),
(98, 438, 226),
(99, 438, 227),
(100, 438, 228),
(101, 438, 229),
(102, 438, 230),
(103, 438, 231),
(104, 438, 232),
(105, 438, 233),
(106, 438, 234),
(107, 503, 235);

-- --------------------------------------------------------

--
-- Table structure for table `user_posts`
--

CREATE TABLE IF NOT EXISTS `user_posts` (
  `post_id` int(9) unsigned NOT NULL AUTO_INCREMENT,
  `post_fb_id` bigint(19) unsigned NOT NULL,
  `user_id` int(9) unsigned NOT NULL,
  `type` varchar(100) NOT NULL,
  `created_time` datetime NOT NULL,
  PRIMARY KEY (`post_id`),
  KEY `user_id` (`user_id`)
) ENGINE=InnoDB  DEFAULT CHARSET=utf8 AUTO_INCREMENT=115 ;

--
-- Dumping data for table `user_posts`
--

INSERT INTO `user_posts` (`post_id`, `post_fb_id`, `user_id`, `type`, `created_time`) VALUES
(35, 10151509484371043, 129, 'wall_post', '2013-03-04 23:32:11'),
(36, 10151502502091043, 129, 'wall_post', '2013-03-03 12:16:59'),
(37, 135618333275676, 129, 'shared_story', '2013-03-03 12:09:10'),
(38, 10151499224531043, 129, 'wall_post', '2013-03-01 23:28:27'),
(39, 10151496455946043, 129, 'wall_post', '2013-02-28 15:48:52'),
(40, 10151491822296043, 129, 'wall_post', '2013-02-26 14:28:29'),
(41, 10151491821886043, 129, 'wall_post', '2013-02-26 14:28:11'),
(42, 10151489433036043, 129, 'approved_friend', '2013-02-25 11:26:36'),
(43, 10151486141036043, 129, 'wall_post', '2013-02-24 00:42:25'),
(44, 606325966049305, 129, 'shared_story', '2013-02-18 18:02:01'),
(45, 10151475417396043, 129, 'wall_post', '2013-02-18 16:27:18'),
(46, 10151472940556043, 129, 'wall_post', '2013-02-17 11:54:19'),
(47, 118655864984075, 129, 'shared_story', '2013-02-17 11:40:07'),
(48, 10151470014461043, 129, 'wall_post', '2013-02-16 00:49:23'),
(49, 10151467358326043, 129, 'wall_post', '2013-02-14 18:00:07'),
(50, 10151467357516043, 129, 'wall_post', '2013-02-14 17:59:28'),
(51, 10151462812716043, 129, 'wall_post', '2013-02-12 14:54:14'),
(52, 10151453134091043, 129, 'wall_post', '2013-02-07 20:42:23'),
(53, 10151451389866043, 129, 'wall_post', '2013-02-06 21:45:03'),
(54, 10151444781431043, 129, 'wall_post', '2013-02-03 16:02:59'),
(55, 161643870651307, 129, 'shared_story', '2013-02-03 11:53:54'),
(56, 406267649457620, 129, 'shared_story', '2013-01-26 14:11:13'),
(57, 10151406805651043, 129, 'wall_post', '2013-01-26 10:19:22'),
(58, 10151406797391043, 129, 'wall_post', '2013-01-26 10:10:19'),
(59, 319046444862513, 129, 'shared_story', '2013-01-22 17:11:15'),
(60, 10151398902511043, 129, 'wall_post', '2013-01-21 15:14:58'),
(61, 150895351729125, 129, 'shared_story', '2013-01-20 16:16:52'),
(62, 10151391382916043, 129, 'wall_post', '2013-01-17 11:36:01'),
(63, 10151381700106043, 129, 'wall_post', '2013-01-11 19:17:26'),
(64, 10151381697726043, 129, 'wall_post', '2013-01-11 19:15:12'),
(65, 10151379849561043, 129, 'wall_post', '2013-01-10 14:01:47'),
(66, 10151372680526043, 129, 'wall_post', '2013-01-05 20:25:12'),
(67, 10151370649991043, 129, 'wall_post', '2013-01-04 14:01:42'),
(68, 504101156301319, 129, 'shared_story', '2013-01-03 15:14:49'),
(69, 10151367792451043, 129, 'wall_post', '2013-01-02 21:15:04'),
(70, 10151363248646043, 129, 'wall_post', '2012-12-31 09:23:26'),
(71, 10151363248091043, 129, 'wall_post', '2012-12-31 09:22:49'),
(72, 10151363247401043, 129, 'wall_post', '2012-12-31 09:22:08'),
(73, 10151361247301043, 129, 'wall_post', '2012-12-30 01:54:32'),
(74, 10151358999781043, 129, 'approved_friend', '2012-12-28 15:48:32'),
(75, 10151348764411043, 129, 'approved_friend', '2012-12-22 16:31:27'),
(76, 10151344057756043, 129, 'approved_friend', '2012-12-19 14:43:45'),
(77, 10151333799021043, 129, 'wall_post', '2012-12-13 00:42:06'),
(78, 381496958610239, 129, 'shared_story', '2012-12-03 14:09:31'),
(79, 10151318292216043, 129, 'wall_post', '2012-12-02 15:32:24'),
(80, 10151318279586043, 129, 'wall_post', '2012-12-02 15:23:29'),
(81, 537215109632415, 438, 'approved_friend', '2013-03-02 22:12:19'),
(82, 535416196478973, 438, 'approved_friend', '2013-02-26 17:40:42'),
(83, 517632854956223, 438, 'shared_story', '2013-02-26 13:24:01'),
(84, 535317953155464, 438, 'wall_post', '2013-02-26 13:02:46'),
(85, 534666666553926, 438, 'approved_friend', '2013-02-24 23:26:31'),
(86, 533433880010538, 438, 'approved_friend', '2013-02-21 22:00:23'),
(87, 532901903397069, 438, 'approved_friend', '2013-02-20 11:53:55'),
(88, 532508496769743, 438, 'approved_friend', '2013-02-19 11:38:06'),
(89, 526220034065256, 438, 'approved_friend', '2013-02-05 23:39:10'),
(90, 520407371313189, 438, 'approved_friend', '2013-01-31 10:18:02'),
(91, 478730998814160, 438, 'approved_friend', '2012-10-27 18:57:12'),
(92, 477696582250935, 438, 'approved_friend', '2012-10-25 04:08:27'),
(93, 387693457917915, 438, 'approved_friend', '2012-04-16 22:06:47'),
(94, 378382808848980, 438, 'approved_friend', '2012-04-03 12:53:27'),
(95, 362648777089050, 438, 'approved_friend', '2012-03-07 17:05:07'),
(96, 362648770422384, 438, 'approved_friend', '2012-03-07 17:05:06'),
(97, 345094195511175, 438, 'approved_friend', '2012-02-09 00:57:06'),
(98, 296242913729637, 438, 'approved_friend', '2011-11-21 15:02:50'),
(99, 296242277063034, 438, 'approved_friend', '2011-11-21 15:01:37'),
(100, 289370604416868, 438, 'approved_friend', '2011-11-08 17:11:18'),
(101, 179509872133181, 438, 'shared_story', '2011-10-27 14:36:32'),
(102, 279132542107341, 438, 'approved_friend', '2011-10-17 00:40:36'),
(103, 279132495440679, 438, 'approved_friend', '2011-10-17 00:40:25'),
(104, 279132382107357, 438, 'approved_friend', '2011-10-17 00:39:58'),
(105, 276784999008762, 438, 'approved_friend', '2011-10-11 22:06:46'),
(106, 272425812778014, 438, 'approved_friend', '2011-10-02 02:40:18'),
(107, 265151333505462, 438, 'approved_friend', '2011-09-15 16:26:39'),
(108, 264687740218488, 438, 'approved_friend', '2011-09-14 15:04:19'),
(109, 260244227329506, 438, 'approved_friend', '2011-09-05 01:10:17'),
(110, 250701948283734, 438, 'approved_friend', '2011-08-16 17:28:00'),
(111, 244934665527129, 438, 'approved_friend', '2011-08-04 17:25:23'),
(112, 230659163621346, 438, 'approved_friend', '2011-07-05 15:40:50'),
(113, 214523848568211, 438, 'approved_friend', '2011-06-13 14:19:42'),
(114, 203121263041803, 438, 'approved_friend', '2011-05-19 12:26:02');

-- --------------------------------------------------------

--
-- Table structure for table `user_post_comments`
--

CREATE TABLE IF NOT EXISTS `user_post_comments` (
  `comment_id` int(9) unsigned NOT NULL AUTO_INCREMENT,
  `comment_fb_id` int(9) unsigned NOT NULL,
  `user_id` int(9) unsigned NOT NULL,
  `post_id` int(9) unsigned NOT NULL,
  `created_time` datetime NOT NULL,
  `content` text NOT NULL,
  PRIMARY KEY (`comment_id`),
  KEY `comment_fb_id` (`comment_fb_id`,`user_id`,`post_id`),
  KEY `user_id` (`user_id`),
  KEY `post_id` (`post_id`)
) ENGINE=InnoDB  DEFAULT CHARSET=utf8 AUTO_INCREMENT=12 ;

--
-- Dumping data for table `user_post_comments`
--

INSERT INTO `user_post_comments` (`comment_id`, `comment_fb_id`, `user_id`, `post_id`, `created_time`, `content`) VALUES
(3, 214856, 137, 37, '2013-03-03 14:45:45', 'Vow!'),
(4, 7335538, 237, 44, '2013-02-18 18:14:52', ':)'),
(5, 1484893, 210, 59, '2013-01-22 17:28:47', 'بابا معروف!!! :)'),
(6, 1484943, 216, 59, '2013-01-22 17:58:33', 'ِdaghighan mikhastam hamini ke pegah goft begam :D'),
(7, 1484985, 229, 59, '2013-01-22 18:22:37', 'You are a technical woman!...Incidentally in red turtlenecks. :)'),
(8, 1485221, 129, 59, '2013-01-22 20:24:03', 'haha! kheili khande dare'),
(9, 1485380, 201, 59, '2013-01-22 21:36:43', 'wow wow wow'),
(10, 2376888, 199, 78, '2012-12-12 22:31:22', ':('),
(11, 5434118, 445, 83, '2013-03-05 15:30:34', 'k');

-- --------------------------------------------------------

--
-- Table structure for table `user_post_likes`
--

CREATE TABLE IF NOT EXISTS `user_post_likes` (
  `like_id` int(9) unsigned NOT NULL AUTO_INCREMENT,
  `user_id` int(9) unsigned NOT NULL,
  `post_id` int(9) unsigned NOT NULL,
  PRIMARY KEY (`like_id`),
  KEY `user_id` (`user_id`,`post_id`),
  KEY `post_id` (`post_id`)
) ENGINE=InnoDB  DEFAULT CHARSET=utf8 AUTO_INCREMENT=29 ;

--
-- Dumping data for table `user_post_likes`
--

INSERT INTO `user_post_likes` (`like_id`, `user_id`, `post_id`) VALUES
(20, 145, 59),
(13, 158, 47),
(15, 200, 56),
(7, 201, 44),
(11, 201, 47),
(19, 201, 59),
(26, 201, 78),
(3, 209, 37),
(4, 210, 37),
(8, 210, 44),
(6, 216, 37),
(9, 222, 44),
(17, 230, 59),
(23, 234, 61),
(18, 236, 59),
(5, 237, 37),
(10, 237, 44),
(27, 237, 78),
(12, 264, 47),
(22, 270, 61),
(25, 272, 78),
(14, 289, 56),
(21, 303, 61),
(16, 312, 56),
(24, 328, 61),
(28, 445, 83);

-- --------------------------------------------------------

--
-- Table structure for table `user_post_privacy`
--

CREATE TABLE IF NOT EXISTS `user_post_privacy` (
  `post_id` int(9) unsigned NOT NULL,
  `description` varchar(100) NOT NULL,
  `value` varchar(100) NOT NULL,
  `friends` varchar(100) NOT NULL,
  `networks` varchar(100) NOT NULL,
  `allow_friends` int(9) unsigned NOT NULL,
  `allow_friendlists` int(9) unsigned NOT NULL,
  `deny_friends` int(9) unsigned NOT NULL,
  `deny_friendlists` int(9) unsigned NOT NULL,
  KEY `post_id` (`post_id`,`allow_friends`,`allow_friendlists`,`deny_friends`,`deny_friendlists`)
) ENGINE=InnoDB DEFAULT CHARSET=utf8;

-- --------------------------------------------------------

--
-- Table structure for table `user_post_tags`
--

CREATE TABLE IF NOT EXISTS `user_post_tags` (
  `tag_id` int(9) unsigned NOT NULL AUTO_INCREMENT,
  `user_id` int(9) unsigned NOT NULL,
  `post_id` int(9) unsigned NOT NULL,
  PRIMARY KEY (`tag_id`),
  KEY `user_id` (`user_id`,`post_id`),
  KEY `post_id` (`post_id`)
) ENGINE=InnoDB  DEFAULT CHARSET=utf8 AUTO_INCREMENT=232 ;

--
-- Dumping data for table `user_post_tags`
--

INSERT INTO `user_post_tags` (`tag_id`, `user_id`, `post_id`) VALUES
(93, 129, 37),
(99, 129, 42),
(102, 129, 44),
(105, 129, 47),
(113, 129, 55),
(114, 129, 56),
(119, 129, 61),
(127, 129, 68),
(133, 129, 74),
(135, 129, 75),
(137, 129, 76),
(151, 129, 85),
(130, 130, 71),
(107, 133, 49),
(111, 145, 53),
(121, 151, 62),
(106, 156, 48),
(124, 157, 65),
(125, 178, 66),
(110, 187, 52),
(108, 188, 50),
(129, 199, 70),
(109, 208, 51),
(131, 209, 72),
(132, 210, 73),
(128, 212, 69),
(91, 217, 35),
(98, 225, 41),
(117, 226, 58),
(122, 234, 63),
(104, 236, 46),
(118, 237, 60),
(141, 237, 80),
(101, 259, 43),
(126, 272, 67),
(140, 272, 79),
(139, 281, 77),
(92, 282, 36),
(116, 284, 57),
(136, 287, 75),
(96, 288, 39),
(95, 294, 38),
(103, 329, 45),
(123, 363, 64),
(94, 436, 37),
(97, 437, 40),
(100, 438, 42),
(142, 438, 81),
(144, 438, 82),
(146, 438, 83),
(148, 438, 85),
(152, 438, 86),
(154, 438, 87),
(156, 438, 88),
(163, 438, 89),
(165, 438, 90),
(170, 438, 91),
(181, 438, 92),
(183, 438, 93),
(185, 438, 94),
(187, 438, 95),
(189, 438, 96),
(191, 438, 97),
(193, 438, 98),
(195, 438, 99),
(197, 438, 100),
(199, 438, 101),
(200, 438, 102),
(202, 438, 103),
(204, 438, 104),
(206, 438, 105),
(208, 438, 106),
(210, 438, 107),
(212, 438, 108),
(214, 438, 109),
(216, 438, 110),
(218, 438, 111),
(220, 438, 112),
(222, 438, 113),
(226, 438, 114),
(112, 439, 54),
(115, 440, 56),
(120, 441, 61),
(134, 442, 74),
(138, 443, 76),
(207, 444, 105),
(147, 445, 84),
(158, 445, 88),
(196, 450, 99),
(176, 451, 91),
(227, 452, 114),
(230, 454, 114),
(192, 455, 97),
(162, 457, 88),
(198, 461, 100),
(224, 463, 113),
(168, 465, 90),
(219, 472, 111),
(161, 483, 88),
(145, 485, 82),
(155, 490, 87),
(167, 494, 90),
(174, 503, 91),
(149, 504, 85),
(231, 510, 114),
(223, 514, 113),
(215, 515, 109),
(228, 516, 114),
(229, 522, 114),
(169, 524, 90),
(178, 526, 91),
(201, 527, 102),
(203, 528, 103),
(213, 532, 108),
(180, 533, 91),
(211, 534, 107),
(209, 535, 106),
(153, 536, 86),
(143, 537, 81),
(157, 538, 88),
(150, 539, 85),
(164, 540, 89),
(188, 541, 95),
(173, 542, 91),
(179, 543, 91),
(159, 546, 88),
(160, 549, 88),
(166, 550, 90),
(171, 551, 91),
(172, 552, 91),
(175, 553, 91),
(177, 554, 91),
(182, 555, 92),
(184, 556, 93),
(186, 557, 94),
(190, 558, 96),
(194, 559, 98),
(205, 560, 104),
(217, 561, 110),
(221, 562, 112),
(225, 563, 113);

-- --------------------------------------------------------

--
-- Table structure for table `user_statuses`
--

CREATE TABLE IF NOT EXISTS `user_statuses` (
  `status_id` int(9) unsigned NOT NULL AUTO_INCREMENT,
  `status_fb_id` bigint(19) unsigned NOT NULL,
  `user_id` int(9) unsigned NOT NULL,
  `content` text NOT NULL,
  `created_time` datetime NOT NULL,
  `place` varchar(100) NOT NULL,
  PRIMARY KEY (`status_id`),
  UNIQUE KEY `status_fb_id` (`status_fb_id`),
  KEY `user_id` (`user_id`)
) ENGINE=InnoDB  DEFAULT CHARSET=utf8 AUTO_INCREMENT=101 ;

--
-- Dumping data for table `user_statuses`
--

INSERT INTO `user_statuses` (`status_id`, `status_fb_id`, `user_id`, `content`, `created_time`, `place`) VALUES
(6, 10151446187581043, 129, 'چه خبر شده ایران؟! برگه A4 هم پیدا نمی شه؟ برادرم می خواهد تز فوق لیسانسش رو پرینت بگیره هیچ جا برگه پیدا نمی کنه!!!', '2013-02-04 11:54:37', ''),
(7, 10151429802371043, 129, 'Feels like -22'' C!', '2013-02-01 00:21:36', ''),
(8, 10151380114441043, 129, 'این روزها همش دلم برای فامیل و دوستانم تنگ می شه. نمی دونم چم شده! هی...', '2013-01-10 17:18:47', ''),
(9, 10151332148951043, 129, 'به خاطر ملیتم نمی تونم به موقع ویزای یک کشور رو بگیرم و همه تدارکات یک ماه و نیم برای این سفر بر باد می ره. حتی روی دقیقه نود حساب کرده بودم و همه چمدون ها رو  دیشب بستم. امروز تمام کارها رو کنسل کردم و منتظر نشستم. همین امروز جایی که آرزو داشتم کار کنم به من خبر داد که به خاطر ملیتت نمی تونیم باهات کار کنیم و یک عالمه پوزش خواسته. این دفعه دومه که همچین اتفاقی می افته! به هر حال خوشحالم که من سعی خودم را تا دقیقه نود می کنم و کوتاه نمی یام! تجربه بدی بود.', '2012-12-11 21:53:58', ''),
(10, 10151302846376043, 129, 'Dabaiba and Homayoun Taba, you are my role models. I am so happy that you were given this award.  You really deserve it.#heroesporpanama', '2012-11-21 21:33:15', ''),
(11, 10151204311626043, 129, 'I kept checking my email several times in an hour today and finally I got my reward: our paper is accepted. Hooray! :)', '2012-09-15 22:53:10', ''),
(12, 10151180493056043, 129, 'What do you think about Diaspora has become a community project? http://blog.diasporafoundation.org/', '2012-08-29 21:48:21', ''),
(13, 10151146647286043, 129, 'Amazing! Suddenly ideas are coming to my mind! ;) I think I needed a shock or something!', '2012-08-14 11:23:00', ''),
(14, 10151102818581043, 129, 'ديده دريا کنم و صبر به صحرا فکنم\nو اندر اين کار دل خويش به دريا فکنم', '2012-07-25 02:39:33', ''),
(15, 10151067781281043, 129, 'yesterday, the hottest day and now hails! It''s wild!', '2012-07-08 15:26:00', ''),
(16, 10151046157896043, 129, 'I Feel strange swimming in iu''s pool seeing all these Olympians'' names! Should I change my major? ;)', '2012-06-28 22:47:15', ''),
(17, 10151004625586043, 129, 'Never had this much stress! For some mins, I couldn''t think!', '2012-06-09 00:20:54', ''),
(18, 10150973254871043, 129, 'Still working in the lab!', '2012-05-26 22:33:03', ''),
(19, 10150964317456043, 129, 'Missing her kindness in the home and looking everywhere to find her! It''s all depressing. Wish her bests. Anyway, we''ve all started a new phase.', '2012-05-23 01:08:17', ''),
(20, 10150742847021043, 129, 'Tornado warning again! It seems each year we have one! Last year my dear uncle came to visit us exactly on that night! Now again stuck in the Informatics basement! Homayoun Taba are you coming to visit us again? ;)', '2012-03-23 18:30:09', ''),
(21, 10150734492891043, 129, 'سال نو بر همه دوستان عزیزم مبارک باشه! خوش به حال کسانی که در کنار خانواده و ‍پدر و مادرشون هستند! ما هم امسال سعادت همراهی مامان صدیق رو در کنارمون داریم. عیدمون با دو سال پیش خیلی متفاوت شده! به امید سالی پر برکت!', '2012-03-20 00:38:57', ''),
(22, 10150658824126043, 129, 'had a plan to study for my qual today but I''m still coding! :(', '2012-02-13 20:29:58', ''),
(23, 10150598550971043, 129, 'survived another week! exhausted!', '2012-01-20 23:41:19', ''),
(24, 10150575684346043, 129, 'has headache! Why it doesn''t go?', '2012-01-10 22:14:54', ''),
(25, 10150544757851043, 129, 'understood how she likes studying when she came to the library in the snowy holiday morning!', '2011-12-27 12:25:01', ''),
(26, 10150541832191043, 129, 'needs some rest!', '2011-12-25 22:47:10', ''),
(27, 10150531059166043, 129, 'now is enjoying studying at the empty library! ;)', '2011-12-20 12:30:10', ''),
(28, 10150520775496043, 129, 'hopes to feel better tomorrow morning!', '2011-12-14 23:56:45', ''),
(29, 10150512403596043, 129, 'Surprisingly enjoys studying on Sunday in the full library!', '2011-12-11 13:45:29', ''),
(30, 10150474716676043, 129, 'I cooked the most delicious turkey today for the very first time! ;)', '2011-11-24 14:43:41', ''),
(31, 10150455574196043, 129, 'Got an email from Sharif University to review a paper unrelated to my expertise! How they could find me?!', '2011-11-14 18:17:39', ''),
(32, 10150423397421043, 129, 'شادي خود را به هيچ چيز و هيچ كس وابسته نكن تا هميشه از آن برخوردار باشي.', '2011-10-23 10:08:10', ''),
(33, 10150415607406043, 129, 'Done with my first conference presentation! :)', '2011-10-17 12:23:56', ''),
(34, 10150391697471043, 129, 'چهل روز گذشت! روی سینه ام سنگینی می کنه!', '2011-09-29 11:38:50', ''),
(35, 10150371869251043, 129, 'Agian more than 12 hours of work!', '2011-09-14 21:13:19', ''),
(36, 10150361306756043, 129, 'Happy to start work again! I feel like the first day of school!', '2011-09-06 10:18:03', ''),
(37, 10150361306056043, 129, 'Thank you all for your kind words and support during the hard time! Wish you all the bests and happiness!', '2011-09-06 10:17:11', ''),
(38, 10150345613756043, 129, 'Although you never die, I missed you already! I love you, miss you, ...', '2011-08-20 16:22:32', ''),
(39, 10150341170601043, 129, 'has headache! Not enough sleep, not enough time to be with my family, not arranging my trip, not buying all I wanted, not visited all who I aimed, crazy days and goodbye days! ...', '2011-08-15 15:35:21', ''),
(40, 10150282134051043, 129, 'Too much stress! :(', '2011-06-21 23:53:04', ''),
(41, 10150280000271043, 129, 'Library is so peaceful :)', '2011-06-19 18:11:15', ''),
(42, 10150265191511043, 129, 'Why when people donot know your gender, call you "Mr" in their emails?! When something is serious, they assume a man is talking to them!', '2011-06-03 00:54:16', ''),
(43, 10150263707051043, 129, 'درد و رنج تا به کی؟!', '2011-06-01 10:10:06', ''),
(44, 10150260694731043, 129, 'inspired by her uncle''s family! I am so lucky! Thanks Homayoun Taba! :*', '2011-05-29 00:10:05', ''),
(45, 10150257986946043, 129, 'Tornado warnig... clear .... warning .... clear ....warning! They are changing their minds every 5 mins after declaring tornado warning all clear! By the way, I am stuck in the basement of Informatics! I didn''t know about these tornados when I applied here! ;)', '2011-05-25 19:30:39', ''),
(46, 10150257274981043, 129, 'again has backache :(', '2011-05-25 00:17:38', ''),
(47, 10150234582076043, 129, '1 year of work and 94% accuracy!', '2011-05-06 01:07:57', ''),
(48, 10150230456956043, 129, 'در روزگاری که بهانه های بسیار برای گریستن داریم ،\nشرم خندیدن، به مضحکه هم میهنان مان را بر خود نپسندیم.\nکار سختی نیست نشنیدن، نخواندن و نگفتن لطیفه های توهین آمیز...\nبا اراده جمعی این عادت زشت را به ضدارزش تبدیل کنیم.\nرخشان بنی اعتماد', '2011-05-01 15:02:39', ''),
(49, 10150228896396043, 129, 'شراب تلخ می‌خواهم که مردافکن بود زورش \n که تا يک دم بياسايم ز دنيا و شر و شورش', '2011-04-29 16:57:34', ''),
(50, 10150228252386043, 129, 'چند شبه که خوابهام با معنی شده!', '2011-04-28 21:26:35', ''),
(51, 10150222803526043, 129, 'Midnight, rain storm and running all the way from school to home!', '2011-04-23 00:37:43', ''),
(52, 10150221814456043, 129, 'I need some rest!', '2011-04-21 19:56:13', ''),
(53, 10150215909906043, 129, 'What a long week!!', '2011-04-14 19:46:51', ''),
(54, 10150163602806043, 129, 'باورم نمیشه که مردم میرن سینما اخراجی های 3 رو می بینند!!! امیدی نمی بینم!', '2011-03-24 23:45:20', ''),
(55, 10150159901351043, 129, 'سال نو بر همه دوستان مبارک! سالی سر شار از شادی، سرافرازی و سلامتی در انتظارتون باشه. پیش به سوی تحقق آرزوها!', '2011-03-20 19:30:24', ''),
(56, 10150148853821043, 129, 'I''m glad that I am a woman!', '2011-03-08 00:38:12', ''),
(57, 10150146246476043, 129, 'الان این یعنی چه؟ تعداد کشته شدگان لیبی به 6000 نفر رسید !', '2011-03-04 16:59:00', ''),
(58, 10150141158646043, 129, 'از 8 شب می خواستم بخوابم و هنوز بیدارم!', '2011-02-26 02:09:15', ''),
(59, 10150138723276043, 129, 'نيست در بازار عالم خوشدلی ور زان که هست شيوه رندی و خوش باشی عياران خوش است', '2011-02-22 19:45:12', ''),
(60, 10150135674666043, 129, 'One of my bad days! Lots of troubles!', '2011-02-18 21:07:02', ''),
(61, 177132922331334, 129, 'یکی از دوستانم در اصفهان:\nیه مشت گیوه پای لُپ قرمزی که سنشون اکثراً بین 15 تا 18 بود جمع کرده بودن تومیدون انقلاب که مردم رو بزنن اما دم اصفهانیها گرررررررررررررم .. خیی حال کردم \nبسیجیه به زنه میگفت خواهر من راه بیفت زنه بهش گفت تو غلط کردی که من خواهر توام', '2011-02-14 19:56:26', ''),
(62, 138748186189375, 129, 'Why I have headache these days?!', '2011-02-02 18:30:12', ''),
(63, 180169552020469, 129, 'waiting for an icy storm!', '2011-02-01 16:07:41', ''),
(64, 184173958281006, 129, 'weather.com: feels like -23 C!! Can I be alive outside?', '2011-01-21 11:01:06', ''),
(65, 181735505190573, 129, 'My cellphone has been broken. Does anyone in Bloomington has a spare T-mobile to borrow me temporarily?', '2011-01-16 20:01:53', ''),
(66, 156192284430983, 129, 'I hate sum of two things: cold weather and Bloomington transit!', '2011-01-13 11:42:07', ''),
(67, 121701774564570, 129, 'Snow, snow, snow ...', '2011-01-11 13:27:13', ''),
(68, 184848601538908, 129, 'It''s amazing that I reviewed this amount of papers today! I have a headache now.', '2011-01-10 17:16:48', ''),
(69, 175158359189405, 129, 'FACEBOOK ALERT as of today, NEW PRIVACY setting called "Instant Personalization" that shares data with non-Facebook websites and it is automatically set to "Enable." Go to Account>Privacy Settings>Applications and Websites>Instant Personalization>at bottom of page Edit Settings, and un-check "Enable". BTW if your friends don''t do this, they will be sharing information about you. PLEASE COPY & REPOST', '2011-01-07 00:29:52', ''),
(70, 174436869254432, 129, 'I love talking with old friends!', '2010-12-23 14:14:19', ''),
(71, 138320586225355, 129, 'It''s wonderful to hear great news about your friend after a really long time!! It''s amazing that how I am this much happy for her!', '2010-12-20 10:58:48', ''),
(72, 170268349678399, 129, 'قیمت بنزین در ایران = قیمت بنزین در آمریکا!!!!', '2010-12-19 09:45:50', ''),
(73, 181237128568353, 129, 'Hame chi Aroooooome :)', '2010-12-16 19:13:02', ''),
(74, 182440801771527, 129, 'Chrome has fixed its problem with pdf! It''s slow but much better!', '2010-12-10 11:24:48', ''),
(75, 165741310129269, 129, 'Weather.com: Feels Like: -19°c', '2010-12-06 10:53:06', ''),
(76, 128024340592050, 129, 'تب اخبار جنایی فیس بوک رو گرفته!', '2010-12-01 12:11:30', ''),
(77, 133870850001420, 129, 'وقتی شنیدم در مسابقات آسیایی، ورزشکارهای خانم ایرانی چند مدال از جمله طلا گرفته اند، از خوشحالی اشک به چشمام اومد!', '2010-11-17 11:35:01', ''),
(78, 105000312902523, 129, 'روزهای کوتاه و سرد را به امید روزهای بلند و گرم طی می کنم', '2010-11-07 20:09:24', ''),
(79, 127145834007910, 129, 'بعد از چندین سال دوباره شب امتحان و شب زنده داری', '2010-10-26 01:05:07', ''),
(80, 109768555754426, 129, 'is recovered!', '2010-10-11 22:30:04', ''),
(81, 140773302635648, 129, 'is not in her good mood!', '2010-10-10 21:51:59', ''),
(82, 155431851136408, 129, 'دلم آشوبه', '2010-08-31 23:55:41', ''),
(83, 152057508154320, 129, 'I caught a fish today in the third try of the first fishing experience! :)', '2010-08-29 00:06:11', ''),
(84, 117368591646105, 129, 'The first security challenge I have experienced: Someone has deleted all my source codes and files related to a project. I''m pessimistic about it! I hope I can recover them from the back ups.', '2010-08-01 21:39:51', ''),
(85, 115556495160633, 129, 'I''m tired of this amount of pain! Leave me please.', '2010-07-25 12:12:47', ''),
(86, 108049102576360, 129, 'اینجا داره سیل از آسمون می یاد! اوه چه رعد و برقی', '2010-06-12 20:47:42', ''),
(87, 108029575910937, 129, 'دلم برای خوابگاه امیرکبیر و آدماش تنگ شده', '2010-06-12 20:40:33', ''),
(88, 125841244116106, 129, 'خسته و یه عالمه کار', '2010-06-08 18:33:11', ''),
(89, 121443381210404, 129, 'I wanna by a new laptop, any ideas?', '2010-05-15 11:37:03', ''),
(90, 126126667401797, 129, 'Again lots of papers to study! :)', '2010-05-10 18:51:11', ''),
(91, 119673378054596, 129, 'finished one academic year :)', '2010-05-07 10:13:42', ''),
(92, 118405014843970, 129, 'وقتی هوای دیگری دارم دور از ذهن ها', '2010-04-27 01:01:31', ''),
(93, 324407293647, 129, 'من امروز زن عمو شدم', '2010-02-24 17:52:23', ''),
(94, 329658139185, 129, 'Awarded for the top graduate student poster in InWIC :)', '2010-02-07 13:47:10', ''),
(95, 226116770737, 129, 'آیا در این زمان غلبه احساسات بر منطق امکان پذیر است؟ امیدوارم خشمگین هوشیار باشیم', '2009-12-27 13:07:24', ''),
(96, 538751272812132, 438, 'status test', '2013-03-05 12:39:01', ''),
(97, 532511593436100, 438, 'Why is snow always right after rain here?', '2013-02-19 11:49:04', 'Bloomington, Indiana'),
(98, 520410084646251, 438, 'Get back to Facebook for academic purpose. lol', '2013-01-31 10:22:47', ''),
(99, 309073734353, 438, '自作孽不可活..', '2010-02-16 04:54:16', ''),
(100, 273941244269, 438, '很纠结～～～', '2010-01-28 20:04:24', '');

-- --------------------------------------------------------

--
-- Table structure for table `user_status_comments`
--

CREATE TABLE IF NOT EXISTS `user_status_comments` (
  `comment_id` int(9) unsigned NOT NULL AUTO_INCREMENT,
  `comment_fb_id` int(9) unsigned NOT NULL,
  `user_id` int(9) unsigned NOT NULL,
  `status_id` int(9) unsigned NOT NULL,
  `created_time` datetime NOT NULL,
  `content` text NOT NULL,
  `like_count` int(9) unsigned NOT NULL,
  `user_likes` tinyint(1) NOT NULL,
  PRIMARY KEY (`comment_id`),
  KEY `user_id` (`user_id`,`status_id`),
  KEY `status_id` (`status_id`)
) ENGINE=InnoDB  DEFAULT CHARSET=utf8 AUTO_INCREMENT=419 ;

--
-- Dumping data for table `user_status_comments`
--

INSERT INTO `user_status_comments` (`comment_id`, `comment_fb_id`, `user_id`, `status_id`, `created_time`, `content`, `like_count`, `user_likes`) VALUES
(5, 26623452, 285, 6, '2013-02-04 12:04:16', 'dar in had yany? naaaaaaaaaaa ;(', 1, 0),
(6, 26623456, 286, 6, '2013-02-04 12:04:43', 'ghahti......', 0, 0),
(7, 26623580, 216, 6, '2013-02-04 12:18:55', 'Wow', 0, 0),
(8, 26623593, 286, 6, '2013-02-04 12:20:44', 'https://gozareshgar.manoto1.com/Report/h4tgbh/UGS5359', 0, 0),
(9, 26623841, 129, 6, '2013-02-04 12:47:32', 'ajab...', 0, 0),
(10, 26624672, 237, 6, '2013-02-04 14:04:56', 'vay. man ke daram degh mikoam', 0, 0),
(11, 26625414, 287, 6, '2013-02-04 15:07:20', 'mage misheee!!barge hast.........:)', 0, 0),
(12, 26625513, 287, 6, '2013-02-04 15:15:42', 'albate shodanesho ke misheeee!!!', 0, 0),
(13, 26626352, 222, 6, '2013-02-04 16:22:43', 'Naaaaaaaaa', 0, 0),
(14, 26631306, 205, 6, '2013-02-05 02:31:41', '((((((((((: ine dige', 0, 0),
(15, 26632085, 143, 6, '2013-02-05 05:23:19', 'Shirin Nili man ke kheili vaghte Farhad ro nadidam. Ama bepors azash ye khavar kaghaze A4 paperone kafishe? ya chon tezesh tolanie bishtar mikhad? Emrooz raftam ye ja in muzoei ke shoma gofti ro goftam, on azam porsid cheghadr mikham, dasht ye khavar bar mikard baram ;)', 3, 1),
(16, 26633663, 129, 6, '2013-02-05 09:24:59', 'Mohammad Mortazavi: azash miporsam! :))', 0, 0),
(17, 26635359, 288, 6, '2013-02-05 12:17:13', 'Shiran jan Eid miay Iran? ba ham barash A4 peyda mikonim. aslan narahat nabash bashe ;)', 1, 1),
(18, 26644570, 289, 6, '2013-02-06 04:25:56', 'چقدر برگه A4 نیاز دارید کی گفته پیدا نمیشه بگید من سراغ دارم', 1, 1),
(19, 26655109, 129, 6, '2013-02-06 23:57:40', 'khoda ro shokr mesle inke mahale ma kamyab shode boode! kolan az hame ja baramoon daran barge mifrestan! haha... daste shoma ham az etela resani dard nakone :)', 0, 0),
(20, 26583102, 145, 7, '2013-02-01 00:39:46', 'Feels like 10C! Come back ;-)', 2, 1),
(21, 26585481, 222, 7, '2013-02-01 08:13:27', 'Take lots of care dear', 0, 0),
(22, 26314117, 216, 8, '2013-01-10 17:28:29', 'ey baba delet vase man tang shod bia inja, aslan alan pasho bia inja ye chayi ba ham bezanim :D', 2, 1),
(23, 26314143, 270, 8, '2013-01-10 17:30:26', 'اپیدمی شده! هر کی در خارجه همین رو میگه! ببینید تو غذاهاتون چیزی نریختن؟ :دی', 1, 1),
(24, 26314175, 297, 8, '2013-01-10 17:32:29', 'manam:( ehtemalan ye rabti be abo hava dare:p', 3, 1),
(25, 26314221, 216, 8, '2013-01-10 17:36:46', 'Parichehr Razmand: To ham biam pisham :D', 1, 0),
(26, 26314233, 297, 8, '2013-01-10 17:38:17', 'Leila Irani: jigare toooo>:D< man 20 min dge taze bayad beram sare kelas:(((((', 1, 0),
(27, 26314284, 210, 8, '2013-01-10 17:41:59', 'Leila Irani: منم بیام پس:))))))) هیهی', 1, 0),
(28, 26314309, 216, 8, '2013-01-10 17:44:20', 'Pasho bia daram chayi dorost mikonam, har ki nayad :D', 1, 0),
(29, 26314326, 210, 8, '2013-01-10 17:45:47', 'Shirin Nili:عزیزمممم...فکر کنم فامیل و دوستانت هم همین حس رو دارن نسبت به تو...معمولا دلها بهم راه داره...بیا یه برنامه بذاریم که مثل حال و هوای ایران باشه :)) بعد تو دلت کمتر تنگ شه! راستی مسجت رو هم چک کن ها!!!!', 2, 0),
(30, 26314345, 216, 8, '2013-01-10 17:46:54', 'Pegah Fakhari, Shirin Nili : Az khoda ye chize dige mikhastin :D', 2, 1),
(31, 26314356, 129, 8, '2013-01-10 17:48:19', 'Pegah Fakhari va Leila Irani tavajoh darim man har posti inja mizaram, shoma ha miyaeen daghoonesh mikonin? haha kheili bahalin. Mersi azizan vali man sakht masghoole dars o mashgham. inja ham gir kardam machin nayovordam. majid miyad donbalam saate 8. mokhlese shoma ham hastam ke shadam kardid. :*', 1, 0),
(32, 26314377, 216, 8, '2013-01-10 17:49:19', 'Pegah Fakhari: mibini khahar hala ma kharabkar ham shodim ;)', 2, 1),
(33, 26314411, 210, 8, '2013-01-10 17:52:18', 'Shirin Nili: من می تونم حدود 7 مثلا بیام دنبالت اگر بخوای که ببرمت خونه\nدوم اینکه! ما کلا تو کار دیوار نویسی هستیم!! :))))', 2, 1),
(34, 26314424, 210, 8, '2013-01-10 17:53:21', 'Leila Irani: :)) هیهی!', 2, 1),
(35, 26314437, 216, 8, '2013-01-10 17:54:14', ':)))', 0, 0),
(36, 26314440, 129, 8, '2013-01-10 17:54:34', 'leila tazegi ha har chi az khoda mikham to baravarde mikoni! didi Ash mikhastam ye dafe zang zadi gofti Ash dorost kardam ;)', 2, 0),
(37, 26314459, 210, 8, '2013-01-10 17:55:30', 'خدا خطاب به لیلا: برو اون ور بینیم بابا! بازار منو کساد کردی!! :))', 2, 1),
(38, 26314509, 216, 8, '2013-01-10 18:00:54', 'Haha', 0, 0),
(39, 26316014, 222, 8, '2013-01-10 20:36:50', 'قربون دل تنگت', 1, 1),
(40, 26318137, 226, 8, '2013-01-10 23:51:38', 'Me too, fek konam nostalgic ke migan hamin hesso hale.', 1, 1),
(41, 26318993, 290, 8, '2013-01-11 01:46:57', 'خب پاشو بیا دیگه', 1, 1),
(42, 26320076, 132, 8, '2013-01-11 05:57:25', 'عزززززززززززززیزم!دل همه برات تنگ شده...مامان میگن خودتو با درس و زندگیت مشغول کن فرصت برای دیدار بسیار است!مادر هم میگن اینجا خبر خاصی نیس فعلا به کارات برس....دوستت داریم!بوووووووووووس', 3, 1),
(43, 26320253, 156, 8, '2013-01-11 06:32:20', 'شیرین جونم اینجا به قول خواهرت هیچ خبری نیست جز اینکه گروووونی باداد می کنه (همون بی داد قدیم) ... به وقتش میای  بذار بهار بشه هوا خوب بشه.  الان بیای خفه میشی خواهر  ... هوا بس ناجوانمردانه آلودست', 1, 1),
(44, 26322078, 298, 8, '2013-01-11 10:38:04', 'از بس فامیل ودوستان خوبی مثل ما دارید', 1, 1),
(45, 26324102, 237, 8, '2013-01-11 13:24:56', 'azizami. manam delam tang shode. vaght kardi bia skype ba ham harf bezanim.', 1, 1),
(46, 26332150, 294, 8, '2013-01-12 04:09:37', 'mitonam dark konam ehsasetra.vali door hastid va pishe hame aziz.', 1, 1),
(47, 25940680, 216, 9, '2012-12-11 21:54:38', ':(', 1, 1),
(48, 25941048, 222, 9, '2012-12-11 22:26:49', 'Bayad bargasht.ye vaghtayi jangidan fayde nadare. Manam to fekre bargashtanam.', 1, 1),
(49, 25941231, 232, 9, '2012-12-11 22:44:00', 'Delam gereft :(((', 1, 1),
(50, 25942015, 201, 9, '2012-12-12 00:03:39', 'what a pity :(', 1, 1),
(51, 25943549, 237, 9, '2012-12-12 03:54:30', 'چیزی که گفتی خیلی ملموس و تلخه. حتی نگاهشون هم آدم را اذیت می کنه. چه برسه به رفتارشون.. امیدوارم یه روزی هویت از دست رفته مون را دوباره بدست بیاریم', 2, 1),
(52, 25945776, 129, 9, '2012-12-12 09:49:30', 'mamnoon doostan az deldarihatoon. :*', 0, 0),
(53, 25948747, 229, 9, '2012-12-12 14:00:27', 'Nooo :((((  Ugly world settings !', 0, 0),
(54, 25955038, 199, 9, '2012-12-12 22:31:11', 'دوباره تلاش می‌کنی و به کنفرانس‌های بعدی می‌رسی :) دنیا بالا و پایین زیاد داره.', 1, 1),
(55, 25958531, 141, 9, '2012-12-13 08:00:05', 'واقعأخیلی ناراحت شدم ولی مطمئنأاونهاوجود مثل تویی راازدست دادند ونه تو.نه به خاطرچیزهای ازدست رفتنمون به خاطرسیاست بلکه به خاطرملیتمون بازهم بایدافتخارکرد.هویت ماوجودماست نه تأییداونها.', 1, 1),
(56, 25961851, 200, 9, '2012-12-13 13:18:52', 'شيرين جون عزيزم ما خيلي منتظرت بوديم متأسف  شدم اما تو خيلي مستحكم ومصمم هستي به داشتن تو افتخار ميكنم ', 1, 1),
(57, 25690259, 129, 10, '2012-11-21 21:35:09', 'I still cannot believe it. Thanks for everyone who votes for my beloved uncle and aunt.', 3, 0),
(58, 25690281, 222, 10, '2012-11-21 21:37:07', 'wow..congrats', 0, 0),
(59, 25691059, 201, 10, '2012-11-21 22:49:21', 'she won?!!!! woooow congrats', 0, 0),
(60, 25693009, 237, 10, '2012-11-22 03:27:12', 'congrats to all of u and ur uncle and ur aunt', 0, 0),
(61, 25693880, 232, 10, '2012-11-22 05:54:09', 'Good news Shirin jan, congratulations! :)', 0, 0),
(62, 25694123, 292, 10, '2012-11-22 06:34:13', 'congrats shirin jaan', 0, 0),
(63, 25700180, 245, 10, '2012-11-22 15:17:02', 'Greate ,congrats shirin jan', 0, 0),
(64, 24813821, 158, 11, '2012-09-15 22:55:54', 'Congratulations!', 1, 1),
(65, 24813900, 129, 11, '2012-09-15 23:04:31', 'And don''t forget in the first attempt. ;)', 0, 0),
(66, 24815674, 194, 11, '2012-09-16 04:06:50', 'big cong!!!', 1, 1),
(67, 24818830, 211, 11, '2012-09-16 12:00:27', 'Big hug :***', 1, 1),
(68, 24819250, 237, 11, '2012-09-16 12:45:02', 'cong my dear friend', 1, 1),
(69, 24823866, 199, 11, '2012-09-16 20:24:22', 'Congrats!', 1, 1),
(70, 24824114, 203, 11, '2012-09-16 20:46:56', 'Congratulations!', 1, 1),
(71, 24839680, 235, 11, '2012-09-18 05:29:53', 'Congrad azizakam', 1, 1),
(72, 24853408, 216, 11, '2012-09-19 10:09:56', 'Hoorayyyyyyy :)', 1, 1),
(73, 24897267, 138, 11, '2012-09-23 01:01:17', 'دست حق به همراهت موفق باشي', 1, 1),
(74, 24911052, 137, 11, '2012-09-24 07:58:18', 'Congradultions, u r doing a great job :) keep up the good work. Women are outweighting men anywhere in the world. Future is yours and that is good for this turbulant world.', 1, 1),
(75, 24603201, 222, 12, '2012-08-29 21:59:20', 'its a controversial discussion...not possible over FB! :D', 0, 0),
(76, 24608025, 219, 12, '2012-08-30 08:37:35', 'It reminds me of StatusNet after Twitter boomed. It was open source from the beginning and had more features than what Twitter had at that time. they changed their business model and targeted more toward enterprise but It never got as big of a name as twitter.', 0, 0),
(77, 24608027, 219, 12, '2012-08-30 08:37:39', 'http://status.net/', 0, 0),
(78, 24419815, 141, 13, '2012-08-14 15:56:26', 'Me too.but about you what is this something?', 1, 1),
(79, 24422101, 222, 13, '2012-08-14 19:38:07', 'wow..good news', 1, 1),
(80, 24179916, 226, 14, '2012-07-25 04:06:04', 'kodum kar?', 0, 0),
(81, 23983232, 137, 15, '2012-07-08 15:34:53', 'Run 2 d basement & hug your PC!', 2, 1),
(82, 23984536, 129, 15, '2012-07-08 18:15:45', 'PC?!', 0, 0),
(83, 23986060, 145, 15, '2012-07-08 21:59:36', 'personal computer!', 1, 1),
(84, 23986623, 129, 15, '2012-07-08 23:02:59', 'I know Leila Nilipour! ;) but why should I hug my PC? kidding! ;)', 0, 0),
(85, 23621361, 199, 17, '2012-06-09 00:25:40', 'Shirin, Did you finish your paper?', 0, 0),
(86, 23621821, 129, 17, '2012-06-09 01:11:50', 'somehow! ;)', 0, 0),
(87, 23623482, 232, 17, '2012-06-09 06:34:25', 'me too, these day are damn stressful :|', 1, 1),
(88, 23653746, 129, 17, '2012-06-11 16:47:02', 'Parinaz Mohsenpour: ishala ke zood tamoom beshe.', 0, 0),
(89, 23653760, 129, 17, '2012-06-11 16:47:51', 'Nazanin Roshandel Tavana chemidoonam, az daste in ostada o deadlina! miss you :*', 0, 0),
(90, 23454245, 129, 18, '2012-05-26 22:35:15', 'conclusion: A small change in the algorithm can make a huge change in the coding!', 0, 0),
(91, 23454392, 137, 18, '2012-05-26 22:56:54', 'Somebody has to work! All can''t party :)', 1, 1),
(92, 23464687, 222, 18, '2012-05-27 21:49:01', 'khasteh nabashi Shirin Goli', 1, 1),
(93, 23402379, 222, 19, '2012-05-23 01:19:25', 'Jashoon khali nabashe...ishalla baz ham mian pishetoon', 0, 0),
(94, 23405014, 221, 19, '2012-05-23 08:13:13', 'akhey, jashoon khaly nabashe.', 0, 0),
(95, 22573612, 228, 20, '2012-03-23 19:02:05', 'Are you coming Homayoun Taba?! I remember that night clearly! It was the first time that some of relatives visited us, thank you again Homayoun', 1, 1),
(96, 22574686, 137, 20, '2012-03-23 20:27:40', 'Hard to forget, I hope to visit you guys anytime we can. Keep up the good work and be careful with the falling trees.  Still in Colombia, 2maro heading back home. Take care and happy Nowruz.', 1, 1),
(97, 22516040, 129, 21, '2012-03-20 00:50:01', 'کاش فردا تعطیل بود!', 1, 0),
(98, 22516617, 199, 21, '2012-03-20 02:03:16', 'سال نو مبارک شیرین جون :*', 0, 0),
(99, 22516791, 302, 21, '2012-03-20 02:37:51', 'سال نو شما هم مبارک', 1, 1),
(100, 22517164, 232, 21, '2012-03-20 03:57:49', 'Shirin goli sale no''t  mobarak azizam\n', 1, 1),
(101, 22517950, 201, 21, '2012-03-20 06:15:21', 'I wish you the best in new year my dear', 1, 1),
(102, 22518042, 245, 21, '2012-03-20 06:33:05', 'سال نو مبارک شیرین جان. سال خوبی داشته باشی.', 1, 1),
(103, 22521371, 288, 21, '2012-03-20 11:49:35', 'sale no mobarak shirin jan, enshalla ke shad bashid.', 0, 0),
(104, 22523297, 240, 21, '2012-03-20 14:06:58', 'سال نو شما هم مبارک , امیدوارم سال خیلی خیلی خوبی داشته باشی .', 0, 0),
(105, 22523373, 251, 21, '2012-03-20 14:11:52', 'sale no shoma ham mobarak shirin joon , omidvaram por az salamati o shadi bashe barat :*', 0, 0),
(106, 22524079, 300, 21, '2012-03-20 14:51:24', 'sale no (noroze0 shoma ham khob va khosh bashed ///salie por bar va ba salamatie dashte bashied ///////', 0, 0),
(107, 22527305, 258, 21, '2012-03-20 18:15:45', 'شیرین جان عید تو هم مبارک :* ایشاالله هرروز موفق تر و شادتر باشی', 0, 0),
(108, 22530323, 222, 21, '2012-03-20 21:44:34', 'Happy New year dear...', 0, 0),
(109, 22579810, 224, 21, '2012-03-24 07:01:38', 'shirine azizam sale no to ham mobarak golam.behtarin ha ro barat arezoo daram', 0, 0),
(110, 21985772, 222, 22, '2012-02-13 21:18:19', 'khasteh nabashi va movafagh bashi Shirin jan....in rooz ha ham saranjam tamoom mishan...', 0, 0),
(111, 21601704, 226, 23, '2012-01-21 01:02:52', 'Shirin jan unja bil mizani ya phd mikhuni?Albateh just kidding, man az to badtaram. ', 1, 1),
(112, 21603918, 222, 23, '2012-01-21 06:57:18', 'azizam..khasteh nabashi...tamoom shod assignment?submit kardi?', 0, 0),
(113, 21607642, 129, 23, '2012-01-21 12:20:27', 'haha! Are Elnaz Ha jan, daram bil mizanam inja! khoda ghovat! ;)', 1, 0),
(114, 21607648, 129, 23, '2012-01-21 12:20:59', 'Mersi Narges Mohamadi, are dadam, hala bebinam chi javab midan!', 0, 0),
(115, 21417931, 222, 24, '2012-01-10 22:26:15', 'take a hot shower...and a herbal tea...and REST please dear', 1, 1),
(116, 21418048, 199, 24, '2012-01-10 22:33:08', 'Advil! It helps.', 1, 1),
(117, 21433589, 129, 24, '2012-01-11 19:08:21', 'Thanks Narges and Azade!', 1, 0),
(118, 21156005, 222, 26, '2011-12-26 22:02:51', ':(', 0, 0),
(119, 21054182, 235, 27, '2011-12-20 22:51:56', 'niceee,, mage tatil nist madreseie shoma to in holiday????', 1, 1),
(120, 21054465, 129, 27, '2011-12-20 23:19:43', 'haha! while everyone is enjoying holidays, It''s been three years in row that I have no christmas vacation!', 0, 0),
(121, 21060560, 235, 27, '2011-12-21 10:37:25', 'azizam,,, Ishala next yr... but u hv good news to come, then no worries,,, our school is closed from Dec21 to Jan4th', 1, 1),
(122, 20952157, 222, 28, '2011-12-15 00:18:32', 'sleep well...wake up fresh and happy', 1, 1),
(123, 20803447, 206, 30, '2011-12-07 02:51:11', 'noosh your jaaaaan miss you;;;;', 0, 0),
(124, 20806791, 129, 30, '2011-12-07 08:55:41', 'Battina khanoom kheili be yadetoon va oon shab khuneye shoma hastam! Yeki az ghashangtarin party haee bood ke raftam. delam tang shode! :*', 0, 0),
(125, 20384676, 226, 31, '2011-11-14 18:53:45', 'wow, impressive, it seems that you are famous more than you were expecting, I am so Proud of you Shirin but I suggest you to reject it, it probably just a crap!! :))', 0, 0),
(126, 20385025, 129, 31, '2011-11-14 19:16:36', 'I already did Elnaz jan! I have nothing to say about the paper because It''s an Electronic conference!', 1, 0),
(127, 19867660, 234, 33, '2011-10-17 12:36:18', 'mobarake :)', 1, 1),
(128, 19867872, 237, 33, '2011-10-17 12:51:20', 'تبریک میگم خانم دکتر', 1, 1),
(129, 19868537, 213, 33, '2011-10-17 13:25:15', 'that''s right!', 1, 1),
(130, 19871280, 251, 33, '2011-10-17 16:02:45', 'be salamati , mobarake , be omide Done shodane baghiash', 1, 1),
(131, 19872263, 129, 33, '2011-10-17 17:05:10', 'Actually it wasn''t my first but it was my first abroad conference presentation!', 1, 0),
(132, 19875547, 222, 33, '2011-10-17 20:54:11', 'Mobarake khanoom dr', 1, 1),
(133, 19880707, 156, 33, '2011-10-18 03:35:23', 'دفاع هم بکنی ایشالله', 1, 1),
(134, 19886794, 129, 33, '2011-10-18 11:43:55', 'Ishala Zizi joon! Vali hala hala moonde!', 0, 0),
(135, 19557465, 142, 34, '2011-09-29 13:06:03', 'Shirin jon khoda beyamorzateshan. Inshalah gham akharet bashey. Salam bereson.', 1, 1),
(136, 19558133, 293, 34, '2011-09-29 13:43:47', ':(', 1, 1),
(137, 19558314, 305, 34, '2011-09-29 13:54:04', 'shirin jun tasliyat migam ghame akharet bashe', 1, 1),
(138, 19560923, 237, 34, '2011-09-29 16:09:51', 'azizam shad bash ke motmaenan be shadi raftand.kheili sakhte vali be ghole shaer: In niz bogzarad...', 1, 1),
(139, 19562947, 221, 34, '2011-09-29 18:09:42', 'khoda behet sabr bede. be in fekr kon ke omre por barekaty dashtand va be seny boodand ke nave hashon ra bozorg shodaneshon va ezdevajeshoon va moafaghiatashoon ra didand va raftand... in rahie ke hame mirim. Shad bash ta roohe marhoom ham shad bashe:)', 1, 1),
(140, 19581709, 284, 34, '2011-09-30 19:39:42', 'Tasliyat migam ...  roohesh shad, arezooye shadi o salamati baraye shoma va khanevadatoon daram', 1, 1),
(141, 19274565, 129, 35, '2011-09-14 21:13:50', 'I don''t listen to my mom!', 0, 0),
(142, 19276107, 222, 35, '2011-09-14 22:31:33', 'khasteh nabashi Shirin jan', 1, 1),
(143, 19303809, 156, 35, '2011-09-16 07:42:44', 'شما اونجا 12 ساعت کارتون یعنی کار... اینجا 12 ساعت کار یعنی علافی و انتظار  . درست می گم؟', 1, 1),
(144, 19100952, 187, 36, '2011-09-06 10:47:46', 'welcome back khanoomi. how was that?', 1, 1),
(145, 19107364, 251, 36, '2011-09-06 16:17:32', 'nice , be lucky dear', 1, 1),
(146, 19141118, 209, 37, '2011-09-08 07:16:00', 'shirin joonam khosh umadi', 1, 1),
(147, 19142479, 129, 37, '2011-09-08 09:03:48', 'Delam kheili barat tang shode Mahsa jan :*', 0, 0),
(148, 19142850, 209, 37, '2011-09-08 09:31:29', 'ye barnameh bezarim dobare dore ham jam shim shirin joon ta darsa sangin nashode', 1, 1),
(149, 18759872, 292, 38, '2011-08-20 16:25:11', ':(', 0, 0),
(150, 18759883, 292, 38, '2011-08-20 16:26:10', 'tasliat miagm shirin jan:(:(:(', 0, 0),
(151, 18759898, 232, 38, '2011-08-20 16:27:30', 'chi shode shirinnnnnnn???????', 0, 0),
(152, 18759909, 143, 38, '2011-08-20 16:28:02', 'Tasli@ migam', 0, 0),
(153, 18760291, 272, 38, '2011-08-20 16:56:55', 'Shirin joon tasliyat migam, khoda rahmateshoon kone', 1, 1),
(154, 18760315, 232, 38, '2011-08-20 16:58:55', 'taslit migam shirin jan .... :((((((', 1, 1),
(155, 18760525, 237, 38, '2011-08-20 17:10:21', 'shirinam tasliyat migam.khoshhalam ke ghable raftane pedarbozorg umadi iran va didish vaela tahamolesh kheili sakhtar bud.omidvaram hamishe khabaraye shad beshnavi.', 1, 1),
(156, 18760827, 302, 38, '2011-08-20 17:32:33', 'تسلیت عرض می کنم، غم آخر تون باشه.', 1, 1),
(157, 18762923, 234, 38, '2011-08-20 20:12:10', 'tasliat migam azizam :(', 1, 1),
(158, 18764609, 182, 38, '2011-08-20 22:04:59', 'تسلیت می گم. در سایه رحمت حق در آرامش هستند.', 1, 1),
(159, 18765755, 306, 38, '2011-08-20 23:35:03', 'شيرين جان تسليت.انشاءا... روحشان قرين رحمت', 1, 1),
(160, 18766329, 308, 38, '2011-08-21 00:26:00', 'خدا رحمتشون كنه- روحشون شاد', 1, 1),
(161, 18766434, 156, 38, '2011-08-21 00:35:22', 'تسلیت می گم شیرین جون', 1, 1),
(162, 18766800, 279, 38, '2011-08-21 01:10:54', 'تسلیت می‌گم خانم دکتر، روحشون شاد', 1, 1),
(163, 18766888, 248, 38, '2011-08-21 01:22:27', 'تسليت مي گم شيرين جان ان شا الله بقاي عمر شما باشه', 1, 1),
(164, 18766985, 309, 38, '2011-08-21 01:35:06', 'shirin jon tasliyat migam ghame akhareton bashe', 0, 0),
(165, 18767680, 310, 38, '2011-08-21 03:12:15', 'shirin khanom tasliyat ma ra ham bepazirid roheshooon shad', 1, 1),
(166, 18769421, 205, 38, '2011-08-21 06:51:33', 'تسلیت می گم شیرین جون، روحشون شاد', 0, 0),
(167, 18769660, 293, 38, '2011-08-21 07:18:31', ':( tasliat migam doostam .. roheshoon shad bashe ..', 1, 1),
(168, 18776600, 311, 38, '2011-08-21 16:00:51', 'تسلیت میگم عزیزم.خدا رحمتشون کنه.', 0, 0),
(169, 18793214, 223, 38, '2011-08-22 12:27:34', 'Tasliat migam. Roheshon shad.', 1, 1),
(170, 19688675, 129, 38, '2011-10-06 22:19:57', 'Az hamdardiye hame mamnonam! bebakhshid ke zoodtar va tak tak tashakor nakardam. man roozaye akhare safaram be iran in etefagh oftad va nemidunam chetor oon rooz ha gozasht! \nNemidoonam chetori az hame tashakor konam! kheili mamnoonam! hamishe shad bashid!', 0, 0),
(171, 19690124, 165, 38, '2011-10-06 23:46:50', 'Shirin joon man taze didam statuseto moteasefam ruheshun shad.', 1, 1),
(172, 18653298, 205, 39, '2011-08-15 16:08:40', 'manam mikhastam bebinamet, heyf hardo gereftarim!', 1, 1),
(173, 18654146, 234, 39, '2011-08-15 16:48:28', 'nagahan cheghadr zood dir mishavad?!', 1, 1),
(174, 18658162, 222, 39, '2011-08-15 20:50:36', ':(', 1, 1),
(175, 18658831, 216, 39, '2011-08-15 21:28:55', 'clear shodi? dari barmigardi?', 1, 1),
(176, 18659409, 136, 39, '2011-08-15 21:59:38', 'Teflak shirin joooon.      Aman az daste in ostadhaye ', 1, 1),
(177, 18659421, 136, 39, '2011-08-15 22:00:23', 'Amrikaei ke kare to ra doost darand       ', 1, 1),
(178, 18659450, 136, 39, '2011-08-15 22:02:21', 'Fekr konam havapeimaye man va to az roye ham begzarad. Ghesmat nashod ham ra bebinim', 1, 1),
(179, 18664687, 156, 39, '2011-08-16 06:02:07', 'عب نداره شیرین جون ... غصه نخور دوباره میای زود زود ...', 1, 1),
(180, 18665480, 307, 39, '2011-08-16 07:25:48', 'i hope come back again and soon ....i m so sorry i didnt meet u...kisssss', 1, 1),
(181, 18685073, 129, 39, '2011-08-17 02:49:07', '@Soha jan: manam kheili delem mikhast bebinamet. hala say mikonam aghalan yek tel behet bezanam! be khoda kheili saram sholooghe ;)', 0, 0),
(182, 18685083, 129, 39, '2011-08-17 02:50:11', '@Shahi: Are khale jan, kheili heyf shod ke shoma ro nadidam. jatoon kheili khali bood. vali kolan ziyad ham kasi ro nadidam!!! hala az too havapeyma bara ham dast tekoon midim ;)', 0, 0),
(183, 18685094, 129, 39, '2011-08-17 02:51:13', '@Mahnaz jan: midoonam ke shoma dige kheili saretoon sholooghe. ishala ke hame karatoon be khubi o salamati anjam beshe va Gelare jan khoshbakht bashan. kheili behetoon tabrik migam.', 1, 0),
(184, 18687099, 307, 39, '2011-08-17 06:56:14', 'mersi azizam nemidonam ta key injaeein forsat konam miyam mibinemeton', 1, 1),
(185, 17570792, 227, 40, '2011-06-21 23:56:28', 'good luck :(', 0, 0),
(186, 17571751, 199, 40, '2011-06-22 00:59:44', 'for what?', 0, 0),
(187, 17524278, 199, 41, '2011-06-19 18:12:30', 'Are you in the library?', 0, 0),
(188, 17524479, 129, 41, '2011-06-19 18:23:47', 'yes', 0, 0),
(189, 17526854, 129, 41, '2011-06-19 21:01:17', 'where are you dear Azade?', 0, 0),
(190, 17527076, 199, 41, '2011-06-19 21:16:17', 'Starbucks!', 0, 0),
(191, 17529022, 129, 41, '2011-06-19 23:27:38', 'Rafti pishe oon Azadeh dige ;)', 0, 0),
(192, 17533843, 313, 41, '2011-06-20 07:54:45', 'merci az lotfet azizam', 0, 0),
(193, 17555555, 251, 41, '2011-06-21 09:29:16', 'soooooo', 0, 0),
(194, 17191005, 272, 42, '2011-06-03 01:57:21', 'That is my question as well!!!!! :-\\', 0, 0),
(195, 17153315, 129, 43, '2011-06-01 10:11:49', 'تحمل هم آخه حدی داری!', 0, 0),
(196, 17155770, 229, 43, '2011-06-01 12:34:05', 'Mardom azar in che statusie akhe!!', 1, 1),
(197, 17155812, 129, 43, '2011-06-01 12:35:58', 'mardom azaran be khoda! bebin mardom ro be che hali mindazan ke in status ro minevisan!', 0, 0),
(198, 17155921, 156, 43, '2011-06-01 12:41:56', 'کی آزارش به شیرین جونم  رسیده ؟؟ کییییی؟ کیه؟  بزنم لت و پارش کنم', 0, 0),
(199, 17156208, 229, 43, '2011-06-01 12:56:40', 'Khodesh dare khodesho azar mide Tina! Kesi azyatesh nakarde.', 0, 0),
(200, 17156839, 156, 43, '2011-06-01 13:28:27', 'اوا ... شیرین من از اینکارا  نمی کرده و نمی کنه', 0, 0),
(201, 17157001, 229, 43, '2011-06-01 13:36:09', 'Ghol mide dige nakone :>', 0, 0),
(202, 17157805, 156, 43, '2011-06-01 14:26:26', 'شیرین ! این کدو  چی میگه؟ :(', 0, 0),
(203, 17158009, 229, 43, '2011-06-01 14:41:20', 'ba gharibe ha moadab bash Tina jan, bande kadooye khali hastam na "in kadoo"! ;)', 0, 0),
(204, 17159415, 129, 43, '2011-06-01 16:00:17', 'Zizi jan, halam behtare alan. chize khasi nist azizam.', 0, 0),
(205, 17168352, 222, 43, '2011-06-02 00:11:45', ':( Shirin jan hale hameye ma bad ast...ghabele tasavor nist ettefaghati ke mioftan...hatta tasavoresh ham momken nist', 1, 1),
(206, 17179194, 314, 43, '2011-06-02 14:38:06', 'heyyyyyyyyy', 0, 0),
(207, 17179851, 129, 43, '2011-06-02 15:11:37', 'hi Haleh! ;)', 0, 0),
(208, 17188625, 156, 43, '2011-06-02 23:23:56', 'خدا رو شکر که خوبی شیرین جونم . خانوم  کدوی خالی  عذر می خوام  جسارت شد :دی', 0, 0),
(209, 17212144, 229, 43, '2011-06-04 07:38:23', 'ekhtiar darin tina khanoom. ^_^', 0, 0),
(210, 17020603, 216, 45, '2011-05-25 19:31:46', 'Alan ye abaraye siahi to asemoone ke bavaret nemishe', 0, 0),
(211, 17020674, 188, 45, '2011-05-25 19:35:53', 'I feel like the Informatics basement is the best place to be though. I''m contemplating grabbing my husband, our cat, and an air matress and spending the night in the info basement. ;)', 1, 1),
(212, 17021551, 222, 45, '2011-05-25 20:26:41', 'Shirin jan movazebe khodetoon bashid azizam', 0, 0),
(213, 17021983, 137, 45, '2011-05-25 20:53:45', 'Be careful out there.', 0, 0),
(214, 17022011, 137, 45, '2011-05-25 20:56:12', 'I am not afraid of these baby tornados! Here everything is exagerated to scare people for nothing!', 2, 1),
(215, 17003205, 293, 46, '2011-05-25 00:41:07', 'چرا عزیزم؟ مواظب خودت باش :*', 0, 0),
(216, 17003936, 222, 46, '2011-05-25 01:24:21', 'Rest please', 0, 0),
(217, 17011055, 235, 46, '2011-05-25 11:53:19', 'az bas ke mishini posht e miz n dars mikhoni azizammmm', 0, 0),
(218, 16609240, 196, 47, '2011-05-06 01:10:07', 'and 98% ROC curve : )', 2, 1),
(219, 16609419, 219, 47, '2011-05-06 01:27:10', 'به زبان زیردیپلم بخواهید بگید چی میشه؟', 0, 0),
(220, 16609470, 196, 47, '2011-05-06 01:32:37', 'saeed mishe khafan tar az in nemishe : ))', 2, 1),
(221, 16609500, 219, 47, '2011-05-06 01:35:07', 'آها...خودم می‌دونستم :D', 1, 1),
(222, 16609512, 199, 47, '2011-05-06 01:36:03', 'یعنی الان دکتر شدین دوتاتون؟ ;)', 0, 0),
(223, 16609664, 196, 47, '2011-05-06 01:50:45', 'shirin are man vali hanooz daram tamrin minevisam : )))', 1, 0),
(224, 16618228, 211, 47, '2011-05-06 12:56:55', 'vay tabrik migam khanum doktor', 0, 0),
(225, 16618237, 211, 47, '2011-05-06 12:57:13', 'didi goftam dorost mishe', 0, 0),
(226, 16633570, 216, 47, '2011-05-07 08:35:11', 'Good job :)', 0, 0),
(227, 16638707, 129, 47, '2011-05-07 14:30:20', 'che khabare inja baba. ye proje bood faghat. hala hala ma inja kar darim :p', 0, 0),
(228, 16649521, 237, 47, '2011-05-08 05:38:55', 'shirin jun in ke gofti yani chi?!', 0, 0),
(229, 16477805, 222, 49, '2011-04-29 20:47:05', 'nazdike khonatoon pub nist?', 0, 0),
(230, 16483675, 226, 49, '2011-04-30 05:37:25', 'Shirin joonam ham piyaleh nemikhay, gilasesham emrooz narges joon zahmat keshidan kharidan, amadegiyeh kamel darim.;)', 0, 0),
(231, 16487748, 316, 49, '2011-04-30 12:02:16', 'یدونه خداااشو داریم، پایه باش بیا با هم بزنیم که من هم لنگم :)', 0, 0),
(232, 16490794, 129, 49, '2011-04-30 15:08:31', 'haha', 0, 0),
(233, 16455618, 229, 50, '2011-04-28 21:34:51', 'chi khab didi?', 0, 0),
(234, 16456175, 216, 50, '2011-04-28 22:03:18', 'Rastesho begoo chi khab mibini?', 0, 0),
(235, 16456203, 229, 50, '2011-04-28 22:04:39', 'khab dide man khabidam', 1, 1),
(236, 16459171, 222, 50, '2011-04-29 00:31:58', 'شیرین جان من هم تازگیها خوابهام خیلی‌ زنده هستند..و خیلی‌ هم ناراحت کننده...امیدوارم خواب‌های شما اینجوری نباشه', 0, 0),
(237, 16461462, 156, 50, '2011-04-29 04:12:01', 'خوابهای منم اینجوری شده. امیدوارم مال تو خوش باشه. ممنونم بابت کامنت وبلاگ', 0, 0),
(238, 16468578, 229, 50, '2011-04-29 12:10:37', 'man ke migam male bahare', 0, 0),
(239, 16474416, 129, 50, '2011-04-29 16:59:04', 'pas hame injoori shodan!', 0, 0),
(240, 16330640, 158, 51, '2011-04-23 00:39:18', 'TV said you''re not even supposed to go outside b/c it''s dangerous.', 2, 1),
(241, 16336268, 210, 51, '2011-04-23 11:33:16', 'یعنی تا اون موقع توی یونی بودی؟\nشیریییییییییییییین!!!', 0, 0),
(242, 16339244, 129, 51, '2011-04-23 14:32:15', 'آره پگاه جان، پس برای چی می گم به استراحت احتیاج دارم!', 1, 0),
(243, 16339275, 129, 51, '2011-04-23 14:33:52', 'The conclusion: catching cold: fever and sore throat!', 0, 0),
(244, 16339552, 210, 51, '2011-04-23 14:49:34', ':(', 0, 0),
(245, 16339598, 210, 51, '2011-04-23 14:51:39', 'چرا اینجوری میکنن با شما ها! استادت مسئول مریضیته! آخه تو چه گناهی داری...', 1, 1),
(246, 16341261, 158, 51, '2011-04-23 16:25:04', 'Best thing for cold is tea with lemon and honey. Tested on like dozens of graduate students by me personallhy.', 1, 1),
(247, 16350441, 156, 51, '2011-04-24 06:02:54', ':(  oh my God!', 0, 0),
(248, 16309461, 219, 52, '2011-04-21 20:11:42', 'Facebook at your service.', 3, 1),
(249, 16310518, 158, 52, '2011-04-21 21:27:03', 'in a couple of weeks there will be one less thing.... just a couple of weeks', 1, 1),
(250, 16310565, 226, 52, '2011-04-21 21:30:21', 'ey jan, easter dar raheh, mituni toop esterahat koni shirin joonam.', 0, 0),
(251, 16310655, 129, 52, '2011-04-21 21:36:36', 'Elnaz jan aslan harfesho nazan ;)', 0, 0),
(252, 16310661, 226, 52, '2011-04-21 21:36:57', 'chera?', 0, 0),
(253, 16310669, 129, 52, '2011-04-21 21:37:23', 'Akhare Terme o ina ;)', 0, 0),
(254, 16310682, 226, 52, '2011-04-21 21:38:30', 'albateh manam koli kar rikhteh saram be jayeh eshgho hal daram midarsam, ma inja ham vel nemikonim adatayeh iranemun ro, adam bayad rooz tatil hal koneh, ma darim midarsim!!kerm az khode derakhteh!', 0, 0),
(255, 16310693, 226, 52, '2011-04-21 21:39:07', 'uhum, ma inja az in moshkela nadarim, research motlagheh! vaghtemun dasteh khodemuneh, fek konam maziyatiyeh bara khodesh!', 1, 1),
(256, 16311530, 235, 52, '2011-04-21 22:32:06', 'daste rastet azizam rooooie sare mannnnnnn', 0, 0),
(257, 16311633, 217, 52, '2011-04-21 22:38:48', 'be ghole Azade Sanjari khiliii zood goozaasht ke!!!!!!lol', 2, 1),
(258, 16314532, 156, 52, '2011-04-22 03:08:57', 'بیا ماساژت بدم خستگیت در بره', 1, 1),
(259, 16314636, 254, 52, '2011-04-22 03:22:56', 'in niz bogzarad shirin joon:)', 1, 1),
(260, 16319913, 129, 52, '2011-04-22 11:48:53', 'khastegim dar raft :) mamnoon az hame vaghean :*', 0, 0),
(261, 16320292, 261, 52, '2011-04-22 12:10:16', 'va ma kami hayejan!!', 0, 0),
(262, 16333877, 307, 52, '2011-04-23 08:00:14', 'me too....', 1, 1),
(263, 16333957, 307, 52, '2011-04-23 08:05:27', 'me too', 0, 0),
(264, 16334408, 205, 52, '2011-04-23 08:49:50', 'man shirin joon jat esterahat mikonam to be darsat beres!', 1, 1),
(265, 16164604, 217, 53, '2011-04-14 19:58:40', 'tomorrow is gonna be a kabab party!lol dont worry!:)', 1, 1),
(266, 16176412, 129, 53, '2011-04-15 11:04:44', 'Arina, now what should I say? Even Kabab part was canceled!', 0, 0),
(267, 16176465, 217, 53, '2011-04-15 11:07:20', 'awwww...i know..:(  iam sorry but that was not my fault..:(((((((', 0, 0),
(268, 16179147, 129, 53, '2011-04-15 13:31:03', 'Na Azizam, maloome ke taghsire shoma nist!! Baroon miyad dige. Hala 3 mah tabestoon ro dar entezar darim ;)', 0, 0),
(269, 15724854, 210, 54, '2011-03-25 00:49:57', 'http://www.bbc.co.uk/persian/arts/2011/03/110324_l11_cinema_ekhrajiha_dehnamaki.shtml', 0, 0),
(270, 15725509, 217, 54, '2011-03-25 01:49:26', 'kaashki mishod e jori jodaiyea nader az simin ro mididim...:(khiliii delam mikhaad bebinam', 0, 0),
(271, 15727242, 311, 54, '2011-03-25 05:35:55', 'این فیلم حتی ارزش خندیدن هم نداره.کسی که دغدغه اصلی مردم ایران را به باد تمسخر میگیره ایرانی نیست.واقعاً متاسفم که بودجه مملکت خرج چنین فیلم های بی محتوایی میشه!!!!', 0, 0),
(272, 15728902, 228, 54, '2011-03-25 08:23:43', 'vaghti Dehnamakie chagho kesh va chomagh be dast beshe masalan kargardan !!!!!!!', 0, 0),
(273, 15630256, 182, 55, '2011-03-20 19:33:55', 'سال نو شما هم مبارک. کاش راه ها نزدیک تر بود البته.', 1, 1),
(274, 15630707, 199, 55, '2011-03-20 20:06:21', 'شیرین جون برای تو و مجید عزیز بهترین‌ها رو آرزو می‌کنم :* سالی خوش و موفق در پیش داشته باشی عزیزم :*', 1, 1),
(275, 15630767, 301, 55, '2011-03-20 20:10:31', 'sale noe to ham mobarak bashe shirin jan khosh bashi hamishe!', 1, 1),
(276, 15630797, 217, 55, '2011-03-20 20:12:40', 'omidvaraam sale khiliii khobio ameyea ma iraniyaa dar bloomington, dar kenare haam daashte baashim...:))))SALE NO MOBAAARAAK', 2, 1),
(277, 15631754, 222, 55, '2011-03-20 21:16:44', 'سال نو شما هم مبارک...برایت سالی‌ پر از شادی آرزو دارم', 1, 1),
(278, 15648450, 234, 55, '2011-03-21 17:52:38', 'sale no mobarak shirin joon :*', 1, 1),
(279, 15370121, 199, 56, '2011-03-08 00:59:46', 'روزت مبارک شیرین جون :*', 1, 1),
(280, 15370440, 222, 56, '2011-03-08 01:29:28', 'Good onya', 1, 1),
(281, 15370451, 222, 56, '2011-03-08 01:30:32', 'Baraye ghaliztar kardane lahjash :Good onya MATE! :D:D:D', 0, 0),
(282, 15374154, 137, 56, '2011-03-08 08:19:47', 'Me 2, I am glad u r a woman!', 1, 1),
(283, 15309371, 228, 57, '2011-03-04 20:11:22', 'Baba mage unja ghassabi rah andakhtand!!', 1, 0),
(284, 15313154, 293, 57, '2011-03-05 01:47:34', ':(', 0, 0),
(285, 15170525, 222, 58, '2011-02-26 02:35:33', 'akhey :(', 0, 0),
(286, 15173310, 229, 58, '2011-02-26 08:38:08', 'az bas ke akhbar mikhooni!', 1, 1),
(287, 15026046, 129, 60, '2011-02-18 21:07:41', 'Why I broadcast it when I want to forget it? It''s amazing!!!', 0, 0),
(288, 15026197, 222, 60, '2011-02-18 21:18:14', 'ishalla farda rooze behtari basheh, behesh fekr nakon...bazi vaght ha injori mishe dige', 1, 1),
(289, 15028439, 210, 60, '2011-02-19 00:07:38', 'چرا شیرین جان؟', 0, 0),
(290, 15031682, 307, 60, '2011-02-19 07:18:41', 'this too shall pass ....dont worry my dear...', 1, 1),
(291, 15033995, 129, 60, '2011-02-19 10:42:50', '@Pegah: dige gozashte ha ghozashte ;) mersi Pegah :)', 0, 0),
(292, 2231930, 281, 61, '2011-02-14 20:16:46', 'lol', 0, 0),
(293, 2234712, 229, 61, '2011-02-15 06:46:25', 'I don''t like this language :(', 2, 1),
(294, 1050835, 226, 62, '2011-02-02 19:09:36', 'is it windy there? maybe that''s the reason, because i had the same problem first i arrived here, it was windy all the day and i had headache all the day!', 0, 0),
(295, 1051026, 129, 62, '2011-02-02 19:46:51', 'There is wind but I''m at my office all the time!', 0, 0),
(296, 1051039, 226, 62, '2011-02-02 19:49:34', 'then that''s the reason u r always in a fixed place without fresh air! :-/', 1, 1),
(297, 1051462, 137, 62, '2011-02-02 20:56:28', 'Quite obvious. Bkz u don''t eat enough eggs & chickens.', 3, 1),
(298, 1051908, 228, 62, '2011-02-02 22:12:14', 'Definitely, I agree with Daei Homayoun.:)', 1, 1),
(299, 1053719, 229, 62, '2011-02-03 06:13:04', 'where did you arrive recently?', 0, 0),
(300, 2431825, 196, 64, '2011-01-21 11:07:39', 'hamine sarde pas : D man mkikhastam naiam vali power am office e', 0, 0),
(301, 2431959, 301, 64, '2011-01-21 11:27:21', ':D dont worry it was -28 here and i survived !', 1, 1),
(302, 2431987, 234, 64, '2011-01-21 11:31:01', 'hehe, here is +1 C ! the world is upside down ;)\nbtw,  don''t worry dears you will survive :D', 1, 1),
(303, 2432279, 196, 64, '2011-01-21 12:16:18', 'fateme delet miad mikhandee : )))', 1, 1),
(304, 2432305, 234, 64, '2011-01-21 12:19:48', 'sharmande, vali hagh bede behem dige, hamishe in mogheEyata pish nemiad! :P ;)', 0, 0),
(305, 2434986, 145, 64, '2011-01-21 18:44:54', 'oh no!!! well, it was -25C in Boston last year and I survived :)', 1, 1),
(306, 2360877, 235, 65, '2011-01-16 20:03:50', 'vai vai aroooosss, chi vashode????\nI wish I was there', 0, 0),
(307, 2360983, 222, 65, '2011-01-16 20:21:23', ':(', 0, 0),
(308, 2361198, 222, 65, '2011-01-16 20:52:27', 'shirin jan hasti online?', 0, 0),
(309, 2361495, 216, 65, '2011-01-16 21:43:09', 'Mine is Sprint, I don''t think it''ll work for you.', 0, 0),
(310, 2365652, 129, 65, '2011-01-17 12:45:36', 'Thanks all. I bought another cellphone!', 1, 0),
(311, 1612686, 264, 66, '2011-01-13 12:12:19', ';)\nI hate the sum of every two things!', 0, 0),
(312, 2427929, 229, 68, '2011-01-10 18:01:49', 'how many?', 0, 0),
(313, 2429400, 222, 68, '2011-01-10 22:17:39', 'well done', 0, 0),
(314, 2431015, 234, 68, '2011-01-11 04:46:30', 'new life, new skills ;)', 0, 0),
(315, 2431570, 146, 68, '2011-01-11 07:34:22', ';)', 0, 0),
(316, 2444227, 264, 68, '2011-01-12 21:43:19', ';)', 0, 0),
(317, 2123501, 221, 70, '2010-12-23 20:25:02', 'what about new friends?;)', 1, 1),
(318, 2124108, 129, 70, '2010-12-23 22:17:05', 'haha ;)', 0, 0),
(319, 2264093, 217, 73, '2010-12-16 19:15:03', 'man cheghaadr khoshbaakhtaaam!:))', 1, 1),
(320, 2264096, 222, 73, '2010-12-16 19:15:15', 'u cheghadr khoshbakhti?', 0, 0),
(321, 2068627, 316, 75, '2010-12-06 12:27:18', 'WoW\nخوش خودمون.\nتا حالا که هنوز سرد هم نشده!!', 0, 0),
(322, 2068677, 129, 75, '2010-12-06 12:33:03', 'I wish I could stay at home today!', 0, 0),
(323, 2068690, 316, 75, '2010-12-06 12:34:57', 'بابا بیخیال، برو برف بازی کن تو راه مدرسه تون;)', 0, 0),
(324, 2069022, 234, 75, '2010-12-06 13:22:55', 'وضع شما كه از ما هم خراب تر شده، مي خواي يه كم گرما بفرستم خدمتتون؟ زيادي داريما تعارف نكني يه وقت \n:P', 1, 1),
(325, 2069101, 261, 75, '2010-12-06 13:37:07', 'sarmaye canada va barfasho gereftida!!!!!!', 0, 0),
(326, 2070941, 222, 75, '2010-12-06 18:47:45', 'akhey...Shirin jan hesabi movazebe khodetoon bashid azizam....', 1, 1),
(327, 2071510, 261, 75, '2010-12-06 20:45:34', 'vay man harfamo pas gereftam, :))', 0, 0),
(328, 773634, 222, 76, '2010-12-01 22:29:34', 'roozegar e gharibist nazanin', 0, 0),
(329, 960816, 129, 77, '2010-11-17 11:35:47', 'بالاخره یک خبر خوب از این میهن رسید!!', 3, 0),
(330, 962209, 229, 77, '2010-11-17 15:03:06', 'che reshte ee?', 1, 1),
(331, 102576, 222, 78, '2010-11-07 20:46:43', 'با اینا زمستون  سر می‌کنم..با اینا خستگیم  در می‌کنم', 1, 0),
(332, 106910, 205, 78, '2010-11-08 12:21:10', 'دلت گرم باشه مادر.', 0, 0),
(333, 764745, 222, 79, '2010-10-26 01:07:48', 'Akhey....che bad...akharin emtehane omram ro ke dadam yadam nemire....hamash vase khodam tekrar mikardam in akharin emtehan va shabe emtehaniye ke to omram khaham dasht :)\n\nshirin jan age in akharin emtehane omrete..sai kon hesai to zehnet be khater besparish\n\nany way...all of the best for your exam', 0, 0),
(334, 764766, 129, 79, '2010-10-26 01:12:09', 'آخریش فکر نکنم باشه', 0, 0),
(335, 765193, 221, 79, '2010-10-26 02:46:45', 'شب زنده داریو و تصمیم کبری که برای دفعه بعد دیگه نذارم این جوری بشه ...سال های آینده این لحظات به خاطرات شیرین(ایهام داره!) تبدیل می شه ... موفق باشی', 0, 0),
(336, 767104, 229, 79, '2010-10-26 09:41:03', 'dehaaaaa....in che zendegie akhe? key dast az saremoon var midaran pas?', 0, 0),
(337, 772995, 222, 79, '2010-10-27 00:19:28', 'Shirin gol emtehanet ro dadi ? nafas rahate ro keshidi ya hanooz?', 0, 0),
(338, 775369, 251, 79, '2010-10-27 09:40:45', 'oonam shabe emtehanaye to ... ! kaboooose vagheiiiiii :D', 0, 0),
(339, 775370, 251, 79, '2010-10-27 09:40:52', 'oonam shabe emtehanaye to ... ! kaboooose vagheiiiiii :D', 0, 0),
(340, 778336, 129, 79, '2010-10-27 16:45:14', '@Narges, are dadam. vali rahat nashodam ;)\n@Malihe Arefi: Malihe, mage man che joori boodam? kheili azabet dadam engar!! ;D', 0, 0),
(341, 779075, 221, 79, '2010-10-27 18:30:34', 'نه منظورم این بود وقتی برای یه امتحانی نمی خونه به خودش قول می ده که دیگه نذاره به شب امتحان بکشه... البته می دونم که خیلی برای امتحان خونده بودی\n;)', 0, 0),
(342, 779708, 129, 79, '2010-10-27 20:01:42', 'Malihe jan mesle inke ghati shod, akhe man javabe Malihe Arefi ro dade boodam!! ;P', 0, 0),
(343, 780370, 221, 79, '2010-10-27 21:47:19', ':))) che ba maze shod!!', 0, 0),
(344, 237275, 235, 80, '2010-10-11 23:30:48', 'khoda ra shokr azizammmmmmm', 0, 0),
(345, 1175990, 222, 81, '2010-10-10 21:59:11', 'same here :D', 0, 0),
(346, 1176448, 221, 81, '2010-10-10 23:38:41', 'me too but be sure it pass ... :P', 1, 1),
(347, 1176875, 317, 81, '2010-10-11 01:23:48', ':(', 0, 0),
(348, 1177093, 290, 81, '2010-10-11 02:36:33', 'why?', 0, 0),
(349, 1177190, 293, 81, '2010-10-11 03:00:00', ':*', 0, 0),
(350, 1178661, 129, 81, '2010-10-11 09:52:25', 'I should learn to be patient.', 0, 0),
(351, 1510421, 222, 82, '2010-09-01 00:25:56', 'azizam...take a deep breath..relax...there''s nothing to worry abt...everything will b fine ', 0, 0),
(352, 1511108, 235, 82, '2010-09-01 03:01:12', 'chi shode azizam?\n', 0, 0),
(353, 1511628, 146, 82, '2010-09-01 05:16:10', ':( \nchi shude?', 0, 0),
(354, 1513898, 129, 82, '2010-09-01 11:29:14', 'Thanks for all asking what have happened. But it is not very important. Perhaps I''m home sick!', 0, 0),
(355, 1402817, 235, 83, '2010-08-29 00:14:33', 'akhjooooon', 0, 0),
(356, 1403781, 221, 83, '2010-08-29 03:35:58', 'AFARINNNNNNNNN, ie soaal.....bad khodet az gholaab jodash kardi?:D', 0, 0),
(357, 1404209, 270, 83, '2010-08-29 05:32:28', 'بخورش نوش جونت ', 0, 0),
(358, 1405360, 261, 83, '2010-08-29 09:57:16', 'eival,cheghadri bood hala?', 0, 0),
(359, 1409345, 222, 83, '2010-08-29 21:05:22', 'well done ', 0, 0),
(360, 1410240, 129, 83, '2010-08-29 23:29:22', '@Malihe: na Majid va doostemun az gholab jodash kardan :P\n@Saeedeh: gharare nahare fardam bashe :))\n@Ameneh: 30 cm :)\n@Hoda and Narges: Thanks!', 0, 0),
(361, 1414450, 146, 83, '2010-08-30 13:21:59', ':)', 0, 0),
(362, 467437, 222, 84, '2010-08-01 21:45:10', 'Oh :(', 0, 0),
(363, 470616, 192, 84, '2010-08-02 10:21:59', 'that''s why you need SVN or Git repo. Sorry to hear that.', 0, 0),
(364, 472685, 184, 84, '2010-08-02 16:44:10', 'I have an excellent tool if you need', 0, 0),
(365, 473144, 129, 84, '2010-08-02 17:59:43', 'I have stored them on silo which is a temporary sever and I didn''t know that if I don''t use files for a month, they will be deleted automatically. Admin said there is no back up for the files in this server!! So I should start from the first and scratch. :(', 0, 0),
(366, 474433, 235, 84, '2010-08-02 22:15:04', 'ishala azizam,, u cannn', 0, 0),
(367, 417760, 227, 85, '2010-07-25 12:56:48', 'chi shude :(', 0, 0),
(368, 417977, 272, 85, '2010-07-25 13:32:11', 'negaran shodam, shirin jun. inshalah ke zud khub beshi. ', 0, 0),
(369, 419015, 129, 85, '2010-07-25 16:50:24', 'Nothing, I have a backache because of spasm. It hurts! Thanks dears.', 0, 0),
(370, 420082, 222, 85, '2010-07-25 20:36:33', 'Shirin jan nabinam dard biyad soraghet...azizam bishtar be khodet beres', 0, 0),
(371, 436014, 243, 85, '2010-07-27 23:21:30', 'eshala zodtar khoob beshi dostamm :(', 0, 0),
(372, 193344, 309, 86, '2010-06-13 03:51:48', 'dokhtar amoo jon chetorid?bikhabarim azaton .che khabaraaa?khobo khosho movafagh bashi shirin jon', 0, 0),
(373, 196513, 129, 86, '2010-06-13 14:26:42', 'سلام شادی جان\nمن خوبم. مشغول ریسرچ! شما چکار می کنی؟ کار و بار رو به راهه؟ منم ازت بی خبرم. الان کار می کنی؟ شیدا جان چطوره؟ ', 0, 0),
(374, 207894, 309, 86, '2010-06-15 00:21:38', 'salam khanomii ,bale sare karim har 2 ,onam khobe salam miresone .iran nemiyay?delemon barat tang shode .ma ke sobh be sobh mirim sare karo roza tekrari. be omide didarrr, take care ..', 0, 0),
(375, 208575, 226, 86, '2010-06-15 03:15:54', 'javab refer to ur message!', 0, 0),
(376, 210569, 129, 86, '2010-06-15 10:33:55', 'Shadi jan, inja ham rooza tekrari hast!!', 0, 0),
(377, 680502, 272, 88, '2010-06-08 19:17:34', 'movafagh bashi azizam. ishala ke har kari ke mikoni natijeye khoshayandi dashte bashe, ta bad az etmame kar va didane natijash khastegit az tanet kharej beshe. :)', 0, 0),
(378, 681649, 235, 88, '2010-06-08 22:50:27', 'khaste nabashi khanoom talaaaaa', 0, 0),
(379, 684428, 261, 88, '2010-06-09 08:51:30', 'خسته و يه عالمه كار بهتر از بيكاري و خواب:)', 0, 0),
(380, 687793, 129, 88, '2010-06-09 16:53:59', 'Mamnoon Zeynab jan, nemiduni dishab ke didam ino baram neveshti ye alame rouhiyam behtar shod. Vaghean rast migi. Omidvaram natijeh bede. \nMamnoon Ameneh jan, kamelan movafegham. injoorisho bishtar tarjih midam.', 0, 0),
(381, 707157, 138, 88, '2010-06-11 23:42:49', 'salam jigar talaha  ashegh khodeton o khastegi o karetonam hezar ta boss roye lop har doton', 0, 0),
(382, 535416, 232, 89, '2010-05-15 12:06:38', 'HP :P', 0, 0),
(383, 535485, 222, 89, '2010-05-15 12:18:12', 'apple', 0, 0),
(384, 535656, 129, 89, '2010-05-15 12:48:37', 'What about mac?', 0, 0),
(385, 535746, 222, 89, '2010-05-15 13:04:37', 'mac? \n', 0, 0),
(386, 535756, 222, 89, '2010-05-15 13:05:40', 'i think by mac u mean the samething as "apple"', 0, 0),
(387, 535848, 129, 89, '2010-05-15 13:25:26', 'Thanks for your comparison Narges :)  I should have said "why mac?" Do you have one?', 0, 0),
(388, 535896, 222, 89, '2010-05-15 13:34:41', 'no i dont have but its the best, age pooldar shodam yeki mikharam', 0, 0),
(389, 536118, 229, 89, '2010-05-15 14:17:53', 'lenova or mac', 0, 0),
(390, 538386, 129, 89, '2010-05-15 22:20:07', 'Thanks everyone :)', 0, 0),
(391, 613725, 272, 90, '2010-05-10 22:02:55', 'good luck :)', 0, 0),
(392, 481107, 258, 91, '2010-05-07 11:43:46', 'mobarake :*', 0, 0),
(393, 481378, 222, 91, '2010-05-07 12:29:41', 'Congrates dear', 0, 0),
(394, 481462, 305, 91, '2010-05-07 12:44:26', 'shirin jon be salamati enshalah ke dar tamame marahel movafagh bashi.', 0, 0),
(395, 481619, 235, 91, '2010-05-07 13:10:10', 'tabrik azizam', 0, 0),
(396, 482752, 234, 91, '2010-05-07 15:50:22', 'sad afarin :D', 0, 0),
(397, 482896, 229, 91, '2010-05-07 16:10:27', 'che zood?!', 0, 0),
(398, 485332, 129, 91, '2010-05-07 23:30:17', 'mamnoon Neda jan, Narges jan, Golnaz khanoom va Hoda joonam. \nMarjan zadi too khal, jat khali ye aalam khabidam. ye maratooni bood in mahe akhara. \nFateme jan, chera sad ta, bayad begi Hezar afarin!\nAdood, baba chi che zood. Etefaghan kheili tooool keshid. kheili toolani bood.\nShabnam jan, shoma lotf dari, ishala sale dige hamin moghe man be shoma tabrik begam. :)', 0, 0),
(399, 487170, 146, 91, '2010-05-08 07:14:16', 'mobarak bashe khahare azizam :)', 0, 0),
(400, 498093, 129, 91, '2010-05-09 18:09:53', 'Mersi Farhad khan. :)', 0, 0),
(401, 11492205, 235, 93, '2010-02-24 19:25:00', 'haniooooz maelom nist Ta dishab ke "Mohammad HADI Deldar "', 0, 0),
(402, 11492638, 235, 93, '2010-02-24 19:38:49', 'hahahahahahaha', 0, 0),
(403, 11495578, 129, 93, '2010-02-24 20:56:09', 'Ta oon moghe ishala dige gir nemidan. Faghat be in khater ke esme bache ro avaz nemikonan ;)', 0, 0),
(404, 11509475, 222, 93, '2010-02-25 04:38:11', 'ishala khabare maman shodaneto inja  bezari :DDD', 0, 0),
(405, 11516930, 235, 93, '2010-02-25 08:48:23', 'Eshgham  Think POSSETIVE!!!!', 0, 0),
(406, 11155986, 222, 94, '2010-02-07 14:13:32', 'wow, congrats\nbtw, how much? (cheshmak)', 0, 0),
(407, 11171471, 235, 94, '2010-02-07 21:40:32', 'wowwwwwwwwwwwwwwwww azizammmmmm\ntabrikkk tabriikkkkk ,,, arezoie behtarinha baraie uuuuuuu!!!!', 0, 0),
(408, 11205205, 129, 94, '2010-02-08 16:25:24', 'Thanks Narges and Hoda :X\n@Narges: The top graduate student poster will receive a full scholarship to attend the 2010 Grace Hopper Celebration of Women in Computing in Atlanta, GA next fall.', 0, 0),
(409, 11284039, 129, 94, '2010-02-10 14:04:55', 'Mersiiiiii Marjan, Vali hala hamchin eftekharam nist.', 0, 0),
(410, 11433619, 290, 94, '2010-02-14 00:37:37', 'مبارکا باشه شيرين خانم، بهترين از اينا رو ببری', 0, 0),
(411, 8787817, 129, 95, '2009-12-27 15:32:27', 'دیگه تحمل ندارم', 0, 0),
(412, 8813231, 222, 95, '2009-12-28 08:51:22', 'azizam shirin jan , halet khoobe? ostadat aziyat mikonan ya akhbare iran baes shode injoori beshi? azizam take it easy', 0, 0),
(413, 8813348, 229, 95, '2009-12-28 08:56:35', 'What''s up darling? Tell me', 0, 0),
(414, 8817494, 129, 95, '2009-12-28 11:09:48', 'Just Iran!', 0, 0),
(415, 5846730, 445, 97, '2013-02-20 12:41:40', 'thats true', 1, 1),
(416, 10466956, 506, 100, '2010-01-28 20:26:18', '哈 怎么了你\n', 0, 0),
(417, 10467175, 438, 100, '2010-01-28 20:32:12', '没事啊，就是烦呀', 0, 0),
(418, 10469303, 506, 100, '2010-01-28 21:23:23', '恩恩 一样 理解啊', 0, 0);

-- --------------------------------------------------------

--
-- Table structure for table `user_status_likes`
--

CREATE TABLE IF NOT EXISTS `user_status_likes` (
  `like_id` int(9) unsigned NOT NULL AUTO_INCREMENT,
  `user_id` int(9) unsigned NOT NULL,
  `status_id` int(9) unsigned NOT NULL,
  PRIMARY KEY (`like_id`),
  KEY `user_id` (`user_id`,`status_id`),
  KEY `status_id` (`status_id`)
) ENGINE=InnoDB  DEFAULT CHARSET=utf8 AUTO_INCREMENT=352 ;

--
-- Dumping data for table `user_status_likes`
--

INSERT INTO `user_status_likes` (`like_id`, `user_id`, `status_id`) VALUES
(348, 129, 93),
(193, 131, 38),
(2, 132, 6),
(20, 132, 8),
(37, 132, 9),
(97, 132, 21),
(51, 137, 11),
(215, 140, 47),
(43, 141, 10),
(76, 141, 13),
(33, 142, 8),
(10, 146, 7),
(52, 146, 11),
(91, 146, 19),
(98, 146, 21),
(135, 146, 30),
(200, 146, 41),
(217, 146, 47),
(250, 146, 55),
(273, 146, 59),
(285, 146, 64),
(289, 146, 67),
(291, 146, 68),
(293, 146, 70),
(298, 146, 71),
(300, 146, 72),
(302, 146, 73),
(310, 146, 75),
(319, 146, 77),
(321, 146, 78),
(325, 146, 79),
(333, 146, 83),
(339, 146, 91),
(70, 147, 11),
(69, 148, 11),
(152, 152, 33),
(206, 152, 45),
(158, 157, 33),
(179, 157, 36),
(74, 158, 11),
(147, 158, 32),
(163, 158, 33),
(110, 160, 21),
(150, 165, 33),
(226, 165, 48),
(145, 166, 32),
(160, 166, 33),
(243, 166, 53),
(64, 168, 11),
(71, 180, 11),
(271, 180, 56),
(72, 182, 11),
(66, 183, 11),
(67, 184, 11),
(120, 184, 21),
(68, 186, 11),
(31, 187, 8),
(53, 187, 11),
(181, 187, 36),
(59, 188, 11),
(162, 190, 33),
(73, 191, 11),
(312, 191, 75),
(153, 192, 33),
(170, 192, 36),
(157, 193, 33),
(172, 193, 36),
(65, 194, 11),
(155, 194, 33),
(178, 194, 36),
(62, 196, 11),
(167, 196, 33),
(219, 196, 47),
(58, 199, 11),
(126, 199, 25),
(143, 199, 32),
(164, 199, 33),
(191, 199, 38),
(218, 199, 47),
(241, 199, 52),
(259, 199, 55),
(268, 199, 56),
(282, 199, 61),
(286, 199, 64),
(299, 199, 72),
(320, 199, 77),
(323, 199, 78),
(329, 199, 80),
(24, 201, 8),
(39, 201, 9),
(47, 201, 10),
(111, 201, 21),
(41, 205, 10),
(122, 205, 23),
(192, 205, 38),
(14, 209, 8),
(134, 209, 30),
(6, 210, 7),
(30, 210, 8),
(42, 210, 10),
(50, 210, 11),
(80, 210, 14),
(118, 210, 21),
(207, 210, 45),
(234, 210, 49),
(240, 210, 52),
(249, 210, 54),
(260, 210, 55),
(263, 210, 56),
(279, 210, 61),
(284, 210, 64),
(288, 210, 67),
(294, 210, 70),
(306, 210, 73),
(318, 210, 77),
(61, 211, 11),
(185, 211, 37),
(3, 216, 6),
(8, 216, 7),
(40, 216, 9),
(49, 216, 10),
(55, 216, 11),
(78, 216, 13),
(87, 216, 15),
(90, 216, 16),
(95, 216, 20),
(124, 216, 23),
(131, 216, 29),
(186, 216, 37),
(199, 216, 39),
(208, 216, 45),
(212, 216, 47),
(242, 216, 52),
(244, 216, 53),
(255, 216, 55),
(265, 216, 56),
(274, 216, 59),
(287, 216, 64),
(296, 216, 70),
(220, 217, 47),
(223, 217, 48),
(247, 217, 54),
(257, 217, 55),
(264, 219, 56),
(281, 219, 61),
(326, 219, 79),
(26, 220, 8),
(211, 220, 47),
(63, 221, 11),
(92, 221, 19),
(105, 221, 21),
(128, 221, 28),
(130, 221, 29),
(165, 221, 33),
(169, 221, 35),
(176, 221, 36),
(202, 221, 43),
(254, 221, 55),
(272, 221, 57),
(290, 221, 67),
(307, 221, 73),
(317, 221, 77),
(322, 221, 78),
(330, 221, 80),
(29, 222, 8),
(75, 222, 13),
(84, 222, 14),
(85, 222, 15),
(88, 222, 16),
(93, 222, 20),
(114, 222, 21),
(125, 222, 25),
(127, 222, 27),
(132, 222, 29),
(133, 222, 30),
(154, 222, 33),
(183, 222, 36),
(188, 222, 37),
(204, 222, 44),
(225, 222, 48),
(248, 222, 54),
(256, 222, 55),
(275, 222, 59),
(283, 222, 63),
(295, 222, 70),
(308, 222, 73),
(315, 222, 77),
(324, 222, 78),
(332, 222, 80),
(344, 222, 92),
(350, 222, 95),
(104, 223, 21),
(15, 224, 8),
(25, 226, 8),
(81, 226, 14),
(136, 226, 30),
(231, 226, 49),
(270, 226, 56),
(334, 226, 83),
(56, 227, 11),
(347, 227, 93),
(96, 228, 20),
(107, 228, 21),
(203, 228, 44),
(227, 228, 48),
(280, 228, 61),
(343, 228, 91),
(342, 229, 91),
(345, 229, 93),
(54, 230, 11),
(46, 232, 10),
(82, 232, 14),
(113, 232, 21),
(151, 232, 33),
(292, 232, 68),
(32, 234, 8),
(79, 234, 13),
(137, 234, 30),
(177, 234, 36),
(209, 234, 47),
(251, 234, 55),
(266, 234, 56),
(297, 234, 71),
(304, 234, 73),
(57, 235, 11),
(341, 235, 91),
(346, 235, 93),
(144, 236, 32),
(277, 236, 59),
(38, 237, 9),
(60, 237, 11),
(77, 237, 13),
(83, 237, 14),
(86, 237, 15),
(89, 237, 16),
(102, 237, 21),
(123, 237, 23),
(129, 237, 29),
(142, 237, 32),
(166, 237, 33),
(221, 237, 48),
(103, 240, 21),
(216, 243, 47),
(232, 243, 49),
(18, 245, 8),
(44, 245, 10),
(109, 245, 21),
(253, 245, 55),
(100, 246, 21),
(146, 251, 32),
(175, 251, 36),
(197, 251, 39),
(21, 254, 8),
(148, 254, 32),
(168, 254, 33),
(180, 254, 36),
(27, 255, 8),
(119, 255, 21),
(141, 255, 32),
(99, 258, 21),
(34, 259, 8),
(94, 261, 20),
(106, 261, 21),
(174, 261, 36),
(194, 261, 38),
(229, 261, 48),
(236, 261, 49),
(239, 261, 52),
(246, 261, 54),
(252, 261, 55),
(316, 261, 77),
(331, 261, 80),
(313, 262, 77),
(16, 269, 8),
(108, 269, 21),
(35, 270, 8),
(335, 270, 83),
(36, 272, 8),
(156, 272, 33),
(182, 272, 36),
(187, 272, 37),
(196, 272, 38),
(235, 272, 49),
(278, 273, 59),
(28, 275, 8),
(269, 275, 56),
(305, 275, 73),
(261, 276, 55),
(309, 279, 75),
(337, 282, 83),
(117, 284, 21),
(161, 284, 33),
(171, 284, 36),
(214, 284, 47),
(5, 287, 7),
(12, 288, 8),
(4, 290, 7),
(23, 290, 8),
(138, 290, 32),
(173, 290, 36),
(205, 290, 44),
(210, 290, 47),
(238, 290, 51),
(301, 290, 73),
(314, 290, 77),
(327, 290, 80),
(336, 290, 83),
(340, 290, 91),
(349, 290, 95),
(7, 291, 7),
(9, 292, 7),
(45, 292, 10),
(195, 292, 38),
(11, 293, 7),
(22, 293, 8),
(139, 293, 32),
(201, 293, 41),
(213, 293, 47),
(224, 293, 48),
(233, 293, 49),
(237, 293, 50),
(267, 293, 56),
(276, 293, 59),
(13, 294, 8),
(140, 294, 32),
(17, 295, 8),
(19, 296, 8),
(189, 296, 38),
(48, 299, 10),
(149, 299, 33),
(101, 300, 21),
(112, 301, 21),
(159, 301, 33),
(258, 301, 55),
(115, 302, 21),
(116, 303, 21),
(121, 304, 21),
(338, 305, 86),
(184, 306, 37),
(190, 307, 38),
(228, 311, 48),
(245, 311, 54),
(198, 312, 39),
(222, 315, 48),
(230, 316, 49),
(262, 316, 56),
(303, 316, 73),
(311, 316, 75),
(328, 317, 80),
(351, 445, 97);

-- --------------------------------------------------------

--
-- Table structure for table `user_status_tags`
--

CREATE TABLE IF NOT EXISTS `user_status_tags` (
  `tag_id` int(9) unsigned NOT NULL AUTO_INCREMENT,
  `user_id` int(9) unsigned NOT NULL,
  `status_id` int(9) unsigned NOT NULL,
  PRIMARY KEY (`tag_id`),
  KEY `user_id` (`user_id`,`status_id`),
  KEY `user_id_2` (`user_id`),
  KEY `status_id` (`status_id`)
) ENGINE=InnoDB  DEFAULT CHARSET=utf8 AUTO_INCREMENT=5 ;

--
-- Dumping data for table `user_status_tags`
--

INSERT INTO `user_status_tags` (`tag_id`, `user_id`, `status_id`) VALUES
(4, 445, 97),
(3, 543, 97);

-- --------------------------------------------------------

--
-- Table structure for table `user_subscribers`
--

CREATE TABLE IF NOT EXISTS `user_subscribers` (
  `user_id` int(9) unsigned NOT NULL,
  `subscriber_id` int(9) unsigned NOT NULL,
  KEY `user_id` (`user_id`,`subscriber_id`),
  KEY `subscriber_id` (`subscriber_id`)
) ENGINE=InnoDB DEFAULT CHARSET=utf8;

--
-- Dumping data for table `user_subscribers`
--

INSERT INTO `user_subscribers` (`user_id`, `subscriber_id`) VALUES
(438, 564),
(438, 565),
(438, 566),
(567, 438),
(568, 438),
(569, 438);

-- --------------------------------------------------------

--
-- Table structure for table `user_work_history`
--

CREATE TABLE IF NOT EXISTS `user_work_history` (
  `user_id` int(9) unsigned NOT NULL,
  `employer` varchar(255) NOT NULL,
  `location` varchar(255) NOT NULL,
  `position` varchar(255) NOT NULL,
  `start_date` varchar(10) NOT NULL,
  `end_date` varchar(10) NOT NULL,
  KEY `user_id` (`user_id`)
) ENGINE=InnoDB DEFAULT CHARSET=utf8;

--
-- Dumping data for table `user_work_history`
--

INSERT INTO `user_work_history` (`user_id`, `employer`, `location`, `position`, `start_date`, `end_date`) VALUES
(438, 'Indiana University', 'Bloomington, Indiana', 'Research Assistant', '2013-01', '');

--
-- Constraints for dumped tables
--

--
-- Constraints for table `user_bio`
--
ALTER TABLE `user_bio`
  ADD CONSTRAINT `user_bio_ibfk_1` FOREIGN KEY (`user_id`) REFERENCES `users` (`id`) ON UPDATE CASCADE;

--
-- Constraints for table `user_education_history`
--
ALTER TABLE `user_education_history`
  ADD CONSTRAINT `user_education_history_ibfk_1` FOREIGN KEY (`user_id`) REFERENCES `users` (`id`) ON UPDATE CASCADE;

--
-- Constraints for table `user_family`
--
ALTER TABLE `user_family`
  ADD CONSTRAINT `user_family_ibfk_1` FOREIGN KEY (`user1_id`) REFERENCES `users` (`id`) ON UPDATE CASCADE,
  ADD CONSTRAINT `user_family_ibfk_2` FOREIGN KEY (`user2_id`) REFERENCES `users` (`id`) ON UPDATE CASCADE;

--
-- Constraints for table `user_friendlists`
--
ALTER TABLE `user_friendlists`
  ADD CONSTRAINT `user_friendlists_ibfk_1` FOREIGN KEY (`user_id`) REFERENCES `users` (`id`) ON UPDATE CASCADE;

--
-- Constraints for table `user_friendlist_members`
--
ALTER TABLE `user_friendlist_members`
  ADD CONSTRAINT `user_friendlist_members_ibfk_2` FOREIGN KEY (`member_id`) REFERENCES `users` (`id`) ON UPDATE CASCADE,
  ADD CONSTRAINT `user_friendlist_members_ibfk_1` FOREIGN KEY (`list_id`) REFERENCES `user_friendlists` (`list_id`) ON UPDATE CASCADE;

--
-- Constraints for table `user_likes`
--
ALTER TABLE `user_likes`
  ADD CONSTRAINT `user_likes_ibfk_1` FOREIGN KEY (`user_id`) REFERENCES `users` (`id`) ON UPDATE CASCADE;

--
-- Constraints for table `user_locations`
--
ALTER TABLE `user_locations`
  ADD CONSTRAINT `user_locations_ibfk_1` FOREIGN KEY (`user_id`) REFERENCES `users` (`id`) ON UPDATE CASCADE;

--
-- Constraints for table `user_photos`
--
ALTER TABLE `user_photos`
  ADD CONSTRAINT `user_photos_ibfk_1` FOREIGN KEY (`user_id`) REFERENCES `users` (`id`) ON UPDATE CASCADE;

--
-- Constraints for table `user_photo_comments`
--
ALTER TABLE `user_photo_comments`
  ADD CONSTRAINT `user_photo_comments_ibfk_1` FOREIGN KEY (`user_id`) REFERENCES `users` (`id`) ON UPDATE CASCADE,
  ADD CONSTRAINT `user_photo_comments_ibfk_2` FOREIGN KEY (`photo_id`) REFERENCES `user_photos` (`photo_id`) ON UPDATE CASCADE;

--
-- Constraints for table `user_photo_likes`
--
ALTER TABLE `user_photo_likes`
  ADD CONSTRAINT `user_photo_likes_ibfk_1` FOREIGN KEY (`user_id`) REFERENCES `users` (`id`) ON UPDATE CASCADE,
  ADD CONSTRAINT `user_photo_likes_ibfk_2` FOREIGN KEY (`photo_id`) REFERENCES `user_photos` (`photo_id`) ON UPDATE CASCADE;

--
-- Constraints for table `user_photo_tags`
--
ALTER TABLE `user_photo_tags`
  ADD CONSTRAINT `user_photo_tags_ibfk_1` FOREIGN KEY (`user_id`) REFERENCES `users` (`id`) ON UPDATE CASCADE,
  ADD CONSTRAINT `user_photo_tags_ibfk_2` FOREIGN KEY (`photo_id`) REFERENCES `user_photos` (`photo_id`) ON UPDATE CASCADE;

--
-- Constraints for table `user_posts`
--
ALTER TABLE `user_posts`
  ADD CONSTRAINT `user_posts_ibfk_1` FOREIGN KEY (`user_id`) REFERENCES `users` (`id`) ON UPDATE CASCADE;

--
-- Constraints for table `user_post_comments`
--
ALTER TABLE `user_post_comments`
  ADD CONSTRAINT `user_post_comments_ibfk_1` FOREIGN KEY (`user_id`) REFERENCES `users` (`id`) ON UPDATE CASCADE,
  ADD CONSTRAINT `user_post_comments_ibfk_2` FOREIGN KEY (`post_id`) REFERENCES `user_posts` (`post_id`) ON UPDATE CASCADE;

--
-- Constraints for table `user_post_likes`
--
ALTER TABLE `user_post_likes`
  ADD CONSTRAINT `user_post_likes_ibfk_1` FOREIGN KEY (`user_id`) REFERENCES `users` (`id`) ON UPDATE CASCADE,
  ADD CONSTRAINT `user_post_likes_ibfk_2` FOREIGN KEY (`post_id`) REFERENCES `user_posts` (`post_id`) ON UPDATE CASCADE;

--
-- Constraints for table `user_post_tags`
--
ALTER TABLE `user_post_tags`
  ADD CONSTRAINT `user_post_tags_ibfk_2` FOREIGN KEY (`post_id`) REFERENCES `user_posts` (`post_id`) ON UPDATE CASCADE,
  ADD CONSTRAINT `user_post_tags_ibfk_1` FOREIGN KEY (`user_id`) REFERENCES `users` (`id`) ON UPDATE CASCADE;

--
-- Constraints for table `user_statuses`
--
ALTER TABLE `user_statuses`
  ADD CONSTRAINT `user_statuses_ibfk_1` FOREIGN KEY (`user_id`) REFERENCES `users` (`id`) ON UPDATE CASCADE;

--
-- Constraints for table `user_status_comments`
--
ALTER TABLE `user_status_comments`
  ADD CONSTRAINT `user_status_comments_ibfk_1` FOREIGN KEY (`user_id`) REFERENCES `users` (`id`) ON UPDATE CASCADE,
  ADD CONSTRAINT `user_status_comments_ibfk_2` FOREIGN KEY (`status_id`) REFERENCES `user_statuses` (`status_id`) ON UPDATE CASCADE;

--
-- Constraints for table `user_status_likes`
--
ALTER TABLE `user_status_likes`
  ADD CONSTRAINT `user_status_likes_ibfk_1` FOREIGN KEY (`user_id`) REFERENCES `users` (`id`) ON UPDATE CASCADE,
  ADD CONSTRAINT `user_status_likes_ibfk_2` FOREIGN KEY (`status_id`) REFERENCES `user_statuses` (`status_id`) ON UPDATE CASCADE;

--
-- Constraints for table `user_status_tags`
--
ALTER TABLE `user_status_tags`
  ADD CONSTRAINT `user_status_tags_ibfk_1` FOREIGN KEY (`user_id`) REFERENCES `users` (`id`) ON UPDATE CASCADE,
  ADD CONSTRAINT `user_status_tags_ibfk_2` FOREIGN KEY (`status_id`) REFERENCES `user_statuses` (`status_id`) ON UPDATE CASCADE;

--
-- Constraints for table `user_subscribers`
--
ALTER TABLE `user_subscribers`
  ADD CONSTRAINT `user_subscribers_ibfk_2` FOREIGN KEY (`subscriber_id`) REFERENCES `users` (`id`) ON UPDATE CASCADE,
  ADD CONSTRAINT `user_subscribers_ibfk_1` FOREIGN KEY (`user_id`) REFERENCES `users` (`id`) ON UPDATE CASCADE;

--
-- Constraints for table `user_work_history`
--
ALTER TABLE `user_work_history`
  ADD CONSTRAINT `user_work_history_ibfk_1` FOREIGN KEY (`user_id`) REFERENCES `users` (`id`) ON UPDATE CASCADE;

/*!40101 SET CHARACTER_SET_CLIENT=@OLD_CHARACTER_SET_CLIENT */;
/*!40101 SET CHARACTER_SET_RESULTS=@OLD_CHARACTER_SET_RESULTS */;
/*!40101 SET COLLATION_CONNECTION=@OLD_COLLATION_CONNECTION */;
